日期/时间,开盘价,最高价,最低价,收盘价,成交量,成交额,结算/均价
2022-09-06 15:00,6770.00,6885.00,6738.00,6879.80,40847.00,33895,6865.80
2022-09-07 15:00,6851.00,6954.00,6851.00,6920.20,37445.00,27172,6917.80
2022-09-08 15:00,6921.40,6944.80,6864.00,6874.40,36622.00,24336,6875.60
2022-09-09 15:00,6893.00,6918.80,6836.20,6913.00,35762.00,31079,6910.20
2022-09-13 15:00,6935.20,6957.60,6872.00,6891.40,30839.00,26519,6888.00
2022-09-14 15:00,6810.00,6851.00,6784.80,6826.00,26703.00,27940,6822.40
2022-09-15 15:00,6855.40,6860.00,6524.40,6596.40,17024.00,29581,6575.40
2022-09-16 15:00,6500.00,6557.80,6369.20,6383.20,42941.00,42595,6397.00
2022-09-19 15:00,6373.00,6428.20,6257.00,6298.20,44209.00,41542,6298.20
2022-09-20 15:00,6361.00,6464.80,6343.00,6388.80,42171.00,37253,6372.20
2022-09-21 15:00,6368.00,6447.60,6303.00,6412.60,43368.00,39329,6424.40
2022-09-22 15:00,6373.40,6506.80,6368.00,6435.80,41743.00,40306,6438.40
2022-09-23 15:00,6437.00,6458.80,6246.00,6323.40,47752.00,55619,6333.40
2022-09-26 15:00,6288.00,6391.00,6251.20,6255.00,43783.00,41247,6273.80
2022-09-27 15:00,6289.00,6405.00,6270.80,6398.80,42452.00,41677,6377.40
2022-09-28 15:00,6380.20,6393.20,6201.20,6202.60,46383.00,48495,6240.20
2022-09-29 15:00,6275.00,6308.00,6180.20,6232.40,44324.00,44555,6215.00
2022-09-30 15:00,6242.00,6247.40,6098.20,6103.00,42279.00,42514,6122.40
2022-10-10 15:00,6121.60,6142.80,5941.40,5976.00,40822.00,35148,5978.00
2022-10-11 15:00,5990.00,6030.00,5935.00,5994.20,41560.00,35293,5996.60
2022-10-12 15:00,5985.60,6182.40,5895.20,6169.20,42940.00,51182,6135.00
2022-10-13 15:00,6147.60,6305.00,6142.20,6242.40,39171.00,39115,6245.00
2022-10-14 15:00,6300.00,6437.40,6273.20,6418.00,36866.00,39202,6411.00
2022-10-17 15:00,6400.00,6487.40,6396.80,6448.00,33532.00,31880,6466.60
2022-10-18 15:00,6466.00,6547.80,6432.40,6497.20,29775.00,30270,6491.40
2022-10-19 15:00,6477.00,6545.00,6452.40,6462.40,23707.00,29061,6470.80
2022-10-20 15:00,6435.20,6543.80,6328.60,6445.80,16423.00,28712,6443.40
2022-10-21 15:00,6376.00,6424.80,6315.00,6377.40,37244.00,36648,6368.60
2022-10-24 15:00,6370.00,6554.40,6267.00,6360.00,42297.00,52094,6332.20
2022-10-25 15:00,6340.00,6389.00,6212.40,6340.80,43255.00,51852,6342.40
2022-10-26 15:00,6348.20,6578.00,6336.20,6500.60,46450.00,59542,6476.20
2022-10-27 15:00,6534.20,6560.00,6453.00,6473.00,44611.00,42741,6484.80
2022-10-28 15:00,6426.20,6462.60,6202.00,6224.20,49201.00,51221,6250.80
2022-10-31 15:00,6203.00,6360.00,6185.40,6286.60,45610.00,48429,6274.20
2022-11-01 15:00,6317.00,6471.00,6271.40,6471.00,47333.00,50479,6429.80
2022-11-02 15:00,6459.00,6561.80,6447.00,6532.00,42370.00,35874,6528.80
2022-11-03 15:00,6493.00,6589.00,6493.00,6563.40,44664.00,33815,6567.20
2022-11-04 15:00,6588.00,6750.80,6564.20,6746.60,45654.00,43107,6731.20
2022-11-07 15:00,6731.40,6777.00,6661.00,6711.80,44441.00,37120,6717.00
2022-11-08 15:00,6045.40,6717.80,6045.40,6707.60,41036.00,28811,6688.40
2022-11-09 15:00,6700.40,6748.00,6660.00,6674.80,41426.00,29093,6683.20
2022-11-10 15:00,6638.00,6667.00,6584.00,6616.00,39501.00,33758,6619.20
2022-11-11 15:00,6800.00,6811.60,6641.80,6645.00,41806.00,45127,6685.80
2022-11-14 15:00,6668.00,6714.00,6565.60,6592.20,35029.00,36933,6588.00
2022-11-15 15:00,6595.00,6753.20,6582.60,6753.00,29552.00,33028,6738.00
2022-11-16 15:00,6747.80,6774.60,6691.60,6698.20,20940.00,23921,6702.00
2022-11-17 15:00,6682.40,6722.00,6634.00,6715.20,13082.00,20540,6691.20
2022-11-18 15:00,6700.60,6760.00,6631.40,6646.40,65843.00,41232,6664.40
2022-11-21 15:00,6606.20,6695.80,6581.20,6685.00,63153.00,39569,6685.40
2022-11-22 15:00,6674.00,6686.80,6514.40,6557.20,65524.00,51946,6545.60
2022-11-23 15:00,6563.00,6584.00,6422.20,6553.40,62214.00,49857,6546.60
2022-11-24 15:00,6570.00,6595.60,6520.40,6559.20,59758.00,38327,6564.60
2022-11-25 15:00,6545.20,6553.80,6485.80,6497.00,59535.00,35966,6501.80
2022-11-28 15:00,6424.20,6500.60,6371.40,6492.00,59330.00,42689,6480.80
2022-11-29 15:00,6502.00,6632.80,6501.00,6597.00,58558.00,41900,6598.80
2022-11-30 15:00,6600.20,6623.00,6555.40,6582.80,56213.00,31915,6572.60
2022-12-01 15:00,6656.00,6713.80,6637.80,6662.00,55105.00,34834,6673.00
2022-12-02 15:00,6662.20,6747.00,6651.20,6681.80,53280.00,30017,6690.40
2022-12-05 15:00,6729.00,6736.00,6673.00,6703.00,53712.00,34433,6696.00
2022-12-06 15:00,6690.20,6747.00,6657.00,6697.80,53057.00,35502,6687.20
2022-12-07 15:00,6689.80,6739.00,6671.60,6695.20,50646.00,31060,6689.60
2022-12-08 15:00,6701.40,6701.40,6633.80,6663.80,46919.00,29056,6652.80
2022-12-09 15:00,6666.00,6699.60,6613.20,6684.80,48640.00,34377,6677.40
2022-12-12 15:00,6678.00,6691.60,6614.00,6654.60,40334.00,36779,6665.80
2022-12-13 15:00,6659.80,6659.80,6590.60,6604.80,36462.00,27158,6604.40
2022-12-14 15:00,6615.00,6638.40,6551.40,6573.60,27501.00,30053,6565.40
2022-12-15 15:00,6564.80,6618.40,6547.60,6600.60,15696.00,23979,6602.60
2022-12-16 15:00,6549.40,6565.60,6478.20,6531.80,44714.00,30237,6509.40
2022-12-19 15:00,6524.00,6553.60,6377.20,6417.00,44445.00,31461,6398.40
2022-12-20 15:00,6403.00,6418.60,6337.60,6350.40,47112.00,31960,6356.60
2022-12-21 15:00,6356.00,6369.80,6248.80,6302.20,46197.00,30254,6292.20
2022-12-22 15:00,6327.80,6333.60,6171.20,6206.00,50546.00,32221,6200.40
2022-12-23 15:00,6182.00,6232.20,6130.40,6165.20,49302.00,34624,6153.20
2022-12-26 15:00,6172.20,6305.40,6170.20,6285.20,49953.00,33311,6288.00
2022-12-27 15:00,6305.00,6339.00,6265.40,6336.20,46652.00,26878,6329.60
2022-12-28 15:00,6310.00,6318.40,6263.80,6293.40,45214.00,22558,6282.80
2022-12-29 15:00,6279.80,6334.80,6260.80,6269.20,46782.00,27458,6280.80
2022-12-30 15:00,6290.20,6304.00,6261.00,6285.80,44071.00,21902,6282.80
2023-01-03 15:00,6280.00,6442.80,6276.00,6420.00,46448.00,29613,6426.00
2023-01-04 15:00,6420.00,6439.00,6375.00,6414.40,42870.00,22569,6405.60
2023-01-05 15:00,6433.80,6494.00,6408.20,6490.40,42369.00,24379,6483.80
2023-01-06 15:00,6487.20,6543.60,6478.20,6505.20,42744.00,23789,6498.20
2023-01-09 15:00,6518.20,6571.00,6513.00,6518.20,41037.00,21905,6528.60
2023-01-10 15:00,6527.00,6546.60,6490.20,6532.20,38530.00,17855,6535.00
2023-01-11 15:00,6539.00,6562.40,6481.00,6494.40,38986.00,22001,6496.40
2023-01-12 15:00,6500.00,6541.60,6473.80,6492.00,36807.00,24588,6500.20
2023-01-13 15:00,6509.80,6551.80,6481.20,6542.40,33813.00,24189,6516.20
2023-01-16 15:00,6540.00,6658.80,6539.80,6597.40,31869.00,31794,6601.80
2023-01-17 15:00,6606.00,6646.60,6592.60,6608.20,26573.00,19735,6610.20
2023-01-18 15:00,6620.80,6653.80,6611.40,6621.20,20699.00,18132,6626.00
2023-01-19 15:00,6607.80,6692.80,6587.40,6687.40,13167.00,16681,6679.60
2023-01-20 15:00,6736.20,6777.60,6717.40,6777.60,37954.00,23193,6764.40
2023-01-30 15:00,6881.20,6888.00,6791.00,6792.80,40518.00,27391,6800.20
2023-01-31 15:00,6796.20,6848.00,6775.60,6818.00,39733.00,23191,6820.00
2023-02-01 15:00,6831.00,6923.00,6822.20,6922.60,41219.00,26743,6910.00
2023-02-02 15:00,6932.60,6983.40,6911.80,6928.00,39990.00,28541,6933.40
2023-02-03 15:00,6910.00,6933.00,6825.00,6920.00,41115.00,34786,6914.00
2023-02-06 15:00,6892.20,6924.60,6840.20,6893.60,39194.00,30107,6883.00
2023-02-07 15:00,6907.40,6916.00,6840.80,6912.80,40065.00,31160,6894.80
2023-02-08 15:00,6905.80,6926.00,6853.00,6865.80,37234.00,26376,6870.00
2023-02-09 15:00,6841.00,7023.00,6838.40,7020.80,41161.00,35972,7008.80
2023-02-10 15:00,7009.80,7023.80,6911.00,6977.60,37468.00,34437,6968.60
2023-02-13 15:00,6968.40,7045.00,6960.20,7039.60,33371.00,26143,7032.40
2023-02-14 15:00,7050.60,7065.00,7016.00,7055.60,28634.00,19802,7043.00
2023-02-15 15:00,7051.40,7071.80,7025.60,7049.80,23486.00,20524,7046.20
2023-02-16 15:00,7039.80,7077.80,6864.20,6909.20,75848.00,49836,6933.40
2023-02-17 15:00,6928.00,6940.60,6842.00,6849.80,79401.00,47096,6871.80
2023-02-20 15:00,6871.00,6928.80,6796.00,6922.00,74754.00,45771,6914.40
2023-02-21 15:00,6925.40,6988.40,6890.00,6935.20,73671.00,37792,6928.00
2023-02-22 15:00,6916.00,6989.80,6910.80,6968.00,71937.00,32043,6959.00
2023-02-23 15:00,6968.00,6987.20,6883.80,6944.80,72185.00,34847,6923.60
2023-02-24 15:00,6947.00,6966.40,6872.60,6928.60,69442.00,31201,6918.60
2023-02-27 15:00,6903.20,6922.60,6830.80,6879.20,70262.00,34001,6865.00
2023-02-28 15:00,6899.00,6954.00,6847.60,6937.40,69823.00,35963,6921.40
2023-03-01 15:00,6927.40,6984.20,6912.40,6980.60,66106.00,35047,6975.40
2023-03-02 15:00,6978.00,7013.60,6941.60,6961.60,64064.00,30230,6955.00
2023-03-03 15:00,6955.20,6992.80,6899.40,6942.00,64259.00,33740,6942.20
2023-03-06 15:00,6949.00,6990.80,6902.20,6956.40,62252.00,31889,6962.00
2023-03-07 15:00,6950.80,6963.40,6844.80,6846.80,67075.00,43995,6868.00
2023-03-08 15:00,6828.00,6889.60,6821.80,6871.00,61834.00,31970,6865.80
2023-03-09 15:00,6876.00,6888.20,6833.00,6878.60,61128.00,32424,6878.00
2023-03-10 15:00,6840.80,6863.80,6787.60,6798.40,59243.00,38784,6805.80
2023-03-13 15:00,6792.00,6838.00,6744.40,6832.60,53070.00,37275,6815.60
2023-03-14 15:00,6820.60,6830.60,6696.40,6775.80,47626.00,43522,6773.80
2023-03-15 15:00,6800.00,6854.80,6786.80,6807.20,32853.00,37688,6801.60
2023-03-16 15:00,6777.00,6791.80,6685.40,6706.00,21210.00,31718,6707.20
2023-03-17 15:00,6715.00,6785.60,6695.60,6726.00,49839.00,39453,6722.20
2023-03-20 15:00,6755.00,6762.40,6687.00,6719.80,49582.00,31841,6718.00
2023-03-21 15:00,6740.00,6807.80,6731.00,6791.40,47082.00,30156,6790.80
2023-03-22 15:00,6811.00,6841.80,6800.60,6825.60,44365.00,22846,6825.00
2023-03-23 15:00,6816.00,6852.60,6808.80,6850.40,45485.00,23663,6844.00
2023-03-24 15:00,6854.80,6870.00,6830.00,6857.00,43286.00,21217,6850.80
2023-03-27 15:00,6857.00,6884.80,6815.80,6860.00,44995.00,27156,6863.00
2023-03-28 15:00,6849.00,6861.80,6809.00,6827.40,44055.00,26878,6822.60
2023-03-29 15:00,6849.00,6850.00,6786.80,6806.00,44161.00,25258,6803.40
2023-03-30 15:00,6805.00,6821.60,6757.60,6821.60,47259.00,30540,6808.60
2023-03-31 15:00,6824.20,6875.00,6813.20,6873.80,43321.00,25374,6866.00
2023-04-03 15:00,6885.00,6959.80,6880.00,6940.00,44490.00,27944,6944.60
2023-04-04 15:00,6946.40,6954.80,6907.60,6950.20,41324.00,24433,6935.40
2023-04-06 15:00,6920.00,6967.00,6918.00,6959.40,40626.00,23912,6954.40
2023-04-07 15:00,6973.00,7033.80,6961.40,7026.20,38856.00,24909,7025.20
2023-04-10 15:00,7038.00,7047.60,6953.20,6971.00,41153.00,28753,6968.00
2023-04-11 15:00,6981.40,6990.80,6946.00,6972.40,38736.00,24815,6967.00
2023-04-12 15:00,6979.00,7012.00,6970.20,7002.20,36965.00,23347,7001.20
2023-04-13 15:00,6995.00,7011.20,6959.00,6967.00,38799.00,28815,6970.40
2023-04-14 15:00,6978.20,7015.80,6951.00,7004.20,37197.00,31369,7005.20
2023-04-17 15:00,6999.60,7021.80,6985.00,7009.60,32914.00,27294,7005.40
2023-04-18 15:00,6995.00,7006.20,6955.40,6980.20,29928.00,28580,6985.80
2023-04-19 15:00,6973.60,7002.20,6945.80,6955.20,22714.00,23503,6958.20
2023-04-20 15:00,6949.80,6963.00,6915.60,6955.80,14165.00,20732,6947.60
2023-04-21 15:00,6919.00,6926.80,6762.00,6770.20,47742.00,36357,6778.80
2023-04-24 15:00,6772.80,6775.40,6690.20,6722.20,45278.00,33322,6708.60
2023-04-25 15:00,6705.00,6716.20,6523.40,6612.00,55371.00,43556,6596.60
2023-04-26 15:00,6596.60,6665.00,6589.80,6629.00,51289.00,38586,6632.60
2023-04-27 15:00,6601.20,6689.20,6601.20,6647.60,53182.00,35246,6645.20
2023-04-28 15:00,6650.00,6743.00,6647.60,6738.40,48065.00,30060,6723.20
2023-05-04 15:00,6723.00,6747.20,6689.00,6725.20,45667.00,20870,6722.20
2023-05-05 15:00,6722.60,6724.60,6607.80,6650.00,47530.00,30332,6645.40
2023-05-08 15:00,6660.00,6720.60,6657.00,6687.80,44055.00,27149,6695.00
2023-05-09 15:00,6687.80,6703.20,6611.60,6613.60,46862.00,31285,6625.80
2023-05-10 15:00,6613.80,6658.00,6580.80,6624.40,45489.00,32100,6613.40
2023-05-11 15:00,6631.40,6655.00,6612.00,6615.60,41262.00,21391,6620.20
2023-05-12 15:00,6604.60,6639.80,6528.80,6538.60,42155.00,29289,6546.00
2023-05-15 15:00,6542.20,6586.00,6469.20,6577.20,36453.00,33402,6566.00
2023-05-16 15:00,6587.00,6587.00,6497.00,6519.20,31028.00,27729,6513.20
2023-05-17 15:00,6505.00,6566.00,6505.00,6544.80,24501.00,25640,6544.00
2023-05-18 15:00,6565.00,6592.60,6548.20,6578.60,15111.00,20494,6572.80
2023-05-19 15:00,6546.00,6608.20,6516.00,6590.60,94122.00,40367,6586.60
2023-05-22 15:00,6585.20,6599.60,6531.80,6578.20,89487.00,34161,6571.60
2023-05-23 15:00,6580.00,6593.40,6511.20,6513.00,91477.00,35048,6530.40
2023-05-24 15:00,6503.00,6556.80,6467.00,6497.00,90114.00,39161,6515.80
2023-05-25 15:00,6495.00,6539.80,6403.40,6476.80,93782.00,43785,6451.80
2023-05-26 15:00,6470.00,6552.80,6431.00,6535.80,87621.00,39756,6536.20
2023-05-29 15:00,6553.00,6578.00,6494.60,6525.40,86931.00,31583,6520.20
2023-05-30 15:00,6520.00,6567.60,6454.20,6558.00,88984.00,40319,6545.40
2023-05-31 15:00,6550.00,6573.60,6505.00,6547.00,85351.00,34785,6546.40
2023-06-01 15:00,6530.00,6609.20,6510.40,6567.60,86226.00,35493,6566.60
2023-06-02 15:00,6588.80,6635.00,6580.80,6612.40,81837.00,31483,6616.80
2023-06-05 15:00,6620.40,6631.80,6595.60,6611.80,79250.00,24732,6615.60
2023-06-06 15:00,6606.00,6606.00,6451.00,6467.80,79589.00,43241,6486.00
2023-06-07 15:00,6479.80,6512.00,6456.60,6470.80,72035.00,31666,6469.40
2023-06-08 15:00,6470.60,6471.00,6389.60,6438.40,74478.00,39186,6432.40
2023-06-09 15:00,6449.80,6494.00,6418.00,6484.00,67406.00,36363,6481.40
2023-06-12 15:00,6480.00,6540.80,6472.20,6513.20,61749.00,37962,6524.20
2023-06-13 15:00,6503.00,6552.80,6503.00,6540.00,49924.00,30729,6542.20
2023-06-14 15:00,6545.40,6581.60,6535.20,6566.60,39532.00,35752,6568.20
2023-06-15 15:00,6579.60,6624.40,6560.20,6607.20,22764.00,30058,6608.60
2023-06-16 15:00,6584.80,6656.60,6581.20,6632.60,56536.00,31612,6637.80
2023-06-19 15:00,6639.00,6665.60,6635.00,6647.80,53244.00,24948,6653.80
2023-06-20 15:00,6638.80,6679.00,6633.40,6652.20,53015.00,23929,6660.00
2023-06-21 15:00,6637.60,6645.00,6524.80,6525.20,59666.00,39072,6545.40
2023-06-26 15:00,6499.00,6519.20,6402.00,6427.20,65924.00,44330,6419.80
2023-06-27 15:00,6434.00,6504.80,6422.80,6478.40,61890.00,34201,6484.00
2023-06-28 15:00,6478.40,6478.40,6360.00,6463.00,66545.00,44033,6454.80
2023-06-29 15:00,6453.00,6510.20,6447.00,6491.80,59435.00,30886,6497.40
2023-06-30 15:00,6481.80,6596.00,6481.80,6575.00,58677.00,30629,6574.80
2023-07-03 15:00,6599.00,6626.00,6556.80,6583.60,55416.00,28321,6586.60
2023-07-04 15:00,6581.60,6614.00,6580.00,6613.40,53072.00,19966,6605.80
2023-07-05 15:00,6609.60,6616.00,6552.80,6566.20,54070.00,25538,6567.80
2023-07-06 15:00,6557.00,6606.80,6532.00,6535.60,53982.00,28834,6541.60
2023-07-07 15:00,6531.60,6538.80,6468.20,6513.00,57063.00,34158,6510.60
2023-07-10 15:00,6538.00,6551.80,6489.20,6520.40,52112.00,25605,6511.00
2023-07-11 15:00,6528.20,6580.00,6508.40,6571.00,52706.00,26892,6568.20
2023-07-12 15:00,6574.40,6578.00,6477.80,6483.80,53020.00,30497,6492.80
2023-07-13 15:00,6501.20,6561.20,6501.20,6549.60,53198.00,33558,6549.00
2023-07-14 15:00,6562.00,6571.60,6539.00,6541.00,46673.00,23532,6549.40
2023-07-17 15:00,6521.20,6529.80,6474.00,6514.80,44688.00,27095,6504.00
2023-07-18 15:00,6519.00,6538.20,6482.20,6515.00,38688.00,28836,6516.80
2023-07-19 15:00,6510.20,6532.60,6464.00,6501.00,29637.00,27906,6491.00
2023-07-20 15:00,6539.40,6539.40,6409.00,6416.20,21117.00,28236,6433.60
2023-07-21 15:00,6402.40,6454.20,6383.00,6407.00,56714.00,37502,6408.00
2023-07-24 15:00,6394.00,6445.40,6377.80,6393.60,54618.00,24661,6397.20
2023-07-25 15:00,6477.00,6513.00,6455.00,6497.60,56956.00,33597,6496.40
2023-07-26 15:00,6494.80,6495.80,6446.80,6468.40,54432.00,23883,6460.40
2023-07-27 15:00,6470.20,6489.00,6403.60,6421.00,56731.00,25942,6416.00
2023-07-28 15:00,6397.60,6491.20,6380.00,6473.60,59569.00,36381,6475.80
2023-07-31 15:00,6495.00,6576.00,6486.60,6524.60,59432.00,36386,6518.60
2023-08-01 15:00,6518.60,6539.60,6497.20,6509.00,56027.00,25933,6509.00
2023-08-02 15:00,6501.60,6522.80,6470.00,6495.80,55525.00,27477,6486.00
2023-08-03 15:00,6476.40,6500.00,6457.40,6495.60,53865.00,26270,6488.80
2023-08-04 15:00,6520.60,6576.00,6503.80,6534.60,57118.00,36472,6541.20
2023-08-07 15:00,6525.20,6549.00,6501.00,6515.60,52722.00,25260,6509.40
2023-08-08 15:00,6502.40,6514.20,6456.20,6484.80,53525.00,28508,6482.00
2023-08-09 15:00,6457.00,6480.00,6423.40,6433.20,50170.00,24391,6433.40
2023-08-10 15:00,6423.00,6453.80,6397.40,6424.60,50230.00,25321,6425.80
2023-08-11 15:00,6431.80,6435.80,6301.60,6304.00,50054.00,32185,6319.20
2023-08-14 15:00,6246.00,6329.80,6212.80,6323.20,47593.00,36541,6310.20
2023-08-15 15:00,6336.00,6336.40,6204.80,6268.20,40790.00,35306,6255.00
2023-08-16 15:00,6245.00,6263.40,6188.60,6188.60,31415.00,28738,6204.40
2023-08-17 15:00,6181.00,6273.00,6130.80,6243.80,20815.00,28075,6243.40
2023-08-18 15:00,6259.00,6280.60,6123.20,6127.40,114590.00,51556,6151.20
2023-08-21 15:00,6119.40,6169.60,5910.40,6053.80,115780.00,49495,6074.20
2023-08-22 15:00,6093.80,6108.80,5973.00,6084.00,117360.00,56411,6070.60
2023-08-23 15:00,6071.20,6075.00,5955.60,5974.80,114016.00,46053,5985.20
2023-08-24 15:00,6003.20,6051.60,5948.00,5977.60,114480.00,48013,5993.00
2023-08-25 15:00,5950.00,5986.20,5851.00,5881.80,118272.00,60560,5878.40
2023-08-28 15:00,6230.00,6230.00,5888.20,5907.60,114864.00,74218,5921.20
2023-08-29 15:00,5908.00,6143.80,5904.80,6099.20,116174.00,76913,6102.00
2023-08-30 15:00,6121.00,6203.60,6103.00,6128.20,108927.00,59262,6139.60
2023-08-31 15:00,6124.40,6138.80,6081.60,6110.60,105451.00,44355,6106.20
2023-09-01 15:00,6123.40,6148.80,6081.80,6103.00,101705.00,37772,6097.60
2023-09-04 15:00,6130.00,6198.00,6100.20,6198.00,102622.00,49221,6180.60
2023-09-05 15:00,6190.00,6208.80,6143.00,6162.20,93238.00,37506,6154.60
2023-09-06 15:00,6145.00,6207.00,6096.40,6178.80,93733.00,40919,6187.00
2023-09-07 15:00,6160.00,6170.80,6068.00,6077.20,90160.00,49425,6083.00
2023-09-08 15:00,6050.40,6111.00,6050.40,6075.40,82315.00,41430,6092.00
2023-09-11 15:00,6093.00,6198.20,6058.00,6165.00,78322.00,53983,6167.60
2023-09-12 15:00,6165.00,6197.40,6153.40,6172.20,61161.00,38208,6175.20
2023-09-13 15:00,6158.00,6165.40,6041.40,6094.00,48936.00,50989,6070.80
2023-09-14 15:00,6093.00,6093.60,6031.20,6077.20,25838.00,38289,6059.80
2023-09-15 15:00,6066.80,6110.00,6020.80,6067.40,70532.00,46550,6044.60
2023-09-18 15:00,6040.00,6107.00,6019.20,6083.60,72555.00,45674,6089.20
2023-09-19 15:00,6078.20,6079.60,6010.00,6039.20,72024.00,37431,6032.00
2023-09-20 15:00,6020.00,6043.80,5985.00,5987.20,71440.00,29923,5990.80
2023-09-21 15:00,5970.00,6006.20,5928.40,5941.80,75442.00,38129,5946.40
2023-09-22 15:00,5941.60,6068.00,5925.20,6065.00,76350.00,52998,6052.20
2023-09-25 15:00,6055.20,6070.00,6009.80,6031.40,68659.00,34272,6026.60
2023-09-26 15:00,6021.60,6038.20,6000.80,6007.20,67998.00,27754,6010.80
2023-09-27 15:00,6005.00,6080.00,5997.80,6050.20,70607.00,38721,6059.40
2023-09-28 15:00,6063.40,6078.40,6045.00,6075.00,66737.00,31072,6070.00
2023-10-09 15:00,6075.00,6079.60,6017.00,6055.00,68420.00,36957,6058.20
2023-10-10 15:00,6074.20,6094.80,6028.40,6033.80,63047.00,29619,6037.40
2023-10-11 15:00,6059.80,6114.40,6026.00,6040.40,64663.00,39897,6041.80
2023-10-12 15:00,6078.00,6096.80,6052.00,6093.00,58148.00,33395,6089.80
2023-10-13 15:00,6069.00,6085.60,6058.40,6084.20,55661.00,24927,6076.60
2023-10-16 15:00,6090.20,6092.00,5995.00,6013.40,55778.00,36887,6010.80
2023-10-17 15:00,6020.20,6024.40,5961.00,6006.60,46652.00,35111,5995.00
2023-10-18 15:00,5990.00,5990.00,5894.00,5904.60,36893.00,37469,5908.80
2023-10-19 15:00,5884.20,5926.80,5837.60,5845.20,22835.00,33707,5859.40
2023-10-20 15:00,5820.00,5848.40,5741.80,5766.20,64725.00,45404,5758.00
2023-10-23 15:00,5751.40,5751.40,5571.20,5602.00,67632.00,48848,5603.80
2023-10-24 15:00,5622.60,5725.00,5588.80,5675.20,68042.00,52659,5690.40
2023-10-25 15:00,5725.00,5792.80,5725.00,5739.60,61564.00,35641,5749.80
2023-10-26 15:00,5720.40,5804.20,5702.00,5780.80,64865.00,42229,5774.40
2023-10-27 15:00,5762.20,5927.40,5748.20,5907.00,61876.00,50082,5913.40
2023-10-30 15:00,5902.00,6003.00,5896.80,5975.00,60803.00,38967,5986.20
2023-10-31 15:00,5975.00,5989.60,5914.20,5945.00,59087.00,35985,5937.20
2023-11-01 15:00,5950.00,5965.00,5912.80,5936.20,56954.00,31788,5933.60
2023-11-02 15:00,5945.60,5969.60,5873.20,5877.40,58022.00,32331,5883.00
2023-11-03 15:00,5888.00,5995.40,5888.00,5958.00,60138.00,44539,5967.40
2023-11-06 15:00,6000.20,6099.80,6000.00,6085.80,56259.00,39128,6076.20
2023-11-07 15:00,6085.60,6128.00,6057.60,6098.00,54924.00,32102,6107.00
2023-11-08 15:00,6097.00,6138.80,6072.40,6110.60,55049.00,38629,6098.60
2023-11-09 15:00,6102.00,6146.60,6055.80,6072.20,53937.00,38845,6070.40
2023-11-10 15:00,6050.40,6079.40,6025.20,6066.00,48280.00,35815,6065.20
2023-11-13 15:00,6088.40,6125.00,6062.40,6124.00,44284.00,35749,6111.00
2023-11-14 15:00,6124.00,6179.20,6111.40,6165.40,39007.00,37346,6153.40
2023-11-15 15:00,6210.00,6228.40,6171.00,6199.20,28855.00,30794,6193.40
2023-11-16 15:00,6135.00,6145.80,6082.80,6088.80,122178.00,43848,6101.00
2023-11-17 15:00,6079.80,6155.00,6071.80,6153.20,130747.00,48384,6146.00
2023-11-20 15:00,6165.40,6218.00,6115.80,6213.80,130489.00,51325,6208.60
2023-11-21 15:00,6225.00,6237.00,6151.20,6161.80,126866.00,47498,6168.80
2023-11-22 15:00,6145.00,6195.00,6090.40,6093.00,128145.00,46938,6109.00
2023-11-23 15:00,6090.20,6179.80,6067.20,6176.60,126506.00,56528,6169.60
2023-11-24 15:00,6163.00,6165.60,6059.20,6081.00,123812.00,51088,6082.40
2023-11-27 15:00,6074.20,6103.20,6034.40,6081.20,121213.00,48025,6072.60
2023-11-28 15:00,6070.60,6114.20,6016.80,6097.20,120191.00,49335,6094.00
2023-11-29 15:00,6093.80,6109.60,6053.00,6074.60,114482.00,38673,6069.00
2023-11-30 15:00,6065.00,6074.80,5988.20,6036.00,118665.00,51825,6024.20
2023-12-01 15:00,6036.00,6110.80,6010.60,6092.20,114392.00,55283,6090.20
2023-12-04 15:00,6100.00,6109.80,6057.40,6058.60,108833.00,44645,6069.00
2023-12-05 15:00,6050.20,6050.20,5945.20,5958.20,105484.00,50053,5973.80
2023-12-06 15:00,5938.00,6047.00,5930.60,5997.80,102545.00,52974,5998.60
2023-12-07 15:00,5985.00,6040.00,5946.00,6014.20,96530.00,59078,6023.40
2023-12-08 15:00,6025.20,6065.00,5996.00,6000.80,84179.00,51721,6009.00
2023-12-11 15:00,5973.00,6096.00,5935.20,6070.60,75330.00,60774,6070.60
2023-12-12 15:00,6070.00,6086.00,6048.40,6079.00,55716.00,45958,6078.00
2023-12-13 15:00,6062.20,6078.60,6013.40,6022.60,40034.00,39656,6033.00
2023-12-14 15:00,6041.20,6082.00,5991.00,6000.00,23013.00,35203,6004.60
2023-12-15 15:00,5980.00,5994.80,5876.40,5903.00,81211.00,49446,5897.20
2023-12-18 15:00,5891.00,5906.40,5807.40,5831.60,77772.00,41552,5824.80
2023-12-19 15:00,5826.00,5868.00,5800.40,5838.00,80418.00,42896,5823.20
2023-12-20 15:00,5846.00,5860.80,5741.00,5745.00,78823.00,41766,5751.60
2023-12-21 15:00,5721.60,5799.20,5665.20,5770.20,85262.00,57907,5773.20
2023-12-22 15:00,5756.20,5797.60,5697.00,5722.80,83263.00,56485,5716.40
2023-12-25 15:00,5725.20,5755.00,5682.40,5717.60,81248.00,37888,5713.00
2023-12-26 15:00,5711.40,5711.40,5619.60,5636.60,84435.00,41911,5640.80
2023-12-27 15:00,5654.60,5689.60,5616.00,5673.00,85714.00,44291,5675.00
2023-12-28 15:00,5659.00,5818.80,5642.60,5803.40,85970.00,59871,5802.60
2023-12-29 15:00,5799.00,5903.20,5798.60,5894.80,80879.00,49489,5888.00
2024-01-02 15:00,5895.00,5902.00,5832.00,5833.60,77941.00,34421,5850.40
2024-01-03 15:00,5818.00,5852.60,5766.00,5809.40,77490.00,39674,5798.20
2024-01-04 15:00,5800.00,5802.20,5730.00,5765.20,76857.00,43701,5759.60
2024-01-05 15:00,5751.00,5780.00,5645.20,5664.80,78064.00,49324,5664.60
2024-01-08 15:00,5649.00,5653.60,5462.60,5480.20,84117.00,63475,5505.60
2024-01-09 15:00,5504.80,5584.20,5471.00,5513.40,77072.00,66881,5501.80
2024-01-10 15:00,5500.40,5567.40,5412.20,5484.60,75297.00,60977,5499.20
2024-01-11 15:00,5485.20,5640.00,5472.40,5595.20,73029.00,63401,5591.20
2024-01-12 15:00,5576.40,5637.60,5551.00,5551.00,62619.00,46706,5566.40
2024-01-15 15:00,5528.00,5599.80,5498.00,5530.20,61673.00,51572,5538.80
2024-01-16 15:00,5525.60,5547.40,5433.20,5513.00,51543.00,59099,5484.60
2024-01-17 15:00,5500.20,5505.00,5330.00,5346.40,41346.00,48961,5395.80
2024-01-18 15:00,5335.00,5376.00,5177.80,5344.60,27909.00,51285,5300.20
2024-01-19 15:00,5248.00,5309.60,5205.20,5217.40,69906.00,61749,5236.80
2024-01-22 15:00,5204.80,5220.20,4726.00,4830.40,77889.00,93331,4875.20
2024-01-23 15:00,4830.20,5058.00,4773.00,4998.00,78867.00,101009,5024.80
2024-01-24 15:00,5055.00,5111.00,4833.00,5090.80,82649.00,112868,5048.40
2024-01-25 15:00,5055.40,5307.80,5038.00,5306.60,76703.00,97699,5279.80
2024-01-26 15:00,5284.00,5316.80,5196.00,5216.80,71513.00,74122,5230.80
2024-01-29 15:00,5248.00,5271.40,5058.00,5063.00,75990.00,82003,5093.00
2024-01-30 15:00,5035.20,5099.40,4886.00,4907.20,76370.00,83571,4936.20
2024-01-31 15:00,4889.00,4935.40,4706.40,4727.20,81823.00,109118,4752.00
2024-02-01 15:00,4701.80,4858.20,4651.00,4699.20,81141.00,115210,4709.20
2024-02-02 15:00,4726.20,4788.00,4339.00,4507.20,78971.00,134558,4481.00
2024-02-05 15:00,4453.00,4458.60,4081.20,4176.60,81624.00,161837,4278.20
2024-02-06 15:00,4146.00,4645.80,4129.00,4609.00,61421.00,138116,4575.80
2024-02-07 15:00,4586.00,4841.20,4566.60,4793.00,130284.00,173017,4727.40
2024-02-08 15:00,4846.20,5078.00,4846.20,4980.40,135122.00,173190,4970.00
2024-02-19 15:00,5070.00,5122.60,4856.20,4954.60,138301.00,132602,4935.80
2024-02-20 15:00,4922.20,5030.20,4872.40,4989.00,134213.00,116169,4997.00
2024-02-21 15:00,4950.80,5215.00,4940.40,5001.40,140832.00,152686,5073.80
2024-02-22 15:00,5031.00,5137.60,5016.20,5122.40,136589.00,128355,5097.60
2024-02-23 15:00,5150.00,5218.00,5066.60,5217.00,135418.00,125499,5191.40
2024-02-26 15:00,5217.00,5305.20,5163.20,5215.00,135321.00,127431,5227.80
2024-02-27 15:00,5188.00,5391.80,5181.20,5386.00,133768.00,130656,5349.40
2024-02-28 15:00,5400.00,5464.00,5100.00,5117.60,142224.00,190365,5190.40
2024-02-29 15:00,5108.00,5341.20,5107.60,5333.80,131842.00,166035,5288.40
2024-03-01 15:00,5335.00,5401.80,5287.60,5392.00,124584.00,125193,5375.80
2024-03-04 15:00,5400.00,5418.60,5289.00,5383.40,118322.00,115382,5375.20
2024-03-05 15:00,5348.00,5367.80,5281.20,5311.40,114764.00,109655,5320.60
2024-03-06 15:00,5300.20,5418.00,5280.60,5345.00,111890.00,115716,5358.20
2024-03-07 15:00,5358.20,5418.00,5268.00,5277.00,107331.00,114576,5298.60
2024-03-08 15:00,5300.20,5381.00,5255.80,5348.00,99244.00,103462,5347.00
2024-03-11 15:00,5330.00,5463.40,5319.80,5463.00,90367.00,93763,5432.20
2024-03-12 15:00,5479.40,5526.00,5428.00,5488.20,81801.00,103387,5480.40
2024-03-13 15:00,5494.80,5568.00,5465.00,5517.40,60725.00,80318,5524.20
2024-03-14 15:00,5510.00,5545.00,5431.00,5487.00,38334.00,64905,5465.80
2024-03-15 15:00,5419.80,5534.00,5397.40,5532.20,101062.00,86438,5499.80
2024-03-18 15:00,5560.00,5642.80,5507.20,5639.60,99605.00,81015,5612.40
2024-03-19 15:00,5620.00,5638.60,5569.20,5581.60,98993.00,75764,5595.60
2024-03-20 15:00,5581.00,5650.80,5568.00,5629.00,98770.00,81466,5630.60
2024-03-21 15:00,5652.80,5675.40,5595.40,5627.00,96980.00,75688,5637.20
2024-03-22 15:00,5611.00,5630.20,5515.00,5558.80,101676.00,95152,5581.80
2024-03-25 15:00,5553.40,5575.00,5420.20,5435.40,98817.00,88462,5468.60
2024-03-26 15:00,5441.00,5468.80,5365.60,5401.00,103399.00,98250,5415.60
2024-03-27 15:00,5390.00,5399.60,5215.60,5216.80,101761.00,101351,5278.60
2024-03-28 15:00,5236.20,5411.80,5230.60,5349.60,106816.00,120426,5351.40
2024-03-29 15:00,5353.00,5419.00,5301.20,5412.00,96257.00,92418,5395.60
2024-04-01 15:00,5443.00,5557.20,5440.00,5541.60,93833.00,77326,5532.40
2024-04-02 15:00,5531.00,5543.20,5462.40,5506.60,93587.00,84121,5495.80
2024-04-03 15:00,5495.00,5504.20,5421.00,5475.00,89825.00,77975,5464.20
2024-04-08 15:00,5460.00,5460.00,5341.60,5348.40,90525.00,73630,5361.40
2024-04-09 15:00,5355.00,5438.80,5347.00,5431.60,88348.00,74898,5414.60
2024-04-10 15:00,5418.00,5425.00,5285.40,5330.00,92744.00,88954,5324.20
2024-04-11 15:00,5300.40,5427.00,5291.20,5353.80,87336.00,91001,5365.00
2024-04-12 15:00,5364.40,5395.00,5295.20,5309.00,80012.00,75999,5320.40
2024-04-15 15:00,5293.20,5343.20,5174.80,5262.80,83623.00,106204,5225.80
2024-04-16 15:00,5240.20,5264.80,5038.20,5055.00,72632.00,109380,5087.20
2024-04-17 15:00,5136.40,5294.00,5120.00,5289.20,50301.00,89804,5259.00
2024-04-18 15:00,5267.00,5355.20,5221.20,5290.20,31019.00,60839,5306.40
2024-04-19 15:00,5136.00,5192.40,5078.20,5118.80,112345.00,62048,5116.60
2024-04-22 15:00,5103.80,5182.00,5046.40,5118.40,110846.00,59063,5127.40
2024-04-23 15:00,5127.00,5157.80,5065.00,5082.80,110994.00,54460,5086.60
2024-04-24 15:00,5116.80,5208.80,5077.60,5205.80,110829.00,61305,5186.20
2024-04-25 15:00,5186.00,5270.80,5176.00,5214.20,109272.00,60085,5212.00
2024-04-26 15:00,5218.00,5360.00,5218.00,5351.20,110203.00,71576,5342.20
2024-04-29 15:00,5372.00,5528.60,5371.40,5510.20,110557.00,73142,5508.60
2024-04-30 15:00,5510.20,5525.00,5432.40,5448.80,106642.00,59732,5457.40
2024-05-06 15:00,5560.00,5597.20,5531.80,5548.60,108078.00,57463,5559.00
2024-05-07 15:00,5545.00,5585.80,5533.00,5557.20,106467.00,45224,5557.40
2024-05-08 15:00,5538.00,5538.00,5451.00,5461.20,109674.00,50753,5467.40
2024-05-09 15:00,5478.80,5587.00,5471.80,5562.80,110212.00,56400,5565.00
2024-05-10 15:00,5580.00,5596.00,5466.00,5503.60,113824.00,67029,5493.60
2024-05-13 15:00,5451.00,5492.20,5389.60,5443.80,116072.00,66036,5433.80
2024-05-14 15:00,5477.00,5528.00,5444.00,5470.00,116594.00,59866,5474.20
2024-05-15 15:00,5460.00,5486.00,5408.20,5424.00,121328.00,62134,5433.40
2024-05-16 15:00,5470.20,5485.40,5401.40,5415.00,134269.00,79478,5427.80
2024-05-17 15:00,5427.80,5536.00,5408.00,5530.20,142465.00,94821,5491.80
2024-05-20 15:00,5533.20,5587.40,5506.80,5539.20,136278.00,76844,5540.20
2024-05-21 15:00,5520.00,5534.60,5445.00,5476.80,134930.00,70134,5462.40
2024-05-22 15:00,5485.00,5504.20,5442.00,5479.60,131548.00,65033,5484.80
2024-05-23 15:00,5457.00,5458.00,5325.20,5359.00,136494.00,86122,5347.80
2024-05-24 15:00,5350.00,5386.40,5289.00,5291.20,131652.00,77622,5308.60
2024-05-27 15:00,5320.00,5344.80,5231.80,5335.80,135548.00,86544,5317.20
2024-05-28 15:00,5320.00,5348.00,5264.60,5279.00,125679.00,76924,5275.60
2024-05-29 15:00,5286.20,5341.80,5252.00,5284.00,130440.00,83508,5275.40
2024-05-30 15:00,5268.00,5323.80,5240.20,5291.40,125533.00,87534,5286.00
2024-05-31 15:00,5313.00,5353.20,5308.00,5314.00,120721.00,72770,5319.80
2024-06-03 15:00,5310.00,5314.40,5181.20,5222.40,127269.00,94312,5206.80
2024-06-04 15:00,5209.80,5285.00,5180.80,5268.60,119444.00,91299,5258.00
2024-06-05 15:00,5256.20,5288.60,5203.80,5209.60,117604.00,70893,5223.00
2024-06-06 15:00,5235.40,5246.00,5071.40,5101.80,128795.00,111388,5099.00
2024-06-07 15:00,5151.00,5167.80,5060.80,5115.00,119715.00,100891,5126.00
2024-06-11 15:00,5094.40,5191.20,5048.00,5174.00,116754.00,90754,5169.40
2024-06-12 15:00,5164.80,5207.00,5158.20,5180.60,105908.00,68123,5189.20
2024-06-13 15:00,5199.80,5199.80,5134.20,5148.40,103228.00,68759,5146.60
2024-06-14 15:00,5132.20,5193.80,5113.00,5178.80,98376.00,82584,5168.20
2024-06-17 15:00,5152.00,5207.00,5142.80,5173.80,86066.00,63411,5175.80
2024-06-18 15:00,5171.20,5242.60,5171.20,5230.00,75217.00,68503,5217.40
2024-06-19 15:00,5240.60,5254.00,5141.00,5155.00,55505.00,68614,5161.80
2024-06-20 15:00,5155.20,5172.80,5048.60,5064.00,34529.00,55148,5067.00
2024-06-21 15:00,4990.20,5036.40,4968.00,4994.60,95028.00,74160,5006.40
2024-06-24 15:00,4961.20,4979.80,4826.00,4834.00,100237.00,88614,4853.40
2024-06-25 15:00,4852.00,4867.60,4767.80,4808.40,102236.00,90594,4793.40
2024-06-26 15:00,4808.40,4966.20,4772.40,4954.40,102894.00,108500,4941.60
2024-06-27 15:00,4936.40,4943.00,4818.00,4835.00,99692.00,93752,4832.40
2024-06-28 15:00,4825.00,4951.80,4823.20,4851.40,104068.00,105825,4858.00
2024-07-01 15:00,4858.00,4929.40,4793.20,4893.20,99581.00,97193,4904.00
2024-07-02 15:00,4900.00,4917.40,4838.00,4863.80,91892.00,77542,4860.80
2024-07-03 15:00,4861.20,4879.00,4821.00,4832.20,92615.00,74798,4836.20
2024-07-04 15:00,4843.60,4853.00,4701.40,4729.00,96368.00,86507,4724.80
2024-07-05 15:00,4728.00,4806.40,4680.00,4778.20,97634.00,98420,4783.60
2024-07-08 15:00,4768.80,4769.00,4637.00,4663.00,94241.00,88034,4656.60
2024-07-09 15:00,4656.00,4795.60,4626.80,4766.60,105861.00,123226,4776.00
2024-07-10 15:00,4755.80,4813.60,4747.80,4758.00,90954.00,83873,4764.80
2024-07-11 15:00,4840.00,4888.20,4799.60,4881.40,92011.00,89853,4877.00
2024-07-12 15:00,4871.00,4892.00,4842.20,4864.20,81735.00,68072,4874.80
2024-07-15 15:00,4850.20,4856.40,4790.40,4808.80,78372.00,69517,4805.00
2024-07-16 15:00,4795.80,4837.40,4767.00,4816.60,69493.00,72248,4813.80
2024-07-17 15:00,4820.20,4834.20,4771.60,4789.60,51040.00,63485,4794.60
2024-07-18 15:00,4763.60,4829.00,4713.40,4809.20,30963.00,60705,4805.60
2024-07-19 15:00,4715.00,4823.60,4710.80,4757.00,83773.00,79476,4764.00
2024-07-22 15:00,4777.80,4808.00,4737.00,4766.20,79680.00,62756,4761.60
2024-07-23 15:00,4776.00,4781.80,4624.40,4625.00,81852.00,65738,4657.80
2024-07-24 15:00,4619.80,4649.40,4562.20,4570.20,93159.00,89033,4582.40
2024-07-25 15:00,4555.00,4643.00,4542.00,4579.20,88083.00,88909,4584.00
2024-07-26 15:00,4601.40,4679.00,4600.20,4664.60,86687.00,83036,4657.00
2024-07-29 15:00,4679.00,4679.00,4619.20,4638.60,79510.00,59453,4642.60
2024-07-30 15:00,4618.60,4685.40,4585.20,4656.00,87209.00,74188,4656.80
2024-07-31 15:00,4660.00,4898.80,4648.00,4895.00,92356.00,100816,4875.80
2024-08-01 15:00,4899.20,4935.00,4827.60,4859.40,87470.00,81007,4866.00
2024-08-02 15:00,4820.00,4892.00,4781.80,4792.80,87295.00,81276,4797.60
2024-08-05 15:00,4780.00,4852.20,4652.20,4670.60,95315.00,107524,4676.60
2024-08-06 15:00,4739.40,4764.40,4673.00,4729.80,84545.00,88344,4717.40
2024-08-07 15:00,4721.00,4759.00,4693.00,4719.00,80158.00,74151,4725.20
2024-08-08 15:00,4701.20,4772.00,4655.00,4735.00,83736.00,88332,4738.00
2024-08-09 15:00,4772.00,4792.00,4682.00,4687.00,74611.00,77726,4695.60
2024-08-12 15:00,4687.00,4703.60,4651.00,4678.40,69659.00,67101,4665.80
2024-08-13 15:00,4678.20,4705.00,4637.00,4689.80,61666.00,68645,4666.80
2024-08-14 15:00,4690.00,4701.00,4640.60,4641.60,44383.00,51499,4655.80
2024-08-15 15:00,4580.00,4719.40,4573.60,4637.40,160619.00,118664,4638.00
2024-08-16 15:00,4649.00,4668.80,4602.00,4606.20,155809.00,90140,4614.60
2024-08-19 15:00,4608.00,4687.40,4600.20,4622.80,155221.00,80063,4623.40
2024-08-20 15:00,4626.00,4632.80,4518.20,4537.00,155978.00,96619,4532.00
2024-08-21 15:00,4530.20,4559.00,4513.60,4522.00,149045.00,72862,4520.20
2024-08-22 15:00,4528.00,4538.20,4456.40,4473.20,156536.00,88130,4467.80
2024-08-23 15:00,4478.00,4494.00,4445.60,4475.00,150538.00,87728,4471.00
2024-08-26 15:00,4480.00,4517.00,4458.60,4489.20,148292.00,77864,4484.80
2024-08-27 15:00,4476.00,4480.00,4422.80,4442.20,146087.00,77232,4443.20
2024-08-28 15:00,4433.00,4493.80,4421.20,4450.20,146868.00,82253,4454.60
2024-08-29 15:00,4434.60,4553.60,4432.00,4527.40,153849.00,113326,4537.00
2024-08-30 15:00,4527.60,4697.60,4525.20,4621.00,155302.00,142796,4641.80
2024-09-02 15:00,4612.00,4634.80,4508.80,4515.60,142020.00,89892,4528.00
2024-09-03 15:00,4524.00,4592.80,4514.00,4547.40,140430.00,95410,4547.20
2024-09-04 15:00,4530.00,4587.00,4507.00,4536.20,134704.00,95403,4532.40
2024-09-05 15:00,4544.60,4611.40,4544.60,4577.20,131885.00,88060,4571.00
2024-09-06 15:00,4595.00,4597.40,4482.00,4497.20,127548.00,90398,4494.40
2024-09-09 15:00,4487.20,4518.60,4445.20,4457.40,125870.00,85871,4456.20
2024-09-10 15:00,4471.00,4502.40,4378.80,4473.60,129541.00,116746,4471.80
2024-09-11 15:00,4460.00,4494.40,4439.00,4474.80,111092.00,86309,4464.60
2024-09-12 15:00,4484.00,4545.00,4461.60,4468.40,106827.00,86856,4475.00
2024-09-13 15:00,4475.00,4478.60,4414.20,4416.80,94210.00,80427,4424.60
2024-09-18 15:00,4413.00,4423.00,4337.40,4405.00,75838.00,90715,4399.60
2024-09-19 15:00,4422.20,4543.20,4380.00,4487.40,42680.00,92123,4484.80
2024-09-20 15:00,4456.00,4457.80,4388.20,4422.60,103051.00,80598,4412.80
2024-09-23 15:00,4415.20,4497.80,4402.40,4437.00,101314.00,78245,4436.60
2024-09-24 15:00,4496.00,4656.80,4438.20,4653.20,127361.00,156875,4624.40
2024-09-25 15:00,4710.00,4802.80,4672.60,4676.40,112646.00,140021,4690.60
2024-09-26 15:00,4671.40,4940.00,4662.40,4937.40,119316.00,152942,4875.20
2024-09-27 15:00,5022.00,5362.60,4954.40,5362.20,109667.00,212983,5285.00
2024-09-30 15:00,5521.00,5813.40,5392.60,5813.40,102683.00,180916,5801.20
2024-10-08 15:00,6381.20,6381.20,5906.00,6219.80,102649.00,211253,6174.40
2024-10-09 15:00,6050.00,6129.60,5679.00,5749.80,113905.00,236928,5853.40
2024-10-10 15:00,5860.00,5934.60,5629.60,5664.00,109601.00,199403,5699.80
2024-10-11 15:00,5630.20,5650.00,5345.00,5423.00,106392.00,181571,5401.20
2024-10-14 15:00,5460.00,5638.60,5337.60,5613.00,94623.00,166111,5590.80
2024-10-15 15:00,5555.00,5708.60,5481.00,5481.40,85180.00,145218,5539.00
2024-10-16 15:00,5438.40,5620.00,5425.00,5527.20,67735.00,126998,5510.40
2024-10-17 15:00,5588.00,5634.40,5489.20,5490.00,41237.00,91036,5526.60
2024-10-18 15:00,5455.00,5989.80,5430.00,5728.00,154527.00,237911,5829.00
2024-10-21 15:00,5780.00,5944.00,5750.40,5822.60,156900.00,164469,5826.60
2024-10-22 15:00,5817.00,5896.00,5764.00,5850.60,152874.00,144065,5835.60
2024-10-23 15:00,5828.00,5976.00,5811.20,5866.20,160776.00,163299,5868.60
2024-10-24 15:00,5840.00,5861.00,5775.60,5832.00,152667.00,128380,5822.60
2024-10-25 15:00,5855.80,6001.80,5843.40,5979.40,164952.00,171776,5948.00
2024-10-28 15:00,5981.40,6050.80,5931.00,6044.00,156470.00,129514,6030.60
2024-10-29 15:00,6075.00,6087.40,5931.20,5951.00,169197.00,158353,5953.20
2024-10-30 15:00,5936.00,6009.60,5890.80,5975.00,160642.00,152202,5948.80
2024-10-31 15:00,5988.20,6133.00,5950.00,6063.60,174387.00,194052,6085.20
2024-11-01 15:00,6048.00,6063.80,5874.00,5890.00,168205.00,186128,5899.00
2024-11-04 15:00,5881.20,6040.20,5881.20,6035.80,165746.00,137701,5991.40
2024-11-05 15:00,6019.40,6293.40,6011.00,6261.40,176878.00,198361,6251.00
2024-11-06 15:00,6267.00,6348.80,6201.00,6268.20,175401.00,203102,6266.40
2024-11-07 15:00,6225.20,6397.80,6222.40,6389.00,168295.00,165755,6361.40
2024-11-08 15:00,6440.00,6507.00,6349.20,6381.80,178466.00,188440,6384.20
2024-11-11 15:00,6359.00,6522.20,6342.40,6490.40,172711.00,164466,6492.40
2024-11-12 15:00,6500.00,6538.00,6362.80,6407.80,178522.00,176924,6393.00
2024-11-13 15:00,6387.60,6436.20,6303.20,6397.40,179774.00,181560,6403.40
2024-11-14 15:00,6381.00,6396.80,6221.00,6239.60,192409.00,182534,6243.20
2024-11-15 15:00,6260.00,6306.20,6095.00,6103.00,199783.00,218880,6140.80
2024-11-18 15:00,6141.20,6144.00,5901.40,5954.20,200461.00,217824,5938.40
2024-11-19 15:00,5979.00,6101.40,5931.00,6093.00,196641.00,220087,6055.80
2024-11-20 15:00,6080.00,6208.80,6070.60,6190.80,191596.00,200989,6173.80
2024-11-21 15:00,6180.00,6224.00,6125.00,6187.20,187022.00,181881,6166.00
2024-11-22 15:00,6173.00,6209.60,5943.00,5951.20,189155.00,197788,6009.00
2024-11-25 15:00,5973.20,5995.80,5882.20,5992.80,193159.00,202233,5937.40
2024-11-26 15:00,5980.20,6033.40,5887.00,5914.00,185010.00,190017,5921.00
2024-11-27 15:00,5886.20,6095.40,5801.00,6086.80,197311.00,244628,6028.80
2024-11-28 15:00,6091.00,6126.80,6011.40,6036.80,176294.00,186048,6052.00
2024-11-29 15:00,6030.00,6225.80,5988.20,6156.00,189378.00,235635,6163.80
2024-12-02 15:00,6156.20,6307.00,6150.20,6266.80,173067.00,182864,6267.00
2024-12-03 15:00,6272.20,6324.20,6193.20,6265.40,172505.00,180768,6287.80
2024-12-04 15:00,6265.20,6270.00,6131.20,6171.80,166822.00,176184,6159.20
2024-12-05 15:00,6155.80,6281.80,6153.20,6255.60,161405.00,169624,6243.00
2024-12-06 15:00,6263.20,6370.20,6175.20,6333.60,167060.00,203792,6334.80
2024-12-09 15:00,6323.80,6354.60,6218.20,6264.00,150504.00,147628,6261.80
2024-12-10 15:00,6500.00,6538.00,6330.20,6358.20,157277.00,188885,6366.20
2024-12-11 15:00,6356.80,6452.80,6356.60,6430.20,141428.00,146971,6432.00
2024-12-12 15:00,6432.20,6498.00,6376.60,6477.80,134954.00,144410,6479.20
2024-12-13 15:00,6419.00,6442.80,6327.80,6359.00,131621.00,164655,6366.40
2024-12-16 15:00,6361.00,6364.80,6242.40,6263.40,113214.00,115176,6259.80
2024-12-17 15:00,6249.80,6267.20,6138.00,6143.60,113630.00,144996,6152.00
2024-12-18 15:00,6169.80,6243.00,6126.00,6189.80,81088.00,116069,6194.60
2024-12-19 15:00,6131.80,6231.60,6096.00,6218.00,52443.00,96333,6207.20
2024-12-20 15:00,6076.00,6192.00,6070.00,6141.20,142566.00,98404,6141.80
2024-12-23 15:00,6142.00,6144.00,5982.80,5987.00,154200.00,110939,5998.80
2024-12-24 15:00,6010.00,6058.20,5966.40,6053.40,152273.00,122818,6032.40
2024-12-25 15:00,6034.00,6045.00,5944.20,6001.80,155470.00,122978,5988.00
2024-12-26 15:00,6000.00,6083.60,5996.00,6052.80,146619.00,94903,6059.40
2024-12-27 15:00,6059.00,6155.00,6018.00,6067.40,155250.00,116992,6076.20
2024-12-30 15:00,6061.00,6100.00,6008.00,6057.80,153147.00,111379,6052.40
2024-12-31 15:00,6070.00,6081.60,5847.00,5848.60,164962.00,137741,5881.40
2025-01-02 15:00,5850.20,5887.80,5638.00,5699.40,168141.00,166462,5699.00
2025-01-03 15:00,5721.00,5727.00,5529.00,5553.40,172211.00,176952,5566.80
2025-01-06 15:00,5550.80,5606.80,5490.80,5527.20,168619.00,151560,5522.40
2025-01-07 15:00,5536.00,5608.60,5496.20,5599.00,166007.00,140353,5585.40
2025-01-08 15:00,5570.00,5622.00,5402.60,5565.40,180375.00,200605,5586.20
2025-01-09 15:00,5540.20,5615.00,5539.20,5561.20,167449.00,127718,5572.60
2025-01-10 15:00,5559.00,5630.00,5452.00,5456.00,178339.00,166760,5485.60
2025-01-13 15:00,5429.60,5525.00,5381.00,5480.80,175491.00,159240,5470.20
2025-01-14 15:00,5511.00,5752.00,5477.00,5747.60,187451.00,211844,5729.60
2025-01-15 15:00,5733.00,5745.00,5673.60,5702.40,176033.00,139200,5701.80
2025-01-16 15:00,5733.80,5852.60,5677.00,5720.40,194476.00,193605,5721.80
2025-01-17 15:00,5703.00,5832.00,5686.00,5778.00,188890.00,196360,5788.80
2025-01-20 15:00,5820.00,5885.00,5797.40,5816.40,185989.00,156432,5818.80
2025-01-21 15:00,5855.00,5872.80,5766.00,5845.60,186188.00,159114,5829.60
2025-01-22 15:00,5817.00,5829.00,5751.00,5806.60,182051.00,144804,5794.80
2025-01-23 15:00,5859.00,5961.80,5775.00,5776.20,196866.00,206009,5789.20
2025-01-24 15:00,5776.80,5926.40,5776.80,5920.00,182907.00,181477,5906.20
2025-01-27 15:00,5948.40,5954.00,5786.00,5790.60,178993.00,150049,5826.20
2025-02-05 15:00,5861.00,5904.00,5796.00,5832.20,180250.00,148296,5825.40
2025-02-06 15:00,5828.80,6012.00,5797.00,5988.60,189866.00,174807,5985.40
2025-02-07 15:00,5996.80,6176.00,5988.00,6095.40,197152.00,221664,6067.80
2025-02-10 15:00,6115.00,6169.80,6083.00,6143.60,180572.00,150283,6152.40
2025-02-11 15:00,6139.00,6156.00,6077.00,6133.20,179091.00,137719,6134.00
2025-02-12 15:00,6123.40,6227.80,6119.40,6223.00,189977.00,170775,6207.40
2025-02-13 15:00,6217.00,6226.00,6155.00,6175.00,187814.00,173716,6179.60
2025-02-14 15:00,6178.00,6219.80,6132.00,6205.20,187975.00,165277,6198.40
2025-02-17 15:00,6241.00,6259.80,6168.40,6219.20,187072.00,164701,6203.80
2025-02-18 15:00,6206.60,6236.00,6065.60,6110.20,199394.00,194221,6102.20
2025-02-19 15:00,6107.00,6247.80,6099.60,6240.00,197244.00,184332,6229.60
2025-02-20 15:00,6231.80,6291.80,6206.00,6254.40,198815.00,167649,6267.60
2025-02-21 15:00,6274.80,6423.00,6246.00,6399.00,206363.00,201141,6403.20
2025-02-24 15:00,6380.00,6409.80,6327.80,6366.60,195891.00,172390,6356.00
2025-02-25 15:00,6309.40,6405.20,6292.00,6355.40,195526.00,180068,6358.60
2025-02-26 15:00,6376.60,6465.00,6322.20,6420.80,201621.00,212290,6412.80
2025-02-27 15:00,6412.60,6453.60,6324.60,6415.00,194417.00,208253,6391.00
2025-02-28 15:00,6387.80,6397.00,6208.00,6230.40,198135.00,216120,6230.00
2025-03-03 15:00,6250.00,6324.60,6196.40,6215.40,187317.00,192032,6222.80
2025-03-04 15:00,6184.80,6306.00,6169.00,6279.20,184657.00,179630,6289.80
2025-03-05 15:00,6285.00,6329.80,6233.20,6313.00,181491.00,182519,6306.60
2025-03-06 15:00,6352.80,6504.40,6352.20,6475.80,179624.00,187916,6483.00
2025-03-07 15:00,6455.00,6500.00,6417.80,6452.80,169906.00,165679,6443.60
2025-03-10 15:00,6458.00,6476.20,6373.60,6427.40,162826.00,154299,6429.00
2025-03-11 15:00,6371.00,6491.00,6365.00,6490.00,165483.00,170671,6466.80
2025-03-12 15:00,6525.00,6587.00,6482.20,6513.80,161880.00,165499,6528.60
2025-03-13 15:00,6507.00,6520.60,6360.20,6426.00,165394.00,189598,6404.00
2025-03-14 15:00,6428.40,6568.00,6389.20,6562.80,148876.00,190307,6552.80
2025-03-17 15:00,6563.00,6573.00,6523.20,6543.40,127485.00,117429,6553.00
2025-03-18 15:00,6566.80,6634.40,6555.60,6577.00,120484.00,113170,6581.60
2025-03-19 15:00,6560.00,6584.00,6506.00,6550.00,98474.00,115152,6537.20
2025-03-20 15:00,6540.00,6582.80,6493.80,6534.20,64278.00,86603,6537.60
2025-03-21 15:00,6285.00,6305.40,6144.60,6177.40,155030.00,134047,6171.80
2025-03-24 15:00,6186.40,6189.40,6063.00,6142.80,158394.00,139956,6108.00
2025-03-25 15:00,6132.60,6167.00,6069.20,6115.60,161637.00,138822,6103.60
2025-03-26 15:00,6118.00,6185.00,6113.00,6129.40,155502.00,123686,6142.60
2025-03-27 15:00,6118.40,6202.20,6044.00,6143.40,167954.00,151417,6148.00
2025-03-28 15:00,6149.00,6180.00,6066.20,6078.40,159759.00,136714,6095.20
2025-03-31 15:00,6050.40,6092.00,5979.80,6049.00,175574.00,159321,6040.80
2025-04-01 15:00,6068.80,6117.60,6059.20,6064.20,159238.00,117820,6070.00
2025-04-02 15:00,6072.20,6141.00,6063.00,6100.00,161702.00,106534,6098.60
2025-04-03 15:00,6069.80,6134.80,6000.40,6031.80,180839.00,170579,6036.20
2025-04-07 15:00,5749.00,5838.80,5432.60,5432.60,166036.00,194726,5432.60
2025-04-08 15:00,5500.00,5500.20,5202.00,5313.60,191362.00,277947,5270.40
2025-04-09 15:00,5202.20,5488.00,5053.20,5429.60,184548.00,307215,5451.00
2025-04-10 15:00,5550.40,5701.20,5549.00,5578.20,174420.00,222566,5598.00
2025-04-11 15:00,5555.00,5746.60,5545.00,5672.20,173299.00,192909,5685.40
2025-04-14 15:00,5733.00,5769.80,5690.00,5693.00,162218.00,133293,5702.00
2025-04-15 15:00,5689.80,5722.00,5637.00,5680.40,164742.00,126870,5673.20
2025-04-16 15:00,5660.00,5667.80,5554.60,5603.00,171071.00,156339,5594.40
2025-04-17 15:00,5588.00,5715.00,5578.00,5653.80,168300.00,156019,5672.60
2025-04-18 15:00,5649.00,5699.00,5593.80,5642.00,168687.00,150566,5670.40
2025-04-21 15:00,5627.60,5783.00,5603.60,5770.00,166314.00,137318,5770.00
2025-04-22 15:00,5770.20,5802.80,5732.20,5769.60,163968.00,130317,5782.60
2025-04-23 15:00,5840.00,5873.20,5791.80,5820.00,166689.00,146296,5821.60
2025-04-24 15:00,5805.00,5823.00,5730.80,5767.40,163863.00,135094,5761.60
2025-04-25 15:00,5788.00,5840.00,5744.00,5786.60,167733.00,147686,5785.00
2025-04-28 15:00,5780.00,5794.60,5700.00,5729.00,159258.00,120927,5733.20
2025-04-29 15:00,5719.00,5787.60,5700.00,5773.60,159461.00,116166,5769.00
2025-04-30 15:00,5785.00,5833.00,5775.00,5801.40,153214.00,108819,5814.00
2025-05-06 15:00,5855.00,5955.00,5852.00,5953.20,160100.00,107389,5947.80
2025-05-07 15:00,6015.00,6090.00,5920.40,5955.20,174521.00,158085,5945.00
2025-05-08 15:00,5945.00,6042.80,5945.00,6018.80,165679.00,125065,6015.60
2025-05-09 15:00,6012.80,6012.80,5911.60,5945.20,165673.00,124744,5944.00
2025-05-12 15:00,6002.00,6039.00,5975.20,6037.00,170704.00,134023,6022.20
2025-05-13 15:00,6075.40,6079.60,5981.00,5996.60,170058.00,132408,5997.00
2025-05-14 15:00,6010.20,6101.80,5973.60,6043.00,196475.00,189515,6026.00
2025-05-15 15:00,6026.20,6029.80,5924.40,5949.00,187025.00,155023,5943.00
2025-05-16 15:00,5939.20,5992.20,5933.20,5933.80,188635.00,131868,5948.80
2025-05-19 15:00,5940.00,5976.80,5870.20,5975.40,192261.00,140984,5966.60
2025-05-20 15:00,5984.00,6028.00,5943.00,6019.40,184920.00,124540,6011.60
2025-05-21 15:00,6009.00,6018.00,5974.00,6000.60,180860.00,111291,5998.60
2025-05-22 15:00,5986.00,6037.80,5930.00,5950.00,195203.00,148619,5949.20
2025-05-23 15:00,5949.00,5998.00,5871.00,5872.00,194014.00,167101,5896.20
2025-05-26 15:00,5880.00,5941.40,5871.00,5925.00,181503.00,133893,5921.20
2025-05-27 15:00,5918.00,5936.00,5861.20,5915.00,186517.00,140778,5918.00
2025-05-28 15:00,5925.00,5944.80,5873.60,5899.00,175258.00,120232,5892.60
2025-05-29 15:00,5914.80,6031.40,5906.00,6031.00,187832.00,166397,6019.00
2025-05-30 15:00,6001.20,6004.20,5932.00,5966.00,168201.00,130165,5957.40
2025-06-03 15:00,5951.00,6027.00,5940.80,5998.00,169461.00,112727,6004.80
2025-06-04 15:00,6007.60,6067.00,5992.00,6054.00,161713.00,100779,6051.80
2025-06-05 15:00,6060.00,6119.00,6030.00,6101.60,166975.00,118336,6100.80
2025-06-06 15:00,6095.00,6114.60,6077.20,6100.20,154557.00,88977,6094.20
2025-06-09 15:00,6120.00,6191.20,6108.00,6167.80,156512.00,105988,6169.00
2025-06-10 15:00,6170.00,6174.00,6062.00,6113.80,158926.00,132573,6105.60
2025-06-11 15:00,6124.60,6196.60,6122.40,6144.00,144803.00,112327,6152.00
2025-06-12 15:00,6122.60,6174.60,6103.20,6156.80,142864.00,99982,6152.80
2025-06-13 15:00,6127.00,6149.80,6060.00,6084.20,141736.00,119917,6083.60
2025-06-16 15:00,6063.80,6142.00,6063.80,6127.40,124057.00,96721,6128.80
2025-06-17 15:00,6135.00,6150.00,6100.00,6130.00,112030.00,97198,6118.00
2025-06-18 15:00,6125.00,6139.80,6078.80,6124.20,88005.00,87763,6121.20
2025-06-19 15:00,6105.00,6131.80,6030.80,6050.40,56583.00,81581,6046.60
2025-06-20 15:00,5812.00,5826.00,5780.40,5787.80,146127.00,84705,5792.80
2025-06-23 15:00,5770.00,5866.80,5765.00,5851.20,153037.00,99867,5856.20
2025-06-24 15:00,5869.00,6003.40,5866.80,5995.00,156132.00,120129,5988.60
2025-06-25 15:00,5995.00,6133.00,5994.80,6119.60,170051.00,139775,6101.40
2025-06-26 15:00,6105.00,6147.80,6090.60,6097.80,161694.00,106191,6104.80
2025-06-27 15:00,6120.00,6174.40,6100.60,6110.80,167757.00,113010,6118.80
2025-06-30 15:00,6140.40,6173.60,6119.00,6148.60,158728.00,94541,6155.60
2025-07-01 15:00,6143.00,6150.00,6076.20,6133.40,164955.00,103226,6134.00
2025-07-02 15:00,6130.00,6131.80,6080.00,6117.00,159237.00,93428,6107.40
2025-07-03 15:00,6127.20,6161.00,6098.40,6135.80,161580.00,95917,6138.60
2025-07-04 15:00,6130.00,6184.20,6084.20,6112.20,177599.00,151899,6107.20
2025-07-07 15:00,6100.00,6130.00,6095.20,6111.60,160866.00,80166,6112.80
2025-07-08 15:00,6114.20,6237.00,6102.00,6235.80,176309.00,128815,6226.20
2025-07-09 15:00,6240.00,6249.80,6208.20,6214.00,161900.00,94223,6219.80
2025-07-10 15:00,6214.00,6265.00,6200.80,6231.60,169266.00,98260,6241.80
2025-07-11 15:00,6240.20,6360.00,6211.40,6319.80,181506.00,147131,6321.20
2025-07-14 15:00,6326.00,6329.80,6293.00,6302.20,168013.00,71184,6312.00
2025-07-15 15:00,6298.00,6335.40,6229.00,6277.40,181672.00,120268,6274.80
2025-07-16 15:00,6288.00,6355.00,6270.20,6298.00,172288.00,113703,6300.80
2025-07-17 15:00,6295.00,6391.60,6288.20,6390.40,177468.00,109376,6383.60
2025-07-18 15:00,6406.00,6437.00,6372.80,6413.60,175267.00,104691,6403.80
2025-07-21 15:00,6440.00,6503.20,6430.20,6463.20,178934.00,106976,6472.60
2025-07-22 15:00,6463.20,6518.00,6451.20,6515.40,178632.00,118700,6495.80
2025-07-23 15:00,6521.20,6561.40,6474.20,6500.00,182055.00,131364,6499.20
2025-07-24 15:00,6492.00,6626.20,6491.20,6618.60,181457.00,124051,6603.60
2025-07-25 15:00,6619.00,6619.00,6567.00,6605.80,172911.00,98231,6604.40
2025-07-28 15:00,6608.60,6645.00,6560.00,6602.00,180433.00,116079,6605.00
2025-07-29 15:00,6583.00,6664.20,6546.60,6662.00,174556.00,116403,6633.00
2025-07-30 15:00,6640.00,6658.00,6556.00,6604.20,185002.00,144840,6596.20
2025-07-31 15:00,6589.00,6634.00,6497.20,6538.00,183162.00,167548,6526.60
2025-08-01 15:00,6554.60,6594.60,6507.00,6542.80,176823.00,133160,6549.80
2025-08-04 15:00,6528.00,6644.00,6512.20,6642.60,177500.00,119420,6622.60
2025-08-05 15:00,6658.00,6685.00,6631.00,6682.00,172540.00,95602,6673.20
2025-08-06 15:00,6674.00,6785.00,6668.00,6762.60,178409.00,106338,6770.40
2025-08-07 15:00,6768.80,6794.60,6711.00,6750.00,179795.00,119420,6748.80
2025-08-08 15:00,6740.00,6760.80,6705.40,6735.00,173187.00,98835,6742.80
2025-08-11 15:00,6759.80,6888.00,6756.20,6851.20,189312.00,124872,6862.40
2025-08-12 15:00,6852.20,6891.80,6824.20,6883.60,182508.00,104433,6879.80
2025-08-13 15:00,6900.80,7016.00,6898.20,7001.80,204738.00,138415,6995.40
2025-08-14 15:00,7015.00,7027.80,6893.00,6929.20,203734.00,159795,6936.20
2025-08-15 15:00,6929.00,7086.80,6918.00,7086.20,218372.00,163237,7072.60
2025-08-18 15:00,7124.00,7259.80,7093.40,7184.40,220587.00,187694,7179.80
2025-08-19 15:00,7184.40,7235.00,7155.60,7177.40,209342.00,152295,7187.40
2025-08-20 15:00,7147.40,7283.00,7087.40,7276.00,217300.00,196109,7233.60
2025-08-21 15:00,7295.00,7312.00,7156.20,7202.20,206583.00,190536,7187.20
2025-08-22 15:00,7210.00,7349.80,7210.00,7348.60,207428.00,186931,7319.60
2025-08-25 15:00,7400.00,7495.40,7362.00,7412.20,207228.00,202867,7423.00
2025-08-26 15:00,7391.40,7486.80,7381.40,7415.40,195804.00,160158,7442.00
2025-08-27 15:00,7440.00,7511.60,7275.80,7287.20,202540.00,213890,7356.20
2025-08-28 15:00,7310.00,7385.00,7160.20,7363.20,206940.00,244649,7322.40
2025-08-29 15:00,7357.80,7419.80,7280.00,7366.60,189297.00,214055,7353.80
2025-09-01 15:00,7400.00,7445.80,7329.40,7380.60,180779.00,163079,7387.80
2025-09-02 15:00,7383.20,7393.80,7182.40,7251.40,193312.00,218061,7230.80
2025-09-03 15:00,7283.20,7295.60,7110.40,7142.60,190793.00,213250,7161.40
2025-09-04 15:00,7168.00,7205.00,6910.00,7003.00,189144.00,239398,6974.20
2025-09-05 15:00,7021.40,7234.80,6997.60,7226.00,171258.00,183966,7206.20
2025-09-08 15:00,7221.00,7278.60,7163.40,7236.00,159428.00,153548,7248.00
2025-09-09 15:00,7215.00,7263.00,7117.20,7165.80,155328.00,150382,7153.40
2025-09-10 15:00,7176.80,7268.80,7138.00,7151.00,154502.00,161976,7176.60
2025-09-11 15:00,7144.00,7391.80,7090.00,7387.80,147845.00,181199,7365.60
2025-09-12 15:00,7387.00,7448.00,7366.00,7392.80,135337.00,134399,7400.80
2025-09-15 15:00,7420.00,7429.80,7365.00,7368.60,116294.00,107983,7386.40
2025-09-16 15:00,7391.00,7474.20,7329.20,7462.00,112626.00,130773,7454.00
2025-09-17 15:00,7453.00,7565.00,7431.00,7547.00,89169.00,122397,7544.20
2025-09-18 15:00,7520.00,7660.00,7371.00,7454.80,55453.00,118769,7449.20
2025-09-19 15:00,7224.00,7275.00,7135.00,7190.80,193659.00,172454,7202.20
2025-09-22 15:00,7209.00,7238.00,7144.00,7230.20,186980.00,134489,7211.00
2025-09-23 15:00,7236.80,7244.80,6995.60,7127.00,206634.00,203839,7075.80
2025-09-24 15:00,7100.00,7313.80,7087.00,7303.20,192420.00,185454,7288.40
2025-09-25 15:00,7290.00,7342.00,7251.80,7281.80,183767.00,135475,7290.80
2025-09-26 15:00,7260.00,7306.00,7173.00,7189.20,192544.00,155277,7193.40
2025-09-29 15:00,7205.00,7374.40,7158.80,7337.40,191754.00,178532,7316.80
2025-09-30 15:00,7360.00,7434.40,7347.40,7406.20,183522.00,135231,7408.40
2025-10-09 15:00,7444.00,7519.00,7413.00,7449.60,182161.00,131436,7467.80
2025-10-10 15:00,7415.00,7434.00,7327.00,7340.40,183267.00,140881,7346.40
2025-10-13 15:00,7156.00,7333.00,7141.20,7305.80,190790.00,169889,7303.80
2025-10-14 15:00,7360.00,7404.00,7100.00,7145.80,194043.00,200096,7148.60
2025-10-15 15:00,7194.80,7305.00,7128.00,7275.20,191595.00,178569,7273.80
2025-10-16 15:00,7255.00,7269.80,7161.20,7205.00,185185.00,153865,7190.60
2025-10-17 15:00,7204.80,7238.00,7002.20,7020.80,199348.00,173725,7024.20
2025-10-20 15:00,7100.00,7150.80,7028.40,7059.20,189654.00,143577,7053.40
2025-10-21 15:00,7099.00,7228.60,7083.00,7182.80,190486.00,151318,7199.40
2025-10-22 15:00,7165.20,7201.20,7117.20,7163.20,180451.00,120919,7165.20
2025-10-23 15:00,7149.00,7186.40,7014.40,7179.00,201566.00,172781,7125.60
2025-10-24 15:00,7210.00,7298.00,7194.40,7298.00,183485.00,147894,7267.80
2025-10-27 15:00,7378.00,7395.60,7300.20,7322.60,187588.00,137585,7332.60
2025-10-28 15:00,7315.00,7416.80,7301.20,7335.60,186154.00,141946,7342.20
2025-10-29 15:00,7356.00,7450.00,7330.80,7446.40,180653.00,124145,7432.20
2025-10-30 15:00,7429.80,7444.00,7328.00,7364.40,190757.00,162104,7366.60
2025-10-31 15:00,7380.00,7479.00,7363.00,7368.20,186908.00,164443,7397.20
2025-11-03 15:00,7384.80,7411.00,7275.00,7398.00,185243.00,149911,7399.40
2025-11-04 15:00,7384.80,7389.00,7215.40,7284.40,184001.00,150525,7254.80
2025-11-05 15:00,7204.40,7355.00,7200.40,7310.80,189571.00,159917,7329.80
2025-11-06 15:00,7321.60,7418.00,7300.00,7405.00,176903.00,138409,7401.80
2025-11-07 15:00,7380.20,7443.80,7340.00,7412.00,180439.00,127587,7411.60
2025-11-10 15:00,7459.00,7477.40,7368.20,7421.00,179090.00,128195,7412.40
2025-11-11 15:00,7442.80,7484.00,7375.00,7390.40,179084.00,122556,7401.60
2025-11-12 15:00,7387.80,7417.00,7293.00,7369.80,193160.00,159312,7355.60
2025-11-13 15:00,7357.00,7487.80,7337.60,7478.40,183744.00,140471,7462.80
2025-11-14 15:00,7439.00,7469.00,7372.00,7372.00,182376.00,125074,7413.80
2025-11-17 15:00,7398.00,7429.80,7351.20,7394.40,185984.00,130158,7402.80
2025-11-18 15:00,7375.40,7399.60,7303.00,7351.80,189585.00,142162,7329.20
2025-11-19 15:00,7365.00,7388.40,7252.20,7298.20,201080.00,149890,7298.80
2025-11-20 15:00,7348.00,7358.40,7246.80,7263.60,205865.00,140822,7268.40
2025-11-21 15:00,7213.80,7234.00,7012.00,7018.20,244705.00,215750,7036.20
2025-11-24 15:00,7056.20,7132.40,7008.80,7095.20,220648.00,160312,7111.60
2025-11-25 15:00,7136.20,7250.00,7136.20,7172.00,211318.00,152757,7182.80
2025-11-26 15:00,7172.00,7245.00,7152.00,7176.20,202891.00,125795,7184.60
2025-11-27 15:00,7182.40,7264.00,7167.60,7179.00,203626.00,130117,7192.40
2025-11-28 15:00,7190.00,7261.60,7161.20,7260.80,199411.00,125415,7249.80
2025-12-01 15:00,7278.60,7328.40,7256.40,7290.00,189019.00,107661,7286.00
2025-12-02 15:00,7286.00,7286.00,7220.00,7239.60,181453.00,96449,7237.20
2025-12-03 15:00,7247.20,7265.00,7170.60,7195.40,193074.00,118632,7185.40
2025-12-04 15:00,7203.00,7224.00,7137.20,7213.40,181088.00,116454,7204.00
2025-12-05 15:00,7210.00,7323.80,7145.60,7319.80,189203.00,146937,7311.40
2025-12-08 15:00,7332.00,7409.60,7332.00,7380.40,168647.00,104973,7387.00
2025-12-09 15:00,7368.00,7406.00,7343.00,7347.80,164945.00,86997,7352.00
2025-12-10 15:00,7340.80,7390.20,7295.00,7371.40,163906.00,108100,7374.60
2025-12-11 15:00,7390.20,7399.80,7298.20,7304.60,152560.00,114206,7312.40
2025-12-12 15:00,7327.00,7385.00,7279.00,7361.80,149811.00,126483,7368.20
2025-12-15 15:00,7320.00,7369.80,7296.00,7308.00,126463.00,104015,7316.00
2025-12-16 15:00,7299.20,7299.20,7143.20,7189.00,123921.00,125471,7184.20
2025-12-17 15:00,7191.20,7320.00,7153.00,7295.00,85747.00,123802,7294.40
2025-12-18 15:00,7260.00,7348.00,7252.00,7275.40,50338.00,78623,7287.40
2025-12-19 15:00,7100.00,7177.00,7075.00,7141.80,179118.00,103313,7142.00
2025-12-22 15:00,7180.00,7253.80,7169.80,7203.60,175023.00,86037,7208.40
2025-12-23 15:00,7221.00,7247.80,7177.60,7197.40,176419.00,87825,7192.80
2025-12-24 15:00,7200.00,7351.60,7193.00,7327.60,185869.00,113077,7333.60
2025-12-25 15:00,7323.20,7443.80,7305.20,7419.00,183127.00,101700,7429.80
2025-12-26 15:00,7420.40,7526.00,7420.40,7472.40,194890.00,125247,7477.40
2025-12-29 15:00,7474.20,7499.00,7413.80,7439.00,182605.00,95430,7441.20
2025-12-30 15:00,7422.40,7502.00,7410.20,7459.20,189970.00,100572,7467.80
2025-12-31 15:00,7469.80,7475.80,7406.00,7436.20,181081.00,93696,7439.00
2026-01-05 15:00,7491.60,7641.00,7462.20,7639.00,189842.00,103703,7625.40
2026-01-06 15:00,7650.00,7763.80,7644.60,7762.40,192848.00,114127,7738.20
2026-01-07 15:00,7778.20,7795.80,7730.00,7760.20,189188.00,104271,7768.60
2026-01-08 15:00,7740.80,7863.80,7739.00,7820.60,193230.00,118672,7808.80
2026-01-09 15:00,7815.00,8049.40,7815.00,8048.40,203815.00,149124,8011.00
2026-01-12 15:00,8131.00,8346.00,8056.20,8311.40,208444.00,172951,8306.20
2026-01-13 15:00,8324.80,8335.00,8115.00,8160.40,207812.00,178731,8150.80
2026-01-14 09:39,8200.00,8254.00,8183.60,8251.40,197592.00,20910,8222.83
