date,open,high,low,close,volume,open_interest
2019-08-12,9810.0,10175.0,9720.0,9820.0,43809.0,9728.0
2019-08-13,9805.0,9980.0,9775.0,9855.0,9478.0,8932.0
2019-08-14,9815.0,10220.0,9785.0,9995.0,18558.0,11507.0
2019-08-15,9935.0,9980.0,9850.0,9865.0,6098.0,11523.0
2019-08-16,9875.0,9940.0,9830.0,9875.0,5077.0,11352.0
2019-08-19,9895.0,10080.0,9885.0,10030.0,6610.0,12748.0
2019-08-20,9995.0,10035.0,9945.0,9975.0,2545.0,12504.0
2019-08-21,9975.0,9975.0,9835.0,9890.0,4546.0,11878.0
2019-08-22,9890.0,9925.0,9815.0,9910.0,1828.0,11574.0
2019-08-23,9880.0,9905.0,9780.0,9815.0,3156.0,10851.0
2019-08-26,9780.0,9940.0,9700.0,9915.0,5260.0,10781.0
2019-08-27,9910.0,9980.0,9860.0,9900.0,2362.0,10983.0
2019-08-28,9930.0,10095.0,9860.0,9970.0,7170.0,12287.0
2019-08-29,9970.0,10030.0,9905.0,9940.0,2039.0,12453.0
2019-08-30,9970.0,10080.0,9925.0,10065.0,3655.0,12369.0
2019-09-02,10080.0,10195.0,10000.0,10045.0,6053.0,12059.0
2019-09-03,10040.0,10135.0,10010.0,10135.0,2567.0,12248.0
2019-09-04,10100.0,10475.0,9900.0,10395.0,9723.0,13091.0
2019-09-05,10400.0,10455.0,10210.0,10310.0,3706.0,13305.0
2019-09-06,10300.0,10400.0,10160.0,10190.0,5078.0,13308.0
2019-09-09,10220.0,10300.0,10115.0,10265.0,2301.0,13502.0
2019-09-10,10265.0,10315.0,10155.0,10270.0,2282.0,13418.0
2019-09-11,10270.0,10270.0,10155.0,10220.0,2402.0,13518.0
2019-09-12,10185.0,10250.0,10120.0,10145.0,2057.0,13520.0
2019-09-16,10310.0,10380.0,10200.0,10255.0,2501.0,13375.0
2019-09-17,10235.0,10415.0,10210.0,10255.0,3081.0,13496.0
2019-09-18,10235.0,10260.0,10050.0,10145.0,3659.0,12694.0
2019-09-19,10150.0,10195.0,10080.0,10105.0,1438.0,12502.0
2019-09-20,10110.0,10120.0,10025.0,10100.0,2253.0,12049.0
2019-09-23,10100.0,10265.0,10085.0,10210.0,2767.0,12259.0
2019-09-24,10215.0,10240.0,10100.0,10100.0,1076.0,12021.0
2019-09-25,10115.0,10125.0,10000.0,10025.0,3397.0,11124.0
2019-09-26,10010.0,10060.0,9910.0,9910.0,2783.0,10949.0
2019-09-27,9915.0,9930.0,9700.0,9785.0,6451.0,10466.0
2019-09-30,9780.0,9875.0,9740.0,9745.0,2118.0,10320.0
2019-10-08,9690.0,9850.0,9600.0,9680.0,2740.0,10721.0
2019-10-09,9675.0,9790.0,9665.0,9770.0,2545.0,11138.0
2019-10-10,9775.0,9880.0,9700.0,9860.0,2643.0,11086.0
2019-10-11,9850.0,9865.0,9780.0,9860.0,3352.0,11419.0
2019-10-14,9845.0,9990.0,9795.0,9975.0,2792.0,11426.0
2019-10-15,9930.0,9975.0,9810.0,9820.0,1659.0,11633.0
2019-10-16,9820.0,9920.0,9790.0,9820.0,2164.0,11996.0
2019-10-17,9820.0,9950.0,9810.0,9845.0,2152.0,12002.0
2019-10-18,9860.0,10070.0,9850.0,9980.0,2995.0,12265.0
2019-10-21,9995.0,10010.0,9905.0,9960.0,1564.0,12267.0
2019-10-22,9965.0,10145.0,9945.0,10020.0,6014.0,13498.0
2019-10-23,10020.0,10150.0,9975.0,10015.0,4093.0,13835.0
2019-10-24,9945.0,10035.0,9920.0,9990.0,2229.0,13998.0
2019-10-25,9975.0,10040.0,9930.0,9985.0,2173.0,14161.0
2019-10-28,9970.0,10085.0,9850.0,9920.0,3437.0,14033.0
2019-10-29,9905.0,9975.0,9865.0,9945.0,1401.0,13874.0
2019-10-30,9925.0,10085.0,9890.0,10085.0,3421.0,14344.0
2019-10-31,10070.0,10165.0,10025.0,10075.0,4931.0,14777.0
2019-11-01,10040.0,10080.0,9930.0,10040.0,2861.0,14668.0
2019-11-04,10015.0,10060.0,9960.0,9990.0,1653.0,14654.0
2019-11-05,9985.0,10230.0,9985.0,10225.0,5514.0,15223.0
2019-11-06,10215.0,10260.0,10125.0,10165.0,2602.0,14949.0
2019-11-07,10150.0,10240.0,10060.0,10130.0,4195.0,15061.0
2019-11-08,10155.0,10220.0,10045.0,10165.0,5748.0,15233.0
2019-11-11,10125.0,10235.0,10050.0,10120.0,3479.0,15192.0
2019-11-12,10125.0,10325.0,10050.0,10310.0,5284.0,15544.0
2019-11-13,10275.0,10325.0,10180.0,10225.0,4438.0,15105.0
2019-11-14,10165.0,10475.0,10165.0,10465.0,5241.0,15915.0
2019-11-15,10470.0,10485.0,10115.0,10120.0,4611.0,16672.0
2019-11-18,10230.0,10420.0,10100.0,10385.0,4665.0,17298.0
2019-11-19,10395.0,10430.0,10295.0,10360.0,6007.0,16721.0
2019-11-20,10360.0,10850.0,10305.0,10780.0,11363.0,17917.0
2019-11-21,10755.0,10845.0,10670.0,10785.0,13098.0,19338.0
2019-11-22,10800.0,11105.0,10770.0,10845.0,17387.0,18914.0
2019-11-25,10845.0,11640.0,10160.0,10970.0,17276.0,18525.0
2019-11-26,10980.0,11035.0,10690.0,10825.0,14458.0,21933.0
2019-11-27,10840.0,10945.0,10735.0,10790.0,13181.0,22851.0
2019-11-28,10790.0,10850.0,10710.0,10785.0,8911.0,23399.0
2019-11-29,10785.0,10790.0,10625.0,10650.0,8734.0,23996.0
2019-12-02,10630.0,10825.0,10565.0,10690.0,7566.0,24376.0
2019-12-03,10695.0,10865.0,10600.0,10810.0,7874.0,24970.0
2019-12-04,10810.0,10920.0,10695.0,10905.0,7725.0,25305.0
2019-12-05,10880.0,11285.0,10850.0,11185.0,16657.0,26170.0
2019-12-06,11130.0,11345.0,11120.0,11325.0,14597.0,27618.0
2019-12-09,11360.0,11465.0,11150.0,11230.0,12417.0,26546.0
2019-12-10,11235.0,11390.0,11165.0,11245.0,12006.0,26567.0
2019-12-11,11205.0,11320.0,11065.0,11315.0,9433.0,26564.0
2019-12-12,11295.0,11350.0,11195.0,11290.0,8545.0,26406.0
2019-12-13,11270.0,11450.0,11050.0,11090.0,17685.0,25585.0
2019-12-16,11090.0,11155.0,10970.0,11010.0,13482.0,25187.0
2019-12-17,11015.0,11210.0,11000.0,11165.0,8655.0,25301.0
2019-12-18,11195.0,11215.0,10960.0,10970.0,6820.0,25273.0
2019-12-19,10995.0,11020.0,10660.0,10760.0,11137.0,24654.0
2019-12-20,10770.0,10890.0,10700.0,10815.0,7092.0,24367.0
2019-12-23,10795.0,10855.0,10660.0,10705.0,10061.0,23011.0
2019-12-24,10680.0,10820.0,10670.0,10780.0,4783.0,22597.0
2019-12-25,10790.0,10855.0,10745.0,10775.0,7428.0,22795.0
2019-12-26,10740.0,10780.0,10580.0,10740.0,9135.0,20634.0
2019-12-27,10750.0,10830.0,10725.0,10780.0,6689.0,18896.0
2019-12-30,10735.0,10975.0,10720.0,10810.0,7736.0,18118.0
2019-12-31,10825.0,10885.0,10745.0,10790.0,3323.0,17796.0
2020-01-02,10930.0,11030.0,10655.0,10680.0,7482.0,15742.0
2020-01-03,10705.0,10810.0,10635.0,10705.0,5463.0,16162.0
2020-01-06,10690.0,10995.0,10680.0,10980.0,10030.0,17386.0
2020-01-07,10925.0,11040.0,10880.0,11015.0,9886.0,18065.0
2020-01-08,11025.0,11105.0,10920.0,11080.0,11188.0,18271.0
2020-01-09,11065.0,11095.0,10825.0,10850.0,11420.0,18004.0
2020-01-10,10855.0,10970.0,10845.0,10935.0,6053.0,18526.0
2020-01-13,10930.0,11190.0,10910.0,11160.0,11816.0,19263.0
2020-01-14,11175.0,11210.0,10925.0,11045.0,12659.0,19729.0
2020-01-15,11060.0,11130.0,10905.0,11050.0,13306.0,19684.0
2020-01-16,11045.0,11085.0,10910.0,11010.0,10128.0,19150.0
2020-01-17,11030.0,11195.0,10900.0,10980.0,15098.0,19555.0
2020-01-20,10990.0,11040.0,10795.0,10815.0,12602.0,19348.0
2020-01-21,10815.0,10875.0,10500.0,10560.0,14979.0,18146.0
2020-01-22,10560.0,10630.0,10055.0,10360.0,17834.0,16307.0
2020-01-23,10410.0,10450.0,10110.0,10110.0,9769.0,16200.0
2020-02-03,9400.0,9785.0,9350.0,9350.0,1906.0,15911.0
2020-02-04,8565.0,9310.0,8300.0,9285.0,9747.0,15899.0
2020-02-05,9330.0,9560.0,9270.0,9445.0,11900.0,17426.0
2020-02-06,9545.0,9650.0,9445.0,9630.0,9008.0,18931.0
2020-02-07,9540.0,9665.0,9500.0,9540.0,7676.0,19457.0
2020-02-10,9480.0,9605.0,9455.0,9540.0,8708.0,19482.0
2020-02-11,9570.0,9685.0,9555.0,9640.0,11152.0,19514.0
2020-02-12,9660.0,9700.0,9520.0,9660.0,9505.0,19602.0
2020-02-13,9675.0,9710.0,9580.0,9620.0,7693.0,19776.0
2020-02-14,9640.0,9660.0,9535.0,9645.0,7692.0,19234.0
2020-02-17,9690.0,9875.0,9635.0,9855.0,6483.0,18883.0
2020-02-18,9850.0,9885.0,9725.0,9780.0,6648.0,18430.0
2020-02-19,9775.0,9800.0,9710.0,9740.0,3828.0,18172.0
2020-02-20,9780.0,9830.0,9650.0,9805.0,5940.0,17714.0
2020-02-21,9840.0,9920.0,9780.0,9860.0,6757.0,17053.0
2020-02-24,9740.0,9840.0,9495.0,9580.0,10633.0,15184.0
2020-02-25,9410.0,9775.0,9405.0,9715.0,7275.0,14048.0
2020-02-26,9620.0,9675.0,9515.0,9535.0,5630.0,11857.0
2020-02-27,9470.0,9600.0,9455.0,9480.0,3274.0,10171.0
2020-02-28,9285.0,9595.0,8875.0,8900.0,6014.0,9701.0
2020-03-02,9035.0,9375.0,8900.0,9300.0,5147.0,8636.0
2020-03-03,9515.0,9535.0,9210.0,9250.0,2473.0,7665.0
2020-03-04,9205.0,9310.0,9175.0,9290.0,1988.0,6672.0
2020-03-05,9345.0,9360.0,9270.0,9280.0,2419.0,5434.0
2020-03-06,9210.0,9265.0,9085.0,9115.0,816.0,5138.0
2020-03-09,8520.0,8830.0,8520.0,8530.0,1798.0,4741.0
2020-03-10,8710.0,8995.0,8575.0,8900.0,1957.0,4445.0
2020-03-11,9045.0,9115.0,8845.0,8885.0,3977.0,19958.0
2020-03-12,8875.0,8975.0,8650.0,8830.0,7473.0,20454.0
2020-03-13,8690.0,8985.0,8525.0,8950.0,9829.0,21515.0
2020-03-16,8815.0,8915.0,8655.0,8680.0,6509.0,20638.0
2020-03-17,8700.0,8785.0,8535.0,8645.0,7372.0,20511.0
2020-03-18,8645.0,8825.0,8305.0,8380.0,7688.0,20441.0
2020-03-19,8400.0,8410.0,7905.0,8110.0,12606.0,19607.0
2020-03-20,8355.0,8390.0,8080.0,8230.0,7136.0,18744.0
2020-03-23,7810.0,7985.0,7760.0,7800.0,6250.0,18211.0
2020-03-24,8000.0,8050.0,7750.0,7950.0,7476.0,16383.0
2020-03-25,8060.0,8120.0,7920.0,8060.0,5911.0,13629.0
2020-03-26,7950.0,8155.0,7825.0,7975.0,6735.0,15736.0
2020-03-27,8035.0,8100.0,7850.0,7870.0,3843.0,15841.0
2020-03-30,7635.0,7755.0,7555.0,7630.0,4366.0,15968.0
2020-03-31,7815.0,7845.0,7645.0,7765.0,7562.0,13182.0
2020-04-01,7735.0,7815.0,7345.0,7620.0,5928.0,11963.0
2020-04-02,7485.0,7745.0,7400.0,7705.0,5284.0,11287.0
2020-04-03,7750.0,7840.0,7560.0,7665.0,4512.0,10881.0
2020-04-07,7835.0,7930.0,7745.0,7805.0,3535.0,10736.0
2020-04-08,7715.0,8300.0,7685.0,8200.0,8132.0,10950.0
2020-04-09,8230.0,8275.0,8080.0,8205.0,5825.0,10444.0
2020-04-10,8055.0,8280.0,7975.0,8265.0,4120.0,9730.0
2020-04-13,8285.0,8435.0,7960.0,8005.0,3993.0,9289.0
2020-04-14,8195.0,8325.0,8150.0,8285.0,3783.0,12022.0
2020-04-15,8230.0,8330.0,8185.0,8220.0,3417.0,12330.0
2020-04-16,8245.0,8275.0,8020.0,8060.0,3124.0,12299.0
2020-04-17,8180.0,8285.0,8130.0,8245.0,4892.0,11717.0
2020-04-20,8185.0,8455.0,8120.0,8380.0,4560.0,11895.0
2020-04-21,8285.0,8355.0,7900.0,8045.0,4890.0,11582.0
2020-04-22,7870.0,7980.0,7790.0,7950.0,5130.0,11388.0
2020-04-23,8020.0,8220.0,8000.0,8155.0,6670.0,9568.0
2020-04-24,8185.0,8310.0,8105.0,8160.0,4739.0,6847.0
2020-04-27,8100.0,8275.0,7920.0,8100.0,6784.0,9408.0
2020-04-28,8110.0,8115.0,7920.0,8030.0,3952.0,9844.0
2020-04-29,8095.0,8140.0,7950.0,7995.0,2232.0,10119.0
2020-04-30,8065.0,8140.0,8030.0,8050.0,5116.0,8642.0
2020-05-06,8150.0,8345.0,8045.0,8320.0,4457.0,9383.0
2020-05-07,8280.0,8550.0,8235.0,8440.0,7136.0,9685.0
2020-05-08,8580.0,8665.0,8400.0,8445.0,3918.0,10867.0
2020-05-11,8465.0,8650.0,8200.0,8515.0,5540.0,12507.0
2020-05-12,8450.0,8570.0,8275.0,8340.0,4757.0,12415.0
2020-05-13,8390.0,8430.0,8200.0,8385.0,4187.0,12766.0
2020-05-14,8415.0,8450.0,8190.0,8245.0,3489.0,13199.0
2020-05-15,8265.0,8460.0,8220.0,8395.0,3430.0,13413.0
2020-05-18,8375.0,8470.0,8285.0,8335.0,3831.0,13871.0
2020-05-19,8385.0,8625.0,8365.0,8440.0,6502.0,13821.0
2020-05-20,8465.0,8595.0,8430.0,8580.0,5095.0,14384.0
2020-05-21,8560.0,8700.0,8470.0,8520.0,4884.0,14472.0
2020-05-22,8520.0,8560.0,8280.0,8290.0,9079.0,10620.0
2020-05-25,8320.0,8420.0,8300.0,8375.0,3856.0,9099.0
2020-05-26,8365.0,8475.0,8320.0,8430.0,4175.0,7497.0
2020-05-27,8455.0,8490.0,8340.0,8405.0,2412.0,7254.0
2020-05-28,8405.0,8485.0,8295.0,8455.0,3974.0,6629.0
2020-05-29,8645.0,8775.0,8450.0,8525.0,4138.0,8380.0
2020-06-01,8565.0,8830.0,8510.0,8790.0,6613.0,10814.0
2020-06-02,8795.0,8910.0,8715.0,8765.0,4377.0,11483.0
2020-06-03,8765.0,8880.0,8715.0,8835.0,3045.0,12467.0
2020-06-04,8825.0,8845.0,8660.0,8720.0,4251.0,13427.0
2020-06-05,8725.0,9120.0,8695.0,9105.0,7191.0,15001.0
2020-06-08,9100.0,9155.0,8980.0,9030.0,5008.0,15453.0
2020-06-09,9055.0,9100.0,8960.0,9080.0,5245.0,15627.0
2020-06-10,9030.0,9070.0,8965.0,8985.0,3601.0,15928.0
2020-06-11,9025.0,9115.0,8870.0,8940.0,4933.0,16302.0
2020-06-12,8875.0,8905.0,8650.0,8815.0,4866.0,16709.0
2020-06-15,8830.0,8865.0,8625.0,8640.0,5292.0,17451.0
2020-06-16,8675.0,8800.0,8650.0,8765.0,3194.0,17770.0
2020-06-17,8780.0,8840.0,8640.0,8710.0,3606.0,17970.0
2020-06-18,8745.0,8750.0,8670.0,8735.0,3089.0,18116.0
2020-06-19,8730.0,8880.0,8695.0,8880.0,4157.0,18385.0
2020-06-22,8870.0,8950.0,8725.0,8760.0,4302.0,18356.0
2020-06-23,8785.0,8845.0,8725.0,8835.0,3953.0,18131.0
2020-06-24,8845.0,8850.0,8740.0,8740.0,5418.0,15407.0
2020-06-29,8660.0,8690.0,8445.0,8475.0,5114.0,16526.0
2020-06-30,8510.0,8645.0,8500.0,8595.0,3930.0,16729.0
2020-07-01,8570.0,8650.0,8555.0,8620.0,4337.0,17606.0
2020-07-02,8575.0,8770.0,8550.0,8715.0,5757.0,19433.0
2020-07-03,8720.0,8860.0,8705.0,8860.0,4812.0,20068.0
2020-07-06,8830.0,8980.0,8760.0,8965.0,7076.0,20429.0
2020-07-07,8955.0,9075.0,8855.0,8885.0,7913.0,20487.0
2020-07-08,8915.0,9000.0,8865.0,8910.0,7088.0,20637.0
2020-07-09,8910.0,9050.0,8830.0,8840.0,6998.0,21244.0
2020-07-10,8875.0,8930.0,8635.0,8675.0,6415.0,21150.0
2020-07-13,8710.0,8870.0,8685.0,8805.0,5116.0,21104.0
2020-07-14,8780.0,8875.0,8695.0,8775.0,4779.0,20989.0
2020-07-15,8745.0,8885.0,8720.0,8785.0,3965.0,21132.0
2020-07-16,8820.0,8925.0,8575.0,8605.0,8431.0,21325.0
2020-07-17,8645.0,8700.0,8585.0,8620.0,6118.0,21264.0
2020-07-20,8645.0,8675.0,8520.0,8565.0,6109.0,20551.0
2020-07-21,8615.0,8730.0,8575.0,8705.0,4741.0,19736.0
2020-07-22,8730.0,8775.0,8620.0,8655.0,8198.0,18560.0
2020-07-23,8625.0,8640.0,8510.0,8550.0,6156.0,17613.0
2020-07-24,8565.0,8700.0,8490.0,8540.0,12120.0,12225.0
2020-07-27,8540.0,8720.0,8535.0,8700.0,3660.0,11176.0
2020-07-28,8770.0,8865.0,8715.0,8840.0,2124.0,20239.0
2020-07-29,8820.0,8995.0,8760.0,8990.0,5387.0,19958.0
2020-07-30,8985.0,9240.0,8950.0,9020.0,11893.0,21022.0
2020-07-31,9020.0,9060.0,8795.0,8935.0,6253.0,21471.0
2020-08-03,8975.0,9040.0,8900.0,9040.0,4120.0,21955.0
2020-08-04,9035.0,9100.0,8950.0,8975.0,6091.0,22459.0
2020-08-05,8985.0,9050.0,8915.0,9025.0,4269.0,22371.0
2020-08-06,9090.0,9515.0,9020.0,9485.0,10617.0,23530.0
2020-08-07,9475.0,9740.0,9435.0,9740.0,21885.0,27346.0
2020-08-10,9680.0,9755.0,9315.0,9510.0,24325.0,25354.0
2020-08-11,9565.0,9615.0,9205.0,9255.0,11952.0,24207.0
2020-08-12,9310.0,9380.0,9110.0,9275.0,11804.0,23594.0
2020-08-13,9335.0,9370.0,9190.0,9225.0,5887.0,23896.0
2020-08-14,9235.0,9395.0,9200.0,9375.0,9127.0,23645.0
2020-08-17,9420.0,9515.0,9300.0,9400.0,8376.0,23323.0
2020-08-18,9420.0,9515.0,9385.0,9420.0,7109.0,23141.0
2020-08-19,9405.0,9480.0,9360.0,9380.0,11068.0,22088.0
2020-08-20,9415.0,9440.0,9260.0,9360.0,14340.0,20329.0
2020-08-21,9380.0,9430.0,9250.0,9355.0,10264.0,19080.0
2020-08-24,9320.0,9575.0,9240.0,9565.0,14160.0,18416.0
2020-08-25,9590.0,9625.0,9425.0,9455.0,14402.0,16550.0
2020-08-26,9470.0,9545.0,9405.0,9465.0,9100.0,11111.0
2020-08-27,9645.0,9870.0,9575.0,9675.0,9500.0,23431.0
2020-08-28,9705.0,9755.0,9585.0,9720.0,5284.0,24156.0
2020-08-31,9770.0,9990.0,9735.0,9865.0,10744.0,24912.0
2020-09-01,9860.0,9920.0,9780.0,9895.0,6223.0,24945.0
2020-09-02,9885.0,10005.0,9810.0,9855.0,7752.0,25430.0
2020-09-03,9810.0,9840.0,9590.0,9610.0,9784.0,25409.0
2020-09-04,9595.0,9680.0,9420.0,9595.0,8158.0,25798.0
2020-09-07,9605.0,9635.0,9410.0,9455.0,8856.0,25167.0
2020-09-08,9470.0,9585.0,9445.0,9475.0,5638.0,24556.0
2020-09-09,9360.0,9480.0,9100.0,9135.0,11022.0,23857.0
2020-09-10,9185.0,9285.0,9150.0,9200.0,6687.0,23464.0
2020-09-11,9220.0,9265.0,9160.0,9190.0,5109.0,23131.0
2020-09-14,9185.0,9355.0,9180.0,9315.0,5221.0,23018.0
2020-09-15,9320.0,9435.0,9280.0,9345.0,6087.0,22918.0
2020-09-16,9385.0,9500.0,9295.0,9465.0,6176.0,22569.0
2020-09-17,9470.0,9480.0,9265.0,9295.0,6767.0,22945.0
2020-09-18,9335.0,9490.0,9245.0,9460.0,7531.0,22581.0
2020-09-21,9450.0,9570.0,9365.0,9455.0,7877.0,22658.0
2020-09-22,9400.0,9440.0,9080.0,9240.0,9648.0,21803.0
2020-09-23,9280.0,9355.0,9130.0,9280.0,10105.0,19089.0
2020-09-24,9280.0,9450.0,9260.0,9375.0,11213.0,15736.0
2020-09-25,9375.0,9820.0,9305.0,9540.0,20684.0,10460.0
2020-09-28,9710.0,9750.0,9575.0,9705.0,7988.0,20995.0
2020-09-29,9730.0,9730.0,9500.0,9560.0,7205.0,21301.0
2020-09-30,9555.0,9620.0,9355.0,9360.0,7848.0,21346.0
2020-10-09,9530.0,9720.0,9500.0,9665.0,7947.0,21661.0
2020-10-12,9640.0,10100.0,9640.0,9995.0,11962.0,21861.0
2020-10-13,9980.0,10140.0,9885.0,10005.0,9095.0,22640.0
2020-10-14,10050.0,10270.0,10015.0,10185.0,12918.0,23234.0
2020-10-15,10195.0,10320.0,10055.0,10115.0,12075.0,24085.0
2020-10-16,10090.0,10450.0,9945.0,10130.0,21368.0,23822.0
2020-10-19,10150.0,10810.0,9970.0,10180.0,29570.0,23828.0
2020-10-20,10160.0,10800.0,10060.0,10715.0,24667.0,23630.0
2020-10-21,10780.0,10960.0,10525.0,10670.0,31577.0,22052.0
2020-10-22,10725.0,11050.0,10620.0,10850.0,35036.0,20183.0
2020-10-23,10895.0,11005.0,10785.0,10855.0,26637.0,17479.0
2020-10-26,10875.0,11550.0,10870.0,11275.0,30442.0,10556.0
2020-10-27,11605.0,11860.0,11505.0,11725.0,33094.0,27508.0
2020-10-28,11830.0,12275.0,11775.0,12145.0,53113.0,28591.0
2020-10-29,12000.0,12105.0,11280.0,11280.0,61498.0,29602.0
2020-10-30,11050.0,11570.0,10850.0,10865.0,66269.0,29621.0
2020-11-02,10910.0,11140.0,10420.0,10520.0,61818.0,31333.0
2020-11-03,10470.0,10765.0,10470.0,10525.0,45622.0,31772.0
2020-11-04,10545.0,10855.0,10350.0,10580.0,49461.0,31456.0
2020-11-05,10625.0,10750.0,10360.0,10475.0,36308.0,32611.0
2020-11-06,10690.0,10710.0,10390.0,10415.0,25578.0,31237.0
2020-11-09,10460.0,10530.0,10055.0,10295.0,43654.0,30121.0
2020-11-10,10480.0,10610.0,10265.0,10355.0,34631.0,30556.0
2020-11-11,10370.0,10675.0,10310.0,10610.0,25162.0,30025.0
2020-11-12,10585.0,10825.0,10505.0,10810.0,23356.0,29955.0
2020-11-13,10790.0,10850.0,10540.0,10610.0,23932.0,28919.0
2020-11-16,10610.0,10755.0,10545.0,10680.0,15503.0,28671.0
2020-11-17,10790.0,10790.0,10385.0,10445.0,17495.0,28125.0
2020-11-18,10400.0,10490.0,10275.0,10405.0,13052.0,27949.0
2020-11-19,10430.0,10585.0,10360.0,10510.0,14141.0,26900.0
2020-11-20,10440.0,10590.0,10350.0,10370.0,12203.0,26061.0
2020-11-23,10435.0,10665.0,10395.0,10630.0,13016.0,24143.0
2020-11-24,10640.0,10695.0,10385.0,10690.0,15395.0,21163.0
2020-11-25,10675.0,10825.0,10585.0,10700.0,15771.0,16411.0
2020-11-26,10700.0,10790.0,10570.0,10625.0,11565.0,12669.0
2020-11-27,10615.0,11255.0,10600.0,11195.0,16792.0,8909.0
2020-11-30,11280.0,11360.0,10980.0,11025.0,14545.0,27769.0
2020-12-01,11110.0,11275.0,11015.0,11130.0,12119.0,27517.0
2020-12-02,11180.0,11480.0,11070.0,11370.0,20200.0,28246.0
2020-12-03,11360.0,11410.0,11050.0,11090.0,19394.0,27409.0
2020-12-04,11105.0,11185.0,10545.0,10715.0,27358.0,27805.0
2020-12-07,10715.0,11000.0,10700.0,10745.0,17639.0,27685.0
2020-12-08,10725.0,10855.0,10505.0,10515.0,12510.0,28240.0
2020-12-09,10530.0,10550.0,10250.0,10270.0,21010.0,29468.0
2020-12-10,10320.0,10490.0,10230.0,10260.0,12544.0,28686.0
2020-12-11,10250.0,10540.0,10215.0,10465.0,13925.0,28431.0
2020-12-14,10465.0,10760.0,10370.0,10620.0,16991.0,28608.0
2020-12-15,10625.0,10625.0,10405.0,10505.0,10749.0,27181.0
2020-12-16,10580.0,10670.0,10335.0,10360.0,12383.0,26624.0
2020-12-17,10395.0,10645.0,10385.0,10555.0,13593.0,25003.0
2020-12-18,10515.0,10795.0,10480.0,10780.0,15205.0,24045.0
2020-12-21,10810.0,11070.0,10665.0,10865.0,19375.0,22277.0
2020-12-22,10765.0,10765.0,10060.0,10060.0,23927.0,20294.0
2020-12-23,10160.0,10325.0,10090.0,10280.0,16142.0,18638.0
2020-12-24,10320.0,10515.0,10235.0,10370.0,14045.0,15752.0
2020-12-25,10350.0,10535.0,10295.0,10340.0,11600.0,13165.0
2020-12-28,10355.0,10400.0,9980.0,10165.0,12855.0,10460.0
2020-12-29,10315.0,10395.0,10000.0,10045.0,16097.0,25908.0
2020-12-30,10075.0,10195.0,9910.0,10130.0,15462.0,26642.0
2020-12-31,10125.0,10355.0,10030.0,10310.0,12213.0,27264.0
2021-01-04,10450.0,10735.0,10405.0,10660.0,12432.0,27517.0
2021-01-05,10580.0,10690.0,10425.0,10685.0,14435.0,27859.0
2021-01-06,10725.0,10805.0,10515.0,10700.0,14412.0,28599.0
2021-01-07,10670.0,11100.0,10450.0,11015.0,22413.0,29967.0
2021-01-08,11000.0,11065.0,10800.0,10990.0,12354.0,30425.0
2021-01-11,10965.0,11185.0,10290.0,10440.0,25747.0,29833.0
2021-01-12,10495.0,10610.0,10330.0,10530.0,13522.0,29567.0
2021-01-13,10600.0,10690.0,10465.0,10670.0,15910.0,29109.0
2021-01-14,10620.0,10715.0,10405.0,10645.0,16136.0,28545.0
2021-01-15,10660.0,11085.0,10640.0,10945.0,19843.0,29202.0
2021-01-18,10920.0,11160.0,10820.0,11020.0,17211.0,29106.0
2021-01-19,10970.0,11005.0,10705.0,10820.0,13911.0,28303.0
2021-01-20,10880.0,10990.0,10745.0,10850.0,12030.0,27436.0
2021-01-21,10815.0,11160.0,10725.0,10890.0,17892.0,26377.0
2021-01-22,10870.0,10930.0,10535.0,10635.0,20135.0,24277.0
2021-01-25,10580.0,10710.0,10455.0,10505.0,16224.0,22147.0
2021-01-26,10540.0,10700.0,10390.0,10390.0,19968.0,16462.0
2021-01-27,10450.0,10675.0,10415.0,10595.0,12156.0,13388.0
2021-01-28,10540.0,10590.0,10285.0,10450.0,11450.0,11908.0
2021-01-29,10525.0,10690.0,10520.0,10660.0,11607.0,9933.0
2021-02-01,10720.0,10920.0,10705.0,10850.0,18531.0,26552.0
2021-02-02,10820.0,10935.0,10590.0,10675.0,20711.0,28047.0
2021-02-03,10715.0,10745.0,10505.0,10515.0,19307.0,28922.0
2021-02-04,10600.0,10845.0,10520.0,10810.0,21193.0,29155.0
2021-02-05,10780.0,10975.0,10760.0,10920.0,23035.0,30372.0
2021-02-08,10940.0,11130.0,10805.0,10920.0,23565.0,30176.0
2021-02-09,10925.0,11110.0,10800.0,11000.0,20859.0,28950.0
2021-02-10,10910.0,10945.0,10630.0,10800.0,19699.0,27886.0
2021-02-18,11180.0,11430.0,10975.0,11140.0,24135.0,27199.0
2021-02-19,11190.0,11615.0,11180.0,11560.0,31066.0,26261.0
2021-02-22,11560.0,12100.0,11465.0,11765.0,38571.0,25521.0
2021-02-23,11745.0,12330.0,11645.0,11950.0,37350.0,20876.0
2021-02-24,11855.0,12205.0,11790.0,12130.0,27520.0,14731.0
2021-02-25,12230.0,12960.0,12220.0,12955.0,23260.0,13072.0
2021-02-26,12955.0,13040.0,11925.0,11950.0,41191.0,10048.0
2021-03-01,12010.0,12225.0,11685.0,11950.0,42827.0,34269.0
2021-03-02,12010.0,12150.0,11425.0,11630.0,31917.0,35295.0
2021-03-03,11725.0,11845.0,11570.0,11810.0,22572.0,36336.0
2021-03-04,11925.0,12000.0,11540.0,11680.0,34156.0,36804.0
2021-03-05,11640.0,11980.0,11505.0,11930.0,39061.0,37569.0
2021-03-08,11995.0,12425.0,11715.0,11755.0,40796.0,38170.0
2021-03-09,11780.0,12030.0,11675.0,11690.0,33323.0,37172.0
2021-03-10,11750.0,12230.0,11610.0,12200.0,40664.0,38888.0
2021-03-11,12190.0,12210.0,11730.0,12160.0,35950.0,38450.0
2021-03-12,12160.0,12300.0,12000.0,12030.0,27876.0,37860.0
2021-03-15,12030.0,12220.0,11775.0,11885.0,30126.0,36335.0
2021-03-16,11900.0,12065.0,11805.0,11900.0,26625.0,34490.0
2021-03-17,11885.0,12265.0,11850.0,12195.0,28656.0,34177.0
2021-03-18,12145.0,12485.0,12060.0,12170.0,30928.0,33592.0
2021-03-19,12170.0,12315.0,11570.0,11645.0,42841.0,30601.0
2021-03-22,11690.0,11925.0,11665.0,11855.0,24938.0,29585.0
2021-03-23,11860.0,11870.0,11535.0,11690.0,21328.0,28539.0
2021-03-24,11625.0,11640.0,11110.0,11550.0,26484.0,27359.0
2021-03-25,11570.0,11605.0,11255.0,11305.0,15028.0,26123.0
2021-03-26,11205.0,11270.0,11020.0,11245.0,23845.0,18957.0
2021-03-29,11270.0,11320.0,11005.0,11090.0,21789.0,15547.0
2021-03-30,11130.0,11175.0,10930.0,11085.0,16680.0,11534.0
2021-03-31,11090.0,11115.0,10535.0,10710.0,17144.0,9368.0
2021-04-01,10895.0,11120.0,10875.0,11070.0,14019.0,33851.0
2021-04-02,11045.0,11415.0,11010.0,11275.0,17444.0,33998.0
2021-04-06,11215.0,11295.0,11150.0,11220.0,8195.0,34363.0
2021-04-07,11295.0,11480.0,11165.0,11225.0,16252.0,34962.0
2021-04-08,11230.0,11285.0,10910.0,10985.0,15367.0,35157.0
2021-04-09,11000.0,11085.0,10780.0,10820.0,16322.0,34642.0
2021-04-12,10860.0,10880.0,10345.0,10490.0,23083.0,35170.0
2021-04-13,10545.0,10620.0,10370.0,10585.0,13266.0,34435.0
2021-04-14,10610.0,10720.0,10495.0,10655.0,14420.0,33941.0
2021-04-15,10665.0,10870.0,10630.0,10855.0,17915.0,33704.0
2021-04-16,10855.0,11015.0,10755.0,10865.0,17159.0,32700.0
2021-04-19,10840.0,10880.0,10470.0,10840.0,23368.0,32509.0
2021-04-20,10820.0,11055.0,10785.0,11010.0,23293.0,30564.0
2021-04-21,11020.0,11040.0,10860.0,11010.0,15414.0,30411.0
2021-04-22,10945.0,11195.0,10900.0,11055.0,19883.0,29974.0
2021-04-23,11100.0,11230.0,11020.0,11230.0,19324.0,28024.0
2021-04-26,11195.0,11300.0,10920.0,11005.0,29293.0,20575.0
2021-04-27,11000.0,11020.0,10780.0,10970.0,20023.0,16924.0
2021-04-28,11025.0,11150.0,10880.0,11095.0,14149.0,15000.0
2021-04-29,11120.0,11300.0,11110.0,11165.0,17093.0,13006.0
2021-04-30,11230.0,11390.0,10080.0,11110.0,13791.0,11715.0
2021-05-06,11310.0,11600.0,11300.0,11585.0,12306.0,29344.0
2021-05-07,11575.0,11880.0,11565.0,11660.0,21971.0,31533.0
2021-05-10,11605.0,11890.0,11490.0,11730.0,28959.0,32940.0
2021-05-11,11710.0,11720.0,11325.0,11410.0,28636.0,33477.0
2021-05-12,11400.0,11550.0,11265.0,11525.0,21179.0,33080.0
2021-05-13,11495.0,11610.0,11000.0,11025.0,34943.0,33893.0
2021-05-14,11050.0,11080.0,10470.0,10740.0,37231.0,32126.0
2021-05-17,10785.0,10895.0,10740.0,10850.0,18702.0,32146.0
2021-05-18,10840.0,10865.0,10700.0,10790.0,15555.0,32557.0
2021-05-19,10805.0,10825.0,10570.0,10675.0,20451.0,32583.0
2021-05-20,10640.0,10835.0,10435.0,10815.0,22837.0,32496.0
2021-05-21,10765.0,11140.0,10655.0,11055.0,25016.0,31788.0
2021-05-24,11060.0,11200.0,10895.0,11070.0,24212.0,29545.0
2021-05-25,11085.0,11175.0,11020.0,11155.0,15287.0,27211.0
2021-05-26,11165.0,11275.0,11055.0,11185.0,22895.0,18634.0
2021-05-27,11160.0,11230.0,11025.0,11080.0,20048.0,14019.0
2021-05-28,11020.0,11330.0,10990.0,11030.0,15912.0,12886.0
2021-05-31,11040.0,11085.0,10715.0,10815.0,13906.0,11206.0
2021-06-01,10850.0,10855.0,10665.0,10760.0,11598.0,10269.0
2021-06-02,10790.0,10805.0,10415.0,10530.0,11974.0,9204.0
2021-06-03,10745.0,10900.0,10670.0,10895.0,17888.0,29308.0
2021-06-04,10850.0,10940.0,10595.0,10875.0,17071.0,29568.0
2021-06-07,10885.0,10955.0,10635.0,10670.0,18264.0,30439.0
2021-06-08,10670.0,10755.0,10455.0,10710.0,23970.0,30427.0
2021-06-09,10675.0,10825.0,10670.0,10745.0,14946.0,29689.0
2021-06-10,10700.0,10755.0,10460.0,10460.0,17162.0,30843.0
2021-06-11,10470.0,10580.0,10300.0,10450.0,20908.0,30987.0
2021-06-15,10455.0,10495.0,10210.0,10405.0,16225.0,31525.0
2021-06-16,10390.0,10570.0,10385.0,10520.0,13782.0,30739.0
2021-06-17,10520.0,10645.0,10460.0,10530.0,14508.0,30559.0
2021-06-18,10495.0,10600.0,10255.0,10495.0,24003.0,30373.0
2021-06-21,10495.0,10565.0,10260.0,10290.0,19054.0,31832.0
2021-06-22,10290.0,10395.0,10235.0,10305.0,18041.0,31242.0
2021-06-23,10295.0,10660.0,10260.0,10570.0,22797.0,28090.0
2021-06-24,10580.0,10700.0,10550.0,10670.0,13763.0,27490.0
2021-06-25,10640.0,10825.0,10610.0,10795.0,23336.0,24106.0
2021-06-28,10805.0,10825.0,10670.0,10770.0,27123.0,14295.0
2021-06-29,10760.0,10790.0,10420.0,10470.0,21907.0,11322.0
2021-06-30,10490.0,10520.0,10275.0,10340.0,13213.0,11505.0
2021-07-01,10350.0,10360.0,10090.0,10150.0,13922.0,10837.0
2021-07-02,10295.0,10380.0,10220.0,10305.0,15313.0,23374.0
2021-07-05,10340.0,10705.0,10320.0,10690.0,24716.0,22564.0
2021-07-06,10675.0,10870.0,10610.0,10830.0,17482.0,22252.0
2021-07-07,10800.0,10890.0,10570.0,10825.0,18928.0,21764.0
2021-07-08,10800.0,10830.0,10640.0,10725.0,15014.0,21839.0
2021-07-09,10725.0,10950.0,10590.0,10660.0,19335.0,21503.0
2021-07-12,10710.0,10880.0,10605.0,10670.0,13890.0,21634.0
2021-07-13,10650.0,10660.0,10500.0,10610.0,10659.0,21947.0
2021-07-14,10640.0,10655.0,10440.0,10610.0,9517.0,22297.0
2021-07-15,10630.0,10825.0,10555.0,10765.0,15181.0,22224.0
2021-07-16,10720.0,10975.0,10700.0,10920.0,15283.0,22931.0
2021-07-19,10930.0,11030.0,10840.0,10890.0,13161.0,23010.0
2021-07-20,10775.0,10800.0,10295.0,10330.0,28354.0,21823.0
2021-07-21,10385.0,10570.0,10370.0,10515.0,12110.0,20661.0
2021-07-22,10555.0,10685.0,10500.0,10615.0,7966.0,19790.0
2021-07-23,10660.0,10835.0,10635.0,10760.0,11607.0,19518.0
2021-07-26,10705.0,10880.0,10690.0,10775.0,11181.0,17930.0
2021-07-27,10775.0,10960.0,10710.0,10760.0,13135.0,15863.0
2021-07-28,10750.0,10905.0,10645.0,10845.0,12189.0,14065.0
2021-07-29,10895.0,10995.0,10785.0,10995.0,9325.0,13147.0
2021-07-30,11000.0,11175.0,10970.0,11090.0,12571.0,12297.0
2021-08-02,11030.0,11190.0,10875.0,11150.0,11827.0,11014.0
2021-08-03,11290.0,11340.0,11135.0,11160.0,8261.0,15892.0
2021-08-04,11130.0,11305.0,11025.0,11265.0,11171.0,18288.0
2021-08-05,11240.0,11295.0,11120.0,11130.0,8975.0,18224.0
2021-08-06,11165.0,11425.0,11145.0,11425.0,12030.0,20052.0
2021-08-09,11600.0,11860.0,11250.0,11385.0,19093.0,19371.0
2021-08-10,11355.0,11545.0,11305.0,11470.0,10678.0,19431.0
2021-08-11,11470.0,11485.0,11315.0,11475.0,8823.0,19508.0
2021-08-12,11470.0,11500.0,11290.0,11360.0,11208.0,19509.0
2021-08-13,11365.0,11615.0,11330.0,11585.0,13935.0,20141.0
2021-08-16,11570.0,11740.0,11515.0,11555.0,12582.0,20846.0
2021-08-17,11550.0,11825.0,11515.0,11795.0,13823.0,22894.0
2021-08-18,11800.0,11870.0,11655.0,11830.0,12997.0,22369.0
2021-08-19,11820.0,11890.0,11395.0,11435.0,20624.0,20015.0
2021-08-20,11330.0,11415.0,11205.0,11230.0,16104.0,18126.0
2021-08-23,11245.0,11310.0,11150.0,11305.0,11256.0,17304.0
2021-08-24,11355.0,11390.0,11235.0,11255.0,8993.0,16469.0
2021-08-25,11275.0,11325.0,11155.0,11270.0,8777.0,15988.0
2021-08-26,11280.0,11325.0,10900.0,10900.0,12717.0,14816.0
2021-08-27,10910.0,10960.0,10625.0,10695.0,16188.0,13918.0
2021-08-30,10730.0,10830.0,10700.0,10750.0,8095.0,13076.0
2021-08-31,10755.0,10775.0,10580.0,10705.0,9730.0,11562.0
2021-09-01,10755.0,10800.0,10560.0,10715.0,9261.0,10011.0
2021-09-02,10720.0,10760.0,10550.0,10610.0,7165.0,9207.0
2021-09-03,10725.0,10845.0,10660.0,10825.0,13276.0,19532.0
2021-09-06,10835.0,10930.0,10790.0,10840.0,12415.0,19889.0
2021-09-07,10845.0,10900.0,10720.0,10775.0,10244.0,20140.0
2021-09-08,10765.0,10800.0,10015.0,10410.0,26341.0,20558.0
2021-09-09,10455.0,10525.0,10365.0,10470.0,13614.0,20286.0
2021-09-10,10490.0,10650.0,10450.0,10595.0,12061.0,19305.0
2021-09-13,10595.0,10865.0,10585.0,10845.0,14375.0,18294.0
2021-09-14,10825.0,11260.0,10780.0,11135.0,24102.0,15052.0
2021-09-15,11155.0,11235.0,11015.0,11140.0,13334.0,13498.0
2021-09-16,11135.0,11245.0,11055.0,11195.0,13090.0,13127.0
2021-09-17,11190.0,11320.0,11105.0,11165.0,17636.0,12067.0
2021-09-22,11060.0,11065.0,10740.0,10805.0,10527.0,11493.0
2021-09-23,10840.0,10890.0,10780.0,10815.0,6492.0,11395.0
2021-09-24,10810.0,10865.0,10665.0,10810.0,7723.0,10629.0
2021-09-27,10825.0,11235.0,10805.0,11180.0,16710.0,9444.0
2021-09-28,11085.0,11260.0,11045.0,11175.0,11635.0,15121.0
2021-09-29,11175.0,11180.0,10975.0,11140.0,15786.0,14657.0
2021-09-30,11120.0,11430.0,11045.0,11390.0,18729.0,14779.0
2021-10-08,11665.0,11800.0,11470.0,11555.0,13494.0,15110.0
2021-10-11,11545.0,12020.0,11490.0,11935.0,16568.0,15622.0
2021-10-12,11935.0,12200.0,11795.0,11960.0,22050.0,14910.0
2021-10-13,11920.0,12040.0,11250.0,11560.0,20583.0,14496.0
2021-10-14,11610.0,11845.0,11540.0,11645.0,13660.0,14145.0
2021-10-15,11625.0,11835.0,11495.0,11820.0,15848.0,13654.0
2021-10-18,11845.0,11935.0,11425.0,11690.0,21390.0,12631.0
2021-10-19,11680.0,12555.0,11640.0,12235.0,28308.0,12924.0
2021-10-20,12200.0,12295.0,11800.0,12190.0,21488.0,12222.0
2021-10-21,12020.0,12680.0,11800.0,11910.0,27021.0,11463.0
2021-10-22,11905.0,11990.0,11375.0,11580.0,24680.0,10170.0
2021-10-25,11890.0,11890.0,11150.0,11600.0,29990.0,28777.0
2021-10-26,11605.0,11800.0,11425.0,11780.0,31558.0,22963.0
2021-10-27,11800.0,11990.0,11610.0,11720.0,34817.0,22068.0
2021-10-28,11730.0,11945.0,11505.0,11940.0,42692.0,22048.0
2021-10-29,11910.0,12100.0,11590.0,11690.0,31913.0,22993.0
2021-11-01,11650.0,11725.0,11420.0,11440.0,24564.0,23300.0
2021-11-02,11475.0,11555.0,11045.0,11320.0,26014.0,22089.0
2021-11-03,11320.0,11530.0,11310.0,11470.0,16902.0,21844.0
2021-11-04,11420.0,11450.0,10875.0,10940.0,28474.0,22187.0
2021-11-05,11030.0,11085.0,10910.0,11035.0,16196.0,21402.0
2021-11-08,11060.0,11210.0,10805.0,11145.0,18017.0,21004.0
2021-11-09,11165.0,11225.0,10955.0,11085.0,17969.0,21290.0
2021-11-10,11125.0,11220.0,10965.0,11075.0,20826.0,21197.0
2021-11-11,11080.0,11200.0,10990.0,11175.0,18599.0,20911.0
2021-11-12,11175.0,11400.0,11160.0,11380.0,22227.0,20825.0
2021-11-15,11385.0,11710.0,11290.0,11615.0,28819.0,20858.0
2021-11-16,11595.0,11815.0,11530.0,11700.0,17399.0,20767.0
2021-11-17,11685.0,11700.0,11495.0,11580.0,13748.0,20863.0
2021-11-18,11570.0,11595.0,11375.0,11375.0,14414.0,20236.0
2021-11-19,11395.0,11810.0,11345.0,11785.0,24128.0,20249.0
2021-11-22,11695.0,12200.0,11660.0,12150.0,25439.0,19206.0
2021-11-23,12135.0,12235.0,12030.0,12090.0,17473.0,17778.0
2021-11-24,12060.0,12280.0,11955.0,12230.0,24745.0,23619.0
2021-11-25,12255.0,12440.0,12235.0,12385.0,41348.0,24661.0
2021-11-26,12390.0,12410.0,11835.0,11915.0,34277.0,22924.0
2021-11-29,11875.0,12235.0,11750.0,12215.0,33443.0,24975.0
2021-11-30,12235.0,12240.0,11450.0,11800.0,33633.0,25828.0
2021-12-01,11815.0,12070.0,11810.0,11980.0,23437.0,27090.0
2021-12-02,12020.0,12025.0,11580.0,11615.0,34148.0,27093.0
2021-12-03,11600.0,11700.0,10820.0,11440.0,31584.0,26237.0
2021-12-06,11450.0,11490.0,11235.0,11345.0,26493.0,25032.0
2021-12-07,11370.0,11505.0,11205.0,11240.0,22031.0,24436.0
2021-12-08,11270.0,11440.0,11210.0,11300.0,20084.0,23893.0
2021-12-09,11300.0,11300.0,11000.0,11175.0,27949.0,24321.0
2021-12-10,11200.0,11360.0,11180.0,11300.0,20991.0,24678.0
2021-12-13,11320.0,11500.0,11300.0,11470.0,16290.0,24937.0
2021-12-14,11435.0,11525.0,11345.0,11490.0,17934.0,23492.0
2021-12-15,11485.0,11565.0,11275.0,11280.0,18132.0,21694.0
2021-12-16,11265.0,11435.0,11205.0,11415.0,16988.0,20187.0
2021-12-17,11555.0,11585.0,11310.0,11325.0,20860.0,26780.0
2021-12-20,11335.0,11355.0,11025.0,11065.0,31771.0,30277.0
2021-12-21,11105.0,11190.0,11080.0,11150.0,17903.0,31080.0
2021-12-22,11130.0,11310.0,11130.0,11270.0,17942.0,31102.0
2021-12-23,11270.0,11385.0,11245.0,11380.0,17856.0,30291.0
2021-12-24,11365.0,11405.0,11175.0,11180.0,25435.0,30052.0
2021-12-27,11170.0,11275.0,11000.0,11250.0,26406.0,29012.0
2021-12-28,11260.0,11645.0,11210.0,11545.0,27521.0,28654.0
2021-12-29,11530.0,11595.0,11465.0,11575.0,17353.0,28156.0
2021-12-30,11575.0,11715.0,11535.0,11625.0,24081.0,26283.0
2021-12-31,11625.0,11725.0,11595.0,11715.0,15744.0,25880.0
2022-01-04,11760.0,11840.0,11535.0,11595.0,15074.0,25474.0
2022-01-05,11635.0,11875.0,11575.0,11710.0,21741.0,24724.0
2022-01-06,11720.0,11740.0,11470.0,11470.0,20433.0,25694.0
2022-01-07,11495.0,11875.0,11480.0,11780.0,19626.0,25045.0
2022-01-10,11805.0,11990.0,11695.0,11935.0,23877.0,24640.0
2022-01-11,11915.0,12000.0,11790.0,11965.0,16897.0,25010.0
2022-01-12,11970.0,12070.0,11870.0,12045.0,18065.0,24847.0
2022-01-13,12065.0,12190.0,11885.0,11900.0,18932.0,23959.0
2022-01-14,11900.0,12265.0,11850.0,12190.0,16928.0,24162.0
2022-01-17,12160.0,12205.0,11780.0,11925.0,22863.0,22302.0
2022-01-18,11935.0,12130.0,11800.0,11945.0,19281.0,19603.0
2022-01-19,12080.0,12380.0,12040.0,12100.0,31185.0,32267.0
2022-01-20,12135.0,12245.0,12025.0,12095.0,27185.0,34171.0
2022-01-21,12090.0,12140.0,11745.0,11785.0,32926.0,33373.0
2022-01-24,11805.0,11820.0,11550.0,11575.0,28283.0,33482.0
2022-01-25,11580.0,11635.0,11490.0,11570.0,22568.0,31845.0
2022-01-26,11595.0,11730.0,11530.0,11580.0,21334.0,29032.0
2022-01-27,11585.0,11650.0,11305.0,11315.0,25687.0,29979.0
2022-01-28,11345.0,11505.0,11155.0,11405.0,26715.0,29791.0
2022-02-07,11595.0,11825.0,11535.0,11700.0,17296.0,29791.0
2022-02-08,11710.0,11865.0,11650.0,11810.0,18737.0,30986.0
2022-02-09,11745.0,11940.0,11720.0,11910.0,21935.0,28397.0
2022-02-10,11880.0,12020.0,11790.0,12015.0,16741.0,27647.0
2022-02-11,12035.0,12040.0,11770.0,11770.0,20475.0,26465.0
2022-02-14,11825.0,12025.0,11785.0,11950.0,17848.0,26709.0
2022-02-15,11935.0,11950.0,11520.0,11730.0,33093.0,23218.0
2022-02-16,11730.0,11790.0,11635.0,11720.0,20108.0,20540.0
2022-02-17,11855.0,11860.0,11570.0,11655.0,32421.0,29448.0
2022-02-18,11625.0,12170.0,11615.0,12040.0,53650.0,38676.0
2022-02-21,12000.0,12080.0,11960.0,11960.0,35590.0,41099.0
2022-02-22,11955.0,11975.0,11655.0,11760.0,43803.0,40546.0
2022-02-23,11780.0,11900.0,11780.0,11825.0,26755.0,42093.0
2022-02-24,11845.0,12070.0,11795.0,11875.0,41465.0,42887.0
2022-02-25,11935.0,12075.0,11715.0,11825.0,54919.0,44077.0
2022-02-28,11820.0,11835.0,11655.0,11755.0,37180.0,44731.0
2022-03-01,11750.0,11760.0,11420.0,11530.0,44904.0,45640.0
2022-03-02,11580.0,11840.0,11550.0,11720.0,38972.0,43449.0
2022-03-03,11735.0,11900.0,11675.0,11760.0,35454.0,42463.0
2022-03-04,11705.0,11755.0,11335.0,11445.0,52923.0,44119.0
2022-03-07,11500.0,11645.0,11400.0,11545.0,41192.0,42895.0
2022-03-08,11550.0,11620.0,11345.0,11385.0,37971.0,42148.0
2022-03-09,11410.0,11875.0,11380.0,11790.0,59158.0,40160.0
2022-03-10,11750.0,11895.0,11625.0,11700.0,39392.0,39121.0
2022-03-11,11675.0,11735.0,11395.0,11470.0,31535.0,39567.0
2022-03-14,11480.0,11495.0,11120.0,11165.0,34985.0,40349.0
2022-03-15,11195.0,11240.0,11030.0,11050.0,27780.0,40011.0
2022-03-16,11065.0,11120.0,10885.0,11020.0,25271.0,40280.0
2022-03-17,11045.0,11065.0,10850.0,11010.0,24791.0,40962.0
2022-03-18,11050.0,11170.0,11020.0,11145.0,21369.0,38391.0
2022-03-21,11150.0,11185.0,10900.0,11185.0,23268.0,37061.0
2022-03-22,11185.0,11190.0,11075.0,11110.0,19200.0,36170.0
2022-03-23,11125.0,11160.0,11015.0,11050.0,21159.0,35572.0
2022-03-24,11105.0,11215.0,11075.0,11135.0,24679.0,34112.0
2022-03-25,11170.0,11285.0,11090.0,11225.0,27647.0,30247.0
2022-03-28,11170.0,11255.0,10990.0,11195.0,38429.0,23249.0
2022-03-29,11155.0,11230.0,11140.0,11205.0,21252.0,19740.0
2022-03-30,11180.0,11420.0,11070.0,11360.0,29200.0,15022.0
2022-03-31,11360.0,11460.0,11335.0,11425.0,22966.0,11329.0
2022-04-01,11425.0,11515.0,11350.0,11375.0,16993.0,9972.0
2022-04-06,11460.0,11520.0,11380.0,11440.0,10442.0,9140.0
2022-04-07,11510.0,11550.0,11185.0,11275.0,27950.0,44041.0
2022-04-08,11240.0,11355.0,11225.0,11340.0,21645.0,43763.0
2022-04-11,11355.0,11450.0,11255.0,11335.0,24136.0,42741.0
2022-04-12,11280.0,11375.0,11230.0,11275.0,23602.0,43569.0
2022-04-13,11285.0,11315.0,11095.0,11140.0,30737.0,44432.0
2022-04-14,11160.0,11320.0,11150.0,11255.0,21276.0,42869.0
2022-04-15,11260.0,11295.0,11160.0,11185.0,21569.0,42024.0
2022-04-18,11205.0,11425.0,11180.0,11335.0,32022.0,36744.0
2022-04-19,11350.0,11410.0,11310.0,11350.0,19968.0,35610.0
2022-04-20,11335.0,11360.0,11150.0,11210.0,24533.0,36798.0
2022-04-21,11210.0,11220.0,11075.0,11135.0,25369.0,37978.0
2022-04-22,11145.0,11195.0,10935.0,10960.0,29770.0,39108.0
2022-04-25,10975.0,11020.0,10700.0,10710.0,35569.0,38067.0
2022-04-26,10730.0,10810.0,10610.0,10710.0,34589.0,31716.0
2022-04-27,10800.0,10915.0,10595.0,10685.0,30952.0,30735.0
2022-04-28,10675.0,10715.0,10575.0,10590.0,28860.0,26666.0
2022-04-29,10620.0,11025.0,10615.0,10955.0,38805.0,18500.0
2022-05-05,11025.0,11090.0,10810.0,10875.0,15324.0,16819.0
2022-05-06,10955.0,10990.0,10735.0,10765.0,32065.0,44879.0
2022-05-09,10765.0,10795.0,10500.0,10535.0,38596.0,49871.0
2022-05-10,10550.0,10895.0,10535.0,10845.0,44115.0,46457.0
2022-05-11,10870.0,10900.0,10730.0,10810.0,29386.0,47264.0
2022-05-12,10820.0,10940.0,10720.0,10790.0,34197.0,47172.0
2022-05-13,10810.0,10910.0,10790.0,10850.0,27804.0,47439.0
2022-05-16,10895.0,11135.0,10850.0,11060.0,29361.0,45326.0
2022-05-17,11080.0,11145.0,11025.0,11075.0,17382.0,44188.0
2022-05-18,11070.0,11205.0,10995.0,11075.0,29745.0,42464.0
2022-05-19,11065.0,11170.0,10960.0,11160.0,25761.0,40301.0
2022-05-20,11110.0,11275.0,11110.0,11230.0,24633.0,40009.0
2022-05-23,11190.0,11230.0,11060.0,11195.0,27761.0,38362.0
2022-05-24,11200.0,11345.0,11170.0,11175.0,27279.0,35883.0
2022-05-25,11215.0,11255.0,11135.0,11245.0,21639.0,34144.0
2022-05-26,11260.0,11380.0,11220.0,11380.0,27925.0,24529.0
2022-05-27,11395.0,11445.0,11355.0,11405.0,24309.0,18594.0
2022-05-30,11415.0,11575.0,11365.0,11400.0,22748.0,14622.0
2022-05-31,11415.0,11595.0,11360.0,11530.0,22408.0,34349.0
2022-06-01,11545.0,11690.0,11385.0,11690.0,34727.0,36219.0
2022-06-02,11655.0,11735.0,11525.0,11690.0,34131.0,37104.0
2022-06-06,11750.0,11750.0,11590.0,11660.0,20973.0,36740.0
2022-06-07,11645.0,11665.0,11430.0,11475.0,21589.0,35653.0
2022-06-08,11480.0,11545.0,11435.0,11535.0,22384.0,35533.0
2022-06-09,11545.0,11845.0,11540.0,11660.0,37072.0,36339.0
2022-06-10,11650.0,11740.0,11575.0,11605.0,30088.0,35031.0
2022-06-13,11600.0,11635.0,11210.0,11275.0,43423.0,33159.0
2022-06-14,11315.0,11320.0,11175.0,11220.0,33717.0,32969.0
2022-06-15,11255.0,11280.0,11140.0,11155.0,27983.0,33288.0
2022-06-16,11160.0,11205.0,11075.0,11130.0,33046.0,34427.0
2022-06-17,11135.0,11160.0,10990.0,11100.0,38658.0,33919.0
2022-06-20,11120.0,11190.0,11020.0,11165.0,44228.0,33263.0
2022-06-21,11175.0,11180.0,10935.0,11065.0,37799.0,34097.0
2022-06-22,11070.0,11125.0,10865.0,10900.0,27175.0,33315.0
2022-06-23,10930.0,11160.0,10920.0,11135.0,32700.0,29198.0
2022-06-24,11135.0,11260.0,11080.0,11215.0,33614.0,24782.0
2022-06-27,11205.0,11335.0,11050.0,11205.0,29483.0,13762.0
2022-06-28,11165.0,11300.0,11050.0,11270.0,50210.0,45322.0
2022-06-29,11225.0,11270.0,11055.0,11210.0,42188.0,45230.0
2022-06-30,11245.0,11260.0,11065.0,11220.0,43030.0,45409.0
2022-07-01,11230.0,11385.0,11030.0,11330.0,66976.0,47115.0
2022-07-04,11330.0,11445.0,11295.0,11345.0,54573.0,48877.0
2022-07-05,11340.0,11380.0,11135.0,11215.0,48251.0,49397.0
2022-07-06,11165.0,11175.0,10885.0,10990.0,67452.0,50148.0
2022-07-07,10860.0,11045.0,10860.0,10975.0,51087.0,51588.0
2022-07-08,11010.0,11140.0,10990.0,11050.0,43724.0,50878.0
2022-07-11,11055.0,11105.0,10955.0,11020.0,49523.0,50691.0
2022-07-12,11005.0,11235.0,10925.0,11100.0,53919.0,50526.0
2022-07-13,11030.0,11075.0,10530.0,10650.0,84769.0,52507.0
2022-07-14,10635.0,10665.0,10465.0,10550.0,59782.0,54102.0
2022-07-15,10550.0,10560.0,10335.0,10360.0,59955.0,53356.0
2022-07-18,10415.0,10750.0,10400.0,10695.0,56695.0,52264.0
2022-07-19,10795.0,10840.0,10725.0,10770.0,39130.0,52592.0
2022-07-20,10750.0,10900.0,10640.0,10825.0,47117.0,52562.0
2022-07-21,10850.0,10980.0,10820.0,10830.0,43182.0,49693.0
2022-07-22,10760.0,10850.0,10665.0,10665.0,49125.0,46343.0
2022-07-25,10645.0,10905.0,10600.0,10755.0,51378.0,44294.0
2022-07-26,10815.0,10835.0,10575.0,10790.0,30736.0,32288.0
2022-07-27,10965.0,10965.0,10705.0,10780.0,24006.0,23260.0
2022-07-28,10540.0,10685.0,10455.0,10550.0,40094.0,45661.0
2022-07-29,10555.0,10770.0,10520.0,10610.0,40048.0,47135.0
2022-08-01,10590.0,10755.0,10435.0,10470.0,38948.0,50275.0
2022-08-02,10415.0,10555.0,10325.0,10530.0,40361.0,48928.0
2022-08-03,10510.0,10530.0,10365.0,10445.0,32675.0,49496.0
2022-08-04,10445.0,10585.0,10210.0,10375.0,46073.0,51368.0
2022-08-05,10430.0,10490.0,10250.0,10470.0,34947.0,50949.0
2022-08-08,10445.0,10725.0,10370.0,10675.0,37543.0,48855.0
2022-08-09,10600.0,10705.0,10595.0,10645.0,20628.0,48639.0
2022-08-10,10645.0,10675.0,10370.0,10420.0,32232.0,49486.0
2022-08-11,10420.0,10495.0,10315.0,10400.0,27946.0,51003.0
2022-08-12,10405.0,10485.0,10335.0,10380.0,25387.0,51955.0
2022-08-15,10335.0,10385.0,10150.0,10185.0,36107.0,55253.0
2022-08-16,10110.0,10220.0,9975.0,10210.0,42546.0,54796.0
2022-08-17,10295.0,10355.0,10170.0,10275.0,31432.0,51293.0
2022-08-18,10260.0,10355.0,10220.0,10260.0,21417.0,48983.0
2022-08-19,10285.0,10310.0,10075.0,10150.0,26168.0,48130.0
2022-08-22,10060.0,10275.0,10055.0,10235.0,20477.0,47197.0
2022-08-23,10215.0,10305.0,10200.0,10230.0,21308.0,45303.0
2022-08-24,10230.0,10290.0,10085.0,10115.0,21851.0,44333.0
2022-08-25,10115.0,10155.0,10005.0,10085.0,23096.0,43624.0
2022-08-26,10040.0,10100.0,9865.0,10100.0,35573.0,29472.0
2022-08-29,10105.0,10245.0,10105.0,10165.0,30304.0,18723.0
2022-08-30,10080.0,10165.0,9855.0,9915.0,38939.0,52235.0
2022-08-31,9870.0,9915.0,9775.0,9805.0,31846.0,56805.0
2022-09-01,9735.0,9800.0,9605.0,9605.0,34149.0,59948.0
2022-09-02,9595.0,9600.0,9375.0,9440.0,38287.0,61998.0
2022-09-05,9460.0,9565.0,9430.0,9520.0,27066.0,63039.0
2022-09-06,9510.0,9520.0,9250.0,9370.0,39751.0,66139.0
2022-09-07,9320.0,9340.0,9185.0,9245.0,32338.0,67215.0
2022-09-08,9280.0,9505.0,9270.0,9380.0,42250.0,63800.0
2022-09-09,9375.0,9395.0,9245.0,9375.0,36876.0,63763.0
2022-09-13,9435.0,9605.0,9395.0,9525.0,33693.0,60019.0
2022-09-14,9530.0,9625.0,9430.0,9485.0,37348.0,59130.0
2022-09-15,9510.0,9670.0,9500.0,9590.0,34280.0,58809.0
2022-09-16,9630.0,9685.0,9525.0,9610.0,31665.0,58217.0
2022-09-19,9610.0,9670.0,9485.0,9515.0,34188.0,58388.0
2022-09-20,9445.0,9755.0,9410.0,9655.0,37180.0,55354.0
2022-09-21,9615.0,9750.0,9470.0,9745.0,35882.0,52189.0
2022-09-22,9760.0,9850.0,9720.0,9805.0,35131.0,50500.0
2022-09-23,9795.0,9875.0,9715.0,9755.0,37165.0,47368.0
2022-09-26,9730.0,9930.0,9690.0,9770.0,38530.0,33673.0
2022-09-27,9795.0,10050.0,9780.0,10025.0,37530.0,22793.0
2022-09-28,10025.0,10110.0,9965.0,10045.0,22122.0,16545.0
2022-09-29,10085.0,10140.0,9990.0,10115.0,31131.0,44459.0
2022-09-30,10080.0,10205.0,9905.0,9990.0,34857.0,44786.0
2022-10-10,10210.0,10320.0,10005.0,10025.0,28813.0,44685.0
2022-10-11,10060.0,10140.0,9920.0,9945.0,32990.0,45407.0
2022-10-12,9965.0,9970.0,9800.0,9885.0,33005.0,45677.0
2022-10-13,9885.0,9890.0,9740.0,9770.0,28411.0,46797.0
2022-10-14,9740.0,9815.0,9590.0,9730.0,30712.0,48398.0
2022-10-17,9735.0,9815.0,9665.0,9700.0,28342.0,50064.0
2022-10-18,9730.0,9755.0,9580.0,9680.0,35002.0,48542.0
2022-10-19,9690.0,9780.0,9655.0,9690.0,25638.0,46578.0
2022-10-20,9690.0,9700.0,9425.0,9440.0,38289.0,47278.0
2022-10-21,9465.0,9530.0,9380.0,9425.0,29137.0,48051.0
2022-10-24,9420.0,9460.0,9385.0,9395.0,30002.0,46366.0
2022-10-25,9375.0,9505.0,9340.0,9435.0,32415.0,43114.0
2022-10-26,9415.0,9455.0,9260.0,9260.0,38819.0,25018.0
2022-10-27,9240.0,9360.0,9185.0,9215.0,23026.0,18111.0
2022-10-28,9080.0,9135.0,8885.0,8915.0,48929.0,60204.0
2022-10-31,8935.0,8960.0,8695.0,8820.0,46722.0,61603.0
2022-11-01,8800.0,9150.0,8775.0,9105.0,48042.0,61996.0
2022-11-02,9120.0,9255.0,9045.0,9225.0,43154.0,59991.0
2022-11-03,9205.0,9315.0,9185.0,9280.0,31516.0,58416.0
2022-11-04,9240.0,9540.0,9205.0,9495.0,46332.0,56112.0
2022-11-07,9480.0,9640.0,9460.0,9515.0,39307.0,54801.0
2022-11-08,9540.0,9800.0,9515.0,9765.0,46174.0,54613.0
2022-11-09,9740.0,9800.0,9705.0,9775.0,34206.0,52977.0
2022-11-10,9715.0,9720.0,9530.0,9560.0,51705.0,53479.0
2022-11-11,9540.0,9715.0,9425.0,9595.0,57739.0,51543.0
2022-11-14,9630.0,9700.0,9495.0,9580.0,48347.0,49631.0
2022-11-15,9580.0,9695.0,9545.0,9620.0,36289.0,49649.0
2022-11-16,9635.0,9680.0,9480.0,9650.0,35590.0,49745.0
2022-11-17,9630.0,9755.0,9545.0,9710.0,46244.0,47700.0
2022-11-18,9700.0,9735.0,9625.0,9670.0,31601.0,47624.0
2022-11-21,9650.0,9660.0,9245.0,9320.0,52677.0,46600.0
2022-11-22,9315.0,9610.0,9300.0,9525.0,50525.0,44208.0
2022-11-23,9555.0,9620.0,9475.0,9550.0,34830.0,42594.0
2022-11-24,9530.0,9595.0,9440.0,9455.0,38344.0,40533.0
2022-11-25,9485.0,9545.0,9385.0,9500.0,33327.0,38301.0
2022-11-28,9505.0,9670.0,9500.0,9520.0,37444.0,23667.0
2022-11-29,9565.0,9680.0,9515.0,9610.0,41905.0,34544.0
2022-11-30,9610.0,9665.0,9485.0,9635.0,37608.0,33728.0
2022-12-01,9675.0,9870.0,9670.0,9780.0,51405.0,35827.0
2022-12-02,9760.0,9845.0,9670.0,9830.0,36533.0,36888.0
2022-12-05,9840.0,9880.0,9735.0,9795.0,40954.0,36015.0
2022-12-06,9800.0,9905.0,9725.0,9835.0,37654.0,36593.0
2022-12-07,9820.0,9985.0,9815.0,9840.0,44495.0,36627.0
2022-12-08,9840.0,9970.0,9765.0,9960.0,38604.0,35746.0
2022-12-09,9970.0,10030.0,9915.0,10010.0,37371.0,33767.0
2022-12-12,9970.0,10000.0,9825.0,9855.0,38677.0,31655.0
2022-12-13,9850.0,9905.0,9745.0,9880.0,32674.0,30282.0
2022-12-14,9885.0,10040.0,9880.0,10025.0,35385.0,26676.0
2022-12-15,10015.0,10020.0,9820.0,9905.0,32330.0,24363.0
2022-12-16,9905.0,10095.0,9875.0,9990.0,40876.0,22198.0
2022-12-19,10045.0,10070.0,9715.0,9810.0,58631.0,49919.0
2022-12-20,9835.0,9845.0,9595.0,9710.0,47780.0,50579.0
2022-12-21,9695.0,9770.0,9635.0,9720.0,43109.0,52380.0
2022-12-22,9720.0,9750.0,9520.0,9570.0,41680.0,53820.0
2022-12-23,9610.0,9635.0,9380.0,9440.0,51165.0,55998.0
2022-12-26,9445.0,9600.0,9435.0,9565.0,41186.0,44282.0
2022-12-27,9565.0,9715.0,9535.0,9675.0,26886.0,40490.0
2022-12-28,9650.0,9760.0,9625.0,9705.0,24745.0,36313.0
2022-12-29,9690.0,9735.0,9545.0,9585.0,20969.0,37220.0
2022-12-30,9595.0,9625.0,9520.0,9575.0,15246.0,37056.0
2023-01-03,9550.0,9830.0,9440.0,9825.0,28701.0,35705.0
2023-01-04,9825.0,9900.0,9790.0,9830.0,21205.0,31746.0
2023-01-05,9875.0,9895.0,9750.0,9830.0,40955.0,42253.0
2023-01-06,9850.0,9870.0,9600.0,9690.0,46507.0,45850.0
2023-01-09,9700.0,9760.0,9580.0,9635.0,42053.0,50438.0
2023-01-10,9650.0,9695.0,9585.0,9650.0,35237.0,51717.0
2023-01-11,9660.0,9860.0,9595.0,9810.0,45525.0,51636.0
2023-01-12,9780.0,9790.0,9650.0,9695.0,46909.0,52906.0
2023-01-13,9725.0,9790.0,9680.0,9765.0,48329.0,52305.0
2023-01-16,9755.0,9850.0,9690.0,9820.0,50386.0,52646.0
2023-01-17,9815.0,10205.0,9790.0,10125.0,65609.0,54803.0
2023-01-18,10150.0,10305.0,10115.0,10290.0,51022.0,53347.0
2023-01-19,10245.0,10285.0,10130.0,10230.0,53078.0,50290.0
2023-01-20,10220.0,10275.0,10105.0,10240.0,44292.0,47102.0
2023-01-30,10400.0,10435.0,10140.0,10260.0,34893.0,41077.0
2023-01-31,10275.0,10360.0,10150.0,10230.0,38869.0,33909.0
2023-02-01,10190.0,10325.0,10110.0,10185.0,28617.0,30059.0
2023-02-02,10150.0,10165.0,9865.0,9900.0,41086.0,26186.0
2023-02-03,10005.0,10040.0,9840.0,9925.0,34056.0,47628.0
2023-02-06,9945.0,10025.0,9920.0,9995.0,36398.0,49869.0
2023-02-07,10000.0,10005.0,9855.0,9945.0,32288.0,51917.0
2023-02-08,9930.0,9955.0,9825.0,9870.0,34363.0,53830.0
2023-02-09,9835.0,9950.0,9830.0,9860.0,28827.0,54347.0
2023-02-10,9875.0,9965.0,9720.0,9790.0,41743.0,55368.0
2023-02-13,9805.0,9845.0,9740.0,9820.0,30035.0,56707.0
2023-02-14,9825.0,9965.0,9820.0,9920.0,36240.0,56739.0
2023-02-15,9895.0,10020.0,9855.0,9935.0,39692.0,57541.0
2023-02-16,9910.0,10045.0,9900.0,9970.0,33312.0,58655.0
2023-02-17,9950.0,10080.0,9945.0,9980.0,35795.0,60260.0
2023-02-20,9945.0,10160.0,9880.0,10115.0,44268.0,62970.0
2023-02-21,10100.0,10230.0,10090.0,10140.0,35646.0,61210.0
2023-02-22,10135.0,10245.0,10095.0,10160.0,33382.0,61428.0
2023-02-23,10195.0,10345.0,10165.0,10220.0,45601.0,62143.0
2023-02-24,10205.0,10325.0,10200.0,10260.0,32450.0,62015.0
2023-02-27,10220.0,10240.0,10060.0,10095.0,34848.0,59239.0
2023-02-28,10105.0,10195.0,10100.0,10150.0,23781.0,58490.0
2023-03-01,10150.0,10290.0,10090.0,10260.0,25279.0,58386.0
2023-03-02,10260.0,10335.0,10240.0,10305.0,19114.0,58458.0
2023-03-03,10300.0,10330.0,10225.0,10280.0,20422.0,58096.0
2023-03-06,10265.0,10265.0,10105.0,10135.0,32645.0,55094.0
2023-03-07,10130.0,10175.0,10070.0,10125.0,20724.0,54232.0
2023-03-08,10135.0,10150.0,9965.0,10000.0,29115.0,51247.0
2023-03-09,10055.0,10075.0,9910.0,9935.0,35586.0,55662.0
2023-03-10,9925.0,9975.0,9770.0,9795.0,43464.0,57696.0
2023-03-13,9815.0,9820.0,9655.0,9730.0,46557.0,61015.0
2023-03-14,9690.0,9760.0,9595.0,9655.0,46897.0,62969.0
2023-03-15,9685.0,9755.0,9615.0,9640.0,39986.0,64824.0
2023-03-16,9585.0,9625.0,9275.0,9315.0,58228.0,65470.0
2023-03-17,9355.0,9475.0,9325.0,9445.0,39540.0,65934.0
2023-03-20,9475.0,9565.0,9435.0,9455.0,39247.0,65282.0
2023-03-21,9470.0,9505.0,9365.0,9490.0,36009.0,65941.0
2023-03-22,9495.0,9530.0,9385.0,9470.0,33550.0,67529.0
2023-03-23,9470.0,9520.0,9390.0,9410.0,35362.0,68576.0
2023-03-24,9420.0,9440.0,9325.0,9415.0,40144.0,70984.0
2023-03-27,9400.0,9620.0,9315.0,9545.0,37647.0,73901.0
2023-03-28,9535.0,9650.0,9535.0,9590.0,27281.0,73713.0
2023-03-29,9595.0,9635.0,9500.0,9545.0,27984.0,74140.0
2023-03-30,9575.0,9660.0,9550.0,9580.0,28968.0,75103.0
2023-03-31,9575.0,9690.0,9545.0,9615.0,34093.0,74351.0
2023-04-03,9645.0,9750.0,9605.0,9620.0,38007.0,73706.0
2023-04-04,9595.0,9620.0,9435.0,9505.0,31844.0,71939.0
2023-04-06,9470.0,9575.0,9395.0,9420.0,24969.0,69397.0
2023-04-07,9405.0,9440.0,9345.0,9380.0,24696.0,67945.0
2023-04-10,9400.0,9450.0,9345.0,9410.0,19823.0,67332.0
2023-04-11,9390.0,9465.0,9375.0,9460.0,18949.0,66867.0
2023-04-12,9485.0,9500.0,9400.0,9480.0,22763.0,63780.0
2023-04-13,9500.0,9515.0,9415.0,9455.0,24360.0,61742.0
2023-04-14,9470.0,9550.0,9405.0,9405.0,23836.0,59924.0
2023-04-17,9410.0,9675.0,9395.0,9630.0,28833.0,57465.0
2023-04-18,9610.0,9700.0,9590.0,9620.0,20191.0,56381.0
2023-04-19,9610.0,9780.0,9590.0,9705.0,24185.0,54996.0
2023-04-20,9640.0,9750.0,9595.0,9740.0,21524.0,53420.0
2023-04-21,9730.0,9765.0,9615.0,9620.0,22947.0,50441.0
2023-04-24,9615.0,9630.0,9395.0,9430.0,26181.0,47803.0
2023-04-25,9465.0,9905.0,9465.0,9690.0,39736.0,45038.0
2023-04-26,9750.0,9775.0,9555.0,9750.0,46965.0,61040.0
2023-04-27,9745.0,9775.0,9560.0,9570.0,37713.0,61270.0
2023-04-28,9550.0,9660.0,9535.0,9620.0,28630.0,61573.0
2023-05-04,9540.0,9715.0,9485.0,9620.0,27191.0,63897.0
2023-05-05,9620.0,9660.0,9500.0,9560.0,29599.0,67492.0
2023-05-08,9595.0,9790.0,9560.0,9775.0,48733.0,69992.0
2023-05-09,9730.0,9820.0,9675.0,9705.0,34442.0,69172.0
2023-05-10,9685.0,9835.0,9510.0,9595.0,60617.0,67718.0
2023-05-11,9635.0,9695.0,9375.0,9425.0,58038.0,64725.0
2023-05-12,9440.0,9530.0,9385.0,9475.0,45784.0,60633.0
2023-05-15,9500.0,9605.0,9480.0,9565.0,34152.0,59256.0
2023-05-16,9590.0,9600.0,9525.0,9550.0,27986.0,58996.0
2023-05-17,9555.0,9655.0,9540.0,9605.0,23676.0,57678.0
2023-05-18,9650.0,9680.0,9565.0,9665.0,25461.0,56355.0
2023-05-19,9680.0,9745.0,9615.0,9715.0,21503.0,54725.0
2023-05-22,9720.0,9755.0,9630.0,9725.0,37444.0,50905.0
2023-05-23,9725.0,9785.0,9585.0,9590.0,29595.0,48284.0
2023-05-24,9615.0,9660.0,9415.0,9415.0,27033.0,45640.0
2023-05-25,9425.0,9455.0,9300.0,9405.0,44443.0,51107.0
2023-05-26,9425.0,9535.0,9385.0,9530.0,41803.0,57754.0
2023-05-29,9530.0,9605.0,9495.0,9550.0,30761.0,60756.0
2023-05-30,9565.0,9610.0,9510.0,9540.0,30227.0,61801.0
2023-05-31,9505.0,9580.0,9425.0,9465.0,36146.0,63990.0
2023-06-01,9470.0,9495.0,9420.0,9475.0,31917.0,65545.0
2023-06-02,9500.0,9685.0,9470.0,9640.0,45349.0,62235.0
2023-06-05,9610.0,9705.0,9580.0,9665.0,33811.0,59811.0
2023-06-06,9630.0,9650.0,9525.0,9575.0,31084.0,57073.0
2023-06-07,9580.0,9845.0,9575.0,9765.0,42616.0,55990.0
2023-06-08,9740.0,9805.0,9705.0,9790.0,21363.0,55088.0
2023-06-09,9785.0,9815.0,9705.0,9765.0,18893.0,54138.0
2023-06-12,9790.0,9840.0,9595.0,9605.0,28485.0,51497.0
2023-06-13,9635.0,9640.0,9580.0,9635.0,24514.0,48201.0
2023-06-14,9665.0,9785.0,9660.0,9715.0,23306.0,47053.0
2023-06-15,9695.0,9765.0,9670.0,9760.0,17639.0,45840.0
2023-06-16,9750.0,9780.0,9720.0,9730.0,15866.0,45586.0
2023-06-19,9730.0,9830.0,9670.0,9685.0,26146.0,45593.0
2023-06-20,9665.0,9695.0,9620.0,9675.0,20236.0,44357.0
2023-06-21,9685.0,9740.0,9675.0,9685.0,17545.0,43489.0
2023-06-26,9650.0,9660.0,9495.0,9520.0,25569.0,32039.0
2023-06-27,9550.0,9600.0,9530.0,9570.0,32493.0,57695.0
2023-06-28,9590.0,9610.0,9525.0,9565.0,23170.0,61494.0
2023-06-29,9530.0,9540.0,9490.0,9505.0,30101.0,66992.0
2023-06-30,9535.0,9675.0,9480.0,9630.0,37548.0,67321.0
2023-07-03,9640.0,9720.0,9630.0,9660.0,25915.0,67865.0
2023-07-04,9665.0,9670.0,9595.0,9610.0,20477.0,67503.0
2023-07-05,9615.0,9695.0,9610.0,9675.0,28277.0,67406.0
2023-07-06,9675.0,9795.0,9650.0,9740.0,47528.0,67601.0
2023-07-07,9730.0,9770.0,9640.0,9725.0,42153.0,66372.0
2023-07-10,9720.0,9795.0,9640.0,9655.0,36299.0,64887.0
2023-07-11,9675.0,9680.0,9620.0,9655.0,29189.0,63594.0
2023-07-12,9650.0,9690.0,9545.0,9595.0,29398.0,62637.0
2023-07-13,9610.0,9625.0,9525.0,9560.0,29009.0,61328.0
2023-07-14,9595.0,9620.0,9490.0,9520.0,34766.0,61723.0
2023-07-17,9510.0,9555.0,9275.0,9355.0,47980.0,62903.0
2023-07-18,9365.0,9380.0,9310.0,9355.0,23252.0,63716.0
2023-07-19,9355.0,9375.0,9300.0,9340.0,22393.0,63548.0
2023-07-20,9350.0,9430.0,9335.0,9380.0,25093.0,62814.0
2023-07-21,9395.0,9395.0,9250.0,9330.0,27669.0,62483.0
2023-07-24,9325.0,9445.0,9300.0,9385.0,28573.0,60142.0
2023-07-25,9400.0,9480.0,9395.0,9480.0,27276.0,56263.0
2023-07-26,9475.0,9570.0,9470.0,9505.0,50843.0,29734.0
2023-07-27,9490.0,9560.0,9465.0,9515.0,27067.0,21947.0
2023-07-28,9535.0,9580.0,9475.0,9500.0,35864.0,67644.0
2023-07-31,9520.0,9590.0,9510.0,9550.0,31884.0,71171.0
2023-08-01,9565.0,9575.0,9480.0,9505.0,25999.0,72679.0
2023-08-02,9505.0,9530.0,9480.0,9520.0,21881.0,72089.0
2023-08-03,9520.0,9565.0,9385.0,9405.0,37451.0,72982.0
2023-08-04,9420.0,9435.0,9360.0,9385.0,24685.0,75069.0
2023-08-07,9385.0,9420.0,9355.0,9390.0,21886.0,74473.0
2023-08-08,9400.0,9430.0,9380.0,9390.0,17928.0,73306.0
2023-08-09,9390.0,9490.0,9370.0,9470.0,22676.0,70433.0
2023-08-10,9470.0,9505.0,9455.0,9475.0,16224.0,69034.0
2023-08-11,9480.0,9585.0,9455.0,9530.0,25306.0,67096.0
2023-08-14,9515.0,9540.0,9385.0,9435.0,28525.0,65253.0
2023-08-15,9445.0,9465.0,9425.0,9450.0,16961.0,64123.0
2023-08-16,9440.0,9450.0,9390.0,9405.0,17521.0,62994.0
2023-08-17,9425.0,9445.0,9345.0,9420.0,18908.0,62404.0
2023-08-18,9435.0,9460.0,9350.0,9390.0,19783.0,62348.0
2023-08-21,9395.0,9545.0,9380.0,9515.0,37472.0,59678.0
2023-08-22,9515.0,9560.0,9485.0,9530.0,20054.0,59292.0
2023-08-23,9525.0,9655.0,9515.0,9620.0,26662.0,58247.0
2023-08-24,9590.0,9695.0,9585.0,9655.0,20707.0,56902.0
2023-08-25,9645.0,9760.0,9615.0,9700.0,24115.0,55930.0
2023-08-28,9730.0,9830.0,9710.0,9730.0,46337.0,32932.0
2023-08-29,9770.0,9855.0,9745.0,9800.0,38253.0,63371.0
2023-08-30,9780.0,9945.0,9765.0,9915.0,49416.0,67074.0
2023-08-31,9970.0,10175.0,9920.0,9965.0,64458.0,69695.0
2023-09-01,9935.0,10630.0,9930.0,10625.0,95068.0,72164.0
2023-09-04,10655.0,10835.0,10360.0,10455.0,103790.0,70104.0
2023-09-05,10395.0,10675.0,10370.0,10450.0,53525.0,70023.0
2023-09-06,10445.0,10815.0,10370.0,10575.0,63580.0,71838.0
2023-09-07,10610.0,11195.0,10455.0,11020.0,94550.0,78142.0
2023-09-08,10980.0,11295.0,10770.0,10895.0,265408.0,80791.0
2023-09-11,10950.0,11355.0,10830.0,11160.0,150053.0,85387.0
2023-09-12,11145.0,11205.0,10850.0,11045.0,100867.0,82580.0
2023-09-13,11045.0,11050.0,10720.0,10840.0,88676.0,78581.0
2023-09-14,10800.0,10855.0,10620.0,10840.0,68259.0,77055.0
2023-09-15,10915.0,10980.0,10820.0,10945.0,62272.0,75624.0
2023-09-18,10930.0,10970.0,10715.0,10845.0,51996.0,73721.0
2023-09-19,10860.0,11155.0,10815.0,10840.0,65017.0,73250.0
2023-09-20,10820.0,10905.0,10750.0,10830.0,37415.0,72160.0
2023-09-21,10820.0,10850.0,10635.0,10645.0,45808.0,71115.0
2023-09-22,10650.0,10875.0,10615.0,10860.0,45943.0,68995.0
2023-09-25,10865.0,10865.0,10645.0,10730.0,37159.0,65139.0
2023-09-26,10715.0,10740.0,10500.0,10515.0,57299.0,40727.0
2023-09-27,10545.0,10615.0,10475.0,10510.0,34608.0,28165.0
2023-09-28,10520.0,10690.0,10500.0,10610.0,26223.0,23515.0
2023-10-09,10510.0,10805.0,10505.0,10575.0,32504.0,76013.0
2023-10-10,10585.0,10855.0,10560.0,10605.0,57865.0,79636.0
2023-10-11,10625.0,10980.0,10585.0,10975.0,81959.0,86880.0
2023-10-12,10960.0,11355.0,10920.0,11255.0,147990.0,93898.0
2023-10-13,11285.0,11470.0,11210.0,11405.0,98013.0,95897.0
2023-10-16,11460.0,11570.0,11280.0,11335.0,82091.0,93781.0
2023-10-17,11335.0,11515.0,11190.0,11420.0,87141.0,94417.0
2023-10-18,11390.0,11450.0,11260.0,11265.0,69150.0,91643.0
2023-10-19,11325.0,11415.0,11160.0,11180.0,82501.0,90186.0
2023-10-20,11180.0,11250.0,10950.0,11025.0,73384.0,86186.0
2023-10-23,11020.0,11095.0,10955.0,11025.0,52347.0,84285.0
2023-10-24,11050.0,11130.0,10930.0,11070.0,56172.0,79383.0
2023-10-25,11075.0,11230.0,11005.0,11230.0,66491.0,69156.0
2023-10-26,11270.0,11310.0,11040.0,11135.0,80710.0,98359.0
2023-10-27,11120.0,11145.0,10860.0,10930.0,78678.0,100174.0
2023-10-30,10950.0,10965.0,10695.0,10860.0,88275.0,103899.0
2023-10-31,10850.0,10895.0,10705.0,10830.0,58607.0,105038.0
2023-11-01,10860.0,10870.0,10725.0,10820.0,50755.0,105220.0
2023-11-02,10840.0,10890.0,10760.0,10815.0,41788.0,103623.0
2023-11-03,10810.0,10960.0,10805.0,10835.0,58018.0,105328.0
2023-11-06,10835.0,10870.0,10625.0,10735.0,75772.0,106009.0
2023-11-07,10745.0,10840.0,10560.0,10560.0,74607.0,105528.0
2023-11-08,10580.0,10695.0,10530.0,10675.0,54632.0,105382.0
2023-11-09,10670.0,10730.0,10505.0,10625.0,69887.0,105481.0
2023-11-10,10645.0,10825.0,10545.0,10760.0,82243.0,104670.0
2023-11-13,10740.0,10770.0,10655.0,10750.0,48327.0,104033.0
2023-11-14,10755.0,10915.0,10750.0,10870.0,62352.0,103026.0
2023-11-15,10850.0,10985.0,10825.0,10970.0,46511.0,102452.0
2023-11-16,10970.0,11095.0,10930.0,11065.0,47417.0,102501.0
2023-11-17,11050.0,11115.0,10775.0,10795.0,71942.0,99174.0
2023-11-20,10810.0,11020.0,10800.0,10965.0,53585.0,98732.0
2023-11-21,10950.0,10985.0,10695.0,10735.0,64059.0,96203.0
2023-11-22,10760.0,10765.0,10535.0,10600.0,50780.0,92125.0
2023-11-23,10630.0,10650.0,10455.0,10600.0,52016.0,88570.0
2023-11-24,10620.0,10645.0,10535.0,10635.0,36252.0,83891.0
2023-11-27,10665.0,10675.0,10530.0,10585.0,50515.0,62926.0
2023-11-28,10590.0,10610.0,10465.0,10545.0,36997.0,57060.0
2023-11-29,10565.0,10615.0,10255.0,10285.0,50338.0,48060.0
2023-11-30,10320.0,10365.0,10255.0,10295.0,37214.0,38938.0
2023-12-01,10325.0,10395.0,10085.0,10165.0,28215.0,34011.0
2023-12-04,10345.0,10360.0,10190.0,10260.0,33901.0,72612.0
2023-12-05,10280.0,10285.0,9950.0,10095.0,45242.0,73480.0
2023-12-06,10110.0,10210.0,9970.0,10195.0,33894.0,73180.0
2023-12-07,10205.0,10250.0,10080.0,10250.0,28187.0,72375.0
2023-12-08,10265.0,10450.0,10235.0,10425.0,30136.0,72107.0
2023-12-11,10435.0,10480.0,10260.0,10335.0,28186.0,71542.0
2023-12-12,10340.0,10395.0,10265.0,10340.0,19317.0,71428.0
2023-12-13,10350.0,10375.0,10155.0,10225.0,31337.0,71705.0
2023-12-14,10220.0,10315.0,10205.0,10305.0,20445.0,71307.0
2023-12-15,10315.0,10385.0,10270.0,10320.0,26268.0,70657.0
2023-12-18,10315.0,10430.0,10210.0,10405.0,30864.0,69605.0
2023-12-19,10390.0,10425.0,10310.0,10385.0,21203.0,68325.0
2023-12-20,10325.0,10440.0,10135.0,10360.0,43916.0,65706.0
2023-12-21,10355.0,10455.0,10310.0,10400.0,30657.0,62382.0
2023-12-22,10410.0,10585.0,10365.0,10570.0,36193.0,59597.0
2023-12-25,10585.0,10760.0,10500.0,10640.0,41746.0,56352.0
2023-12-26,10595.0,10780.0,10260.0,10675.0,46416.0,37023.0
2023-12-27,10675.0,10965.0,10625.0,10830.0,49079.0,29924.0
2023-12-28,10835.0,10945.0,10795.0,10895.0,30383.0,24896.0
2023-12-29,10945.0,11325.0,10925.0,11170.0,122517.0,61182.0
2024-01-02,11500.0,11570.0,11265.0,11300.0,75497.0,61904.0
2024-01-03,11270.0,11315.0,11160.0,11225.0,45558.0,61686.0
2024-01-04,11190.0,11200.0,10985.0,11050.0,45039.0,60397.0
2024-01-05,11070.0,11240.0,11025.0,11140.0,50571.0,60011.0
2024-01-08,11105.0,11110.0,10760.0,10830.0,60325.0,58317.0
2024-01-09,10835.0,10885.0,10760.0,10850.0,32992.0,54475.0
2024-01-10,10875.0,10880.0,10740.0,10815.0,30353.0,53649.0
2024-01-11,10840.0,11030.0,10835.0,11010.0,42114.0,55621.0
2024-01-12,11020.0,11180.0,10970.0,11070.0,41882.0,55705.0
2024-01-15,11115.0,11310.0,11075.0,11125.0,52991.0,55519.0
2024-01-16,11115.0,11285.0,11070.0,11240.0,47869.0,54908.0
2024-01-17,11245.0,11300.0,11145.0,11175.0,38767.0,54634.0
2024-01-18,11160.0,11360.0,11110.0,11355.0,66378.0,54750.0
2024-01-19,11355.0,11385.0,11195.0,11355.0,51145.0,52701.0
2024-01-22,11345.0,11355.0,11050.0,11115.0,44328.0,48187.0
2024-01-23,11110.0,11140.0,10890.0,11125.0,48881.0,43146.0
2024-01-24,11145.0,11225.0,11090.0,11215.0,30235.0,40758.0
2024-01-25,11225.0,11295.0,11190.0,11260.0,23823.0,36769.0
2024-01-26,11260.0,11280.0,11170.0,11195.0,23329.0,33013.0
2024-01-29,11245.0,11335.0,11120.0,11200.0,42403.0,55164.0
2024-01-30,11190.0,11250.0,11090.0,11115.0,35469.0,59191.0
2024-01-31,11120.0,11210.0,11100.0,11155.0,30554.0,60469.0
2024-02-01,11145.0,11155.0,11000.0,11085.0,35139.0,62806.0
2024-02-02,11080.0,11115.0,10840.0,10990.0,51991.0,60843.0
2024-02-05,11000.0,11180.0,10980.0,11125.0,44364.0,61131.0
2024-02-06,11100.0,11185.0,11050.0,11140.0,28080.0,61557.0
2024-02-07,11105.0,11115.0,10965.0,11010.0,34776.0,60592.0
2024-02-08,11015.0,11050.0,10925.0,11025.0,29913.0,57994.0
2024-02-19,11165.0,11280.0,11145.0,11190.0,30389.0,58247.0
2024-02-20,11205.0,11355.0,11200.0,11285.0,31238.0,60114.0
2024-02-21,11260.0,11365.0,11210.0,11310.0,32419.0,59495.0
2024-02-22,11285.0,11765.0,11285.0,11590.0,74300.0,64628.0
2024-02-23,11560.0,11825.0,11560.0,11720.0,62574.0,65798.0
2024-02-26,11705.0,11750.0,11615.0,11695.0,46567.0,60886.0
2024-02-27,11690.0,12010.0,11680.0,11925.0,72549.0,60590.0
2024-02-28,11925.0,11980.0,11775.0,11810.0,53374.0,54060.0
2024-02-29,11815.0,11820.0,11640.0,11785.0,48625.0,47481.0
2024-03-01,11795.0,11845.0,11555.0,11725.0,42724.0,41335.0
2024-03-04,11795.0,11810.0,11545.0,11710.0,61980.0,67978.0
2024-03-05,11680.0,11695.0,11550.0,11645.0,52247.0,69723.0
2024-03-06,11625.0,11665.0,11515.0,11650.0,54033.0,74473.0
2024-03-07,11655.0,11725.0,11530.0,11570.0,52378.0,73859.0
2024-03-08,11575.0,11960.0,11520.0,11935.0,85762.0,80549.0
2024-03-11,11950.0,11995.0,11650.0,11735.0,84161.0,75844.0
2024-03-12,11725.0,11840.0,11610.0,11765.0,61264.0,74464.0
2024-03-13,11765.0,11880.0,11725.0,11825.0,54794.0,75932.0
2024-03-14,11845.0,12095.0,11800.0,11980.0,97603.0,76990.0
2024-03-15,11995.0,12355.0,11960.0,12325.0,111307.0,78655.0
2024-03-18,12320.0,12880.0,12130.0,12760.0,239731.0,74707.0
2024-03-19,12765.0,12835.0,12485.0,12595.0,128879.0,70185.0
2024-03-20,12575.0,12910.0,12455.0,12705.0,111625.0,69596.0
2024-03-21,12625.0,12650.0,12310.0,12350.0,113586.0,64093.0
2024-03-22,12315.0,12410.0,11880.0,12055.0,116063.0,57195.0
2024-03-25,12090.0,12115.0,11835.0,11885.0,79396.0,48995.0
2024-03-26,11920.0,12120.0,11910.0,12010.0,62856.0,43938.0
2024-03-27,12050.0,12055.0,11735.0,11790.0,67141.0,39410.0
2024-03-28,11790.0,11935.0,11680.0,11935.0,62346.0,34298.0
2024-03-29,11920.0,11940.0,11710.0,11865.0,62688.0,29486.0
2024-04-01,11885.0,11965.0,11765.0,11945.0,42928.0,24517.0
2024-04-02,12105.0,12110.0,11955.0,11985.0,35872.0,63686.0
2024-04-03,11990.0,12135.0,11855.0,11930.0,62845.0,64955.0
2024-04-08,11890.0,12315.0,11845.0,12195.0,62175.0,66640.0
2024-04-09,12200.0,12475.0,12160.0,12380.0,78576.0,70685.0
2024-04-10,12360.0,12375.0,12225.0,12285.0,63169.0,71198.0
2024-04-11,12255.0,12270.0,11995.0,12135.0,75971.0,67846.0
2024-04-12,12160.0,12160.0,11865.0,11955.0,71616.0,65912.0
2024-04-15,11970.0,12030.0,11855.0,11950.0,52524.0,65070.0
2024-04-16,11940.0,11955.0,11710.0,11735.0,57690.0,62206.0
2024-04-17,11750.0,11805.0,11595.0,11740.0,54727.0,60274.0
2024-04-18,11765.0,11795.0,11610.0,11700.0,59376.0,57837.0
2024-04-19,11725.0,11915.0,11675.0,11830.0,69057.0,55149.0
2024-04-22,11815.0,11980.0,11750.0,11765.0,73629.0,51722.0
2024-04-23,11730.0,11765.0,11630.0,11635.0,56297.0,49783.0
2024-04-24,11635.0,11655.0,11450.0,11525.0,51006.0,47900.0
2024-04-25,11545.0,11560.0,11285.0,11370.0,49838.0,43665.0
2024-04-26,11400.0,11490.0,11245.0,11485.0,52920.0,42664.0
2024-04-29,11500.0,11575.0,11455.0,11500.0,35677.0,38805.0
2024-04-30,11525.0,11605.0,11470.0,11515.0,41368.0,32369.0
2024-05-06,11520.0,11695.0,11500.0,11580.0,27562.0,30064.0
2024-05-07,11595.0,11795.0,11560.0,11690.0,37031.0,26418.0
2024-05-08,11785.0,11900.0,11725.0,11740.0,27696.0,44034.0
2024-05-09,11730.0,11755.0,11610.0,11745.0,33286.0,44943.0
2024-05-10,11750.0,11805.0,11655.0,11685.0,40086.0,47157.0
2024-05-13,11670.0,11990.0,11655.0,11980.0,65289.0,49182.0
2024-05-14,11980.0,12160.0,11920.0,11920.0,72107.0,51400.0
2024-05-15,11910.0,12070.0,11855.0,12020.0,53108.0,53487.0
2024-05-16,12040.0,12320.0,11950.0,12220.0,75700.0,56751.0
2024-05-17,12205.0,12265.0,12155.0,12215.0,43037.0,56327.0
2024-05-20,12220.0,12425.0,12130.0,12335.0,69117.0,53374.0
2024-05-21,12335.0,12600.0,12280.0,12290.0,76139.0,52329.0
2024-05-22,12290.0,12455.0,12285.0,12385.0,43062.0,51707.0
2024-05-23,12405.0,12680.0,12290.0,12460.0,108967.0,49224.0
2024-05-24,12510.0,12905.0,12500.0,12700.0,98366.0,49687.0
2024-05-27,12700.0,12795.0,12565.0,12665.0,72458.0,46251.0
2024-05-28,12705.0,13330.0,12700.0,12825.0,145013.0,46149.0
2024-05-29,12895.0,13110.0,12740.0,13095.0,75632.0,43778.0
2024-05-30,13140.0,13575.0,13140.0,13460.0,176969.0,43142.0
2024-05-31,13440.0,13460.0,12815.0,13000.0,123658.0,37949.0
2024-06-03,13025.0,13085.0,12705.0,12835.0,65749.0,32999.0
2024-06-04,12815.0,12840.0,12520.0,12715.0,49988.0,29214.0
2024-06-05,12785.0,12890.0,12685.0,12830.0,62532.0,67199.0
2024-06-06,12840.0,13285.0,12705.0,13270.0,118386.0,72186.0
2024-06-07,13265.0,13765.0,13250.0,13665.0,184760.0,80887.0
2024-06-11,13660.0,13745.0,13120.0,13180.0,132996.0,74127.0
2024-06-12,13175.0,13445.0,12960.0,13380.0,115794.0,74314.0
2024-06-13,13420.0,13505.0,12900.0,13120.0,123115.0,69248.0
2024-06-14,13130.0,13150.0,12815.0,12870.0,121495.0,66135.0
2024-06-17,12790.0,12810.0,12515.0,12540.0,106877.0,64088.0
2024-06-18,12580.0,12725.0,12530.0,12570.0,78273.0,61635.0
2024-06-19,12520.0,12710.0,12370.0,12655.0,83994.0,62427.0
2024-06-20,12725.0,12810.0,12645.0,12735.0,73692.0,60478.0
2024-06-21,12795.0,12820.0,12515.0,12565.0,73672.0,58231.0
2024-06-24,12550.0,12670.0,12500.0,12585.0,73834.0,55849.0
2024-06-25,12700.0,13035.0,12630.0,12780.0,130574.0,52942.0
2024-06-26,12760.0,12780.0,12440.0,12665.0,103785.0,48171.0
2024-06-27,12690.0,12735.0,12415.0,12450.0,81287.0,43636.0
2024-06-28,12450.0,12550.0,12335.0,12405.0,77813.0,39918.0
2024-07-01,12430.0,12455.0,12230.0,12420.0,52185.0,36300.0
2024-07-02,12465.0,12630.0,12390.0,12620.0,46838.0,32003.0
2024-07-03,12635.0,12660.0,12460.0,12615.0,31400.0,28741.0
2024-07-04,12690.0,12750.0,12550.0,12555.0,53118.0,61870.0
2024-07-05,12535.0,12565.0,12205.0,12235.0,78488.0,61906.0
2024-07-08,12215.0,12290.0,12140.0,12215.0,57626.0,62231.0
2024-07-09,12235.0,12325.0,12175.0,12305.0,54933.0,64734.0
2024-07-10,12325.0,12415.0,12150.0,12280.0,84188.0,66408.0
2024-07-11,12285.0,12390.0,12270.0,12290.0,61131.0,67271.0
2024-07-12,12315.0,12370.0,12170.0,12230.0,62041.0,65264.0
2024-07-15,12205.0,12235.0,11985.0,12035.0,80671.0,64122.0
2024-07-16,12055.0,12120.0,11990.0,12110.0,46984.0,63436.0
2024-07-17,12120.0,12275.0,12095.0,12165.0,55042.0,60606.0
2024-07-18,12180.0,12275.0,12105.0,12265.0,51120.0,60316.0
2024-07-19,12250.0,12270.0,12105.0,12230.0,62352.0,57204.0
2024-07-22,12245.0,12380.0,12155.0,12195.0,69957.0,57748.0
2024-07-23,12190.0,12195.0,11975.0,12020.0,69191.0,58495.0
2024-07-24,12040.0,12260.0,12025.0,12195.0,65347.0,55985.0
2024-07-25,12190.0,12190.0,11885.0,11925.0,68907.0,53702.0
2024-07-26,11955.0,12180.0,11955.0,12050.0,56369.0,49056.0
2024-07-29,12055.0,12140.0,11995.0,12070.0,49631.0,46939.0
2024-07-30,12035.0,12135.0,11835.0,11885.0,71691.0,42278.0
2024-07-31,11905.0,12105.0,11765.0,12075.0,62287.0,37225.0
2024-08-01,12075.0,12175.0,12025.0,12050.0,37637.0,33822.0
2024-08-02,12075.0,12300.0,12065.0,12245.0,50281.0,33095.0
2024-08-05,12240.0,12400.0,12120.0,12205.0,46548.0,28230.0
2024-08-06,12250.0,12365.0,12105.0,12265.0,59635.0,42459.0
2024-08-07,12235.0,12455.0,12215.0,12380.0,64296.0,48962.0
2024-08-08,12440.0,12625.0,12405.0,12450.0,82640.0,54374.0
2024-08-09,12460.0,12640.0,12440.0,12555.0,63790.0,56137.0
2024-08-12,12525.0,12640.0,12440.0,12635.0,53376.0,56895.0
2024-08-13,12650.0,12780.0,12585.0,12660.0,77249.0,58433.0
2024-08-14,12650.0,12675.0,12390.0,12465.0,70435.0,56479.0
2024-08-15,12495.0,12725.0,12425.0,12650.0,88794.0,56936.0
2024-08-16,12655.0,12755.0,12545.0,12565.0,67740.0,57703.0
2024-08-19,12545.0,12705.0,12420.0,12640.0,74674.0,58994.0
2024-08-20,12635.0,12790.0,12565.0,12735.0,68125.0,60703.0
2024-08-21,12760.0,12840.0,12680.0,12765.0,66824.0,59154.0
2024-08-22,12785.0,12810.0,12610.0,12630.0,64337.0,55549.0
2024-08-23,12660.0,12865.0,12635.0,12810.0,79441.0,54963.0
2024-08-26,12835.0,12950.0,12795.0,12945.0,60940.0,53854.0
2024-08-27,12940.0,13020.0,12810.0,12995.0,62307.0,51253.0
2024-08-28,13015.0,13220.0,12995.0,13155.0,68795.0,48456.0
2024-08-29,13140.0,13210.0,12955.0,13025.0,53565.0,42784.0
2024-08-30,13025.0,13120.0,12880.0,13025.0,60491.0,34148.0
2024-09-02,13135.0,13150.0,12800.0,12855.0,52962.0,52203.0
2024-09-03,12865.0,12880.0,12650.0,12720.0,70756.0,53591.0
2024-09-04,12680.0,12710.0,12525.0,12535.0,69116.0,52430.0
2024-09-05,12555.0,12730.0,12540.0,12660.0,61407.0,54457.0
2024-09-06,12705.0,12950.0,12645.0,12945.0,71070.0,54271.0
2024-09-09,12985.0,13300.0,12765.0,13220.0,123551.0,56411.0
2024-09-10,13180.0,13290.0,13090.0,13140.0,92892.0,54542.0
2024-09-11,13075.0,13240.0,12970.0,13100.0,91002.0,55854.0
2024-09-12,13115.0,13405.0,12980.0,13380.0,108062.0,59144.0
2024-09-13,13380.0,13470.0,13260.0,13345.0,79515.0,56094.0
2024-09-18,13770.0,14000.0,13665.0,13795.0,99637.0,56746.0
2024-09-19,13800.0,14075.0,13745.0,14040.0,81477.0,59582.0
2024-09-20,14060.0,14075.0,13850.0,13915.0,76856.0,54125.0
2024-09-23,13845.0,13845.0,13405.0,13585.0,106799.0,49336.0
2024-09-24,13645.0,14195.0,13625.0,14190.0,101780.0,45642.0
2024-09-25,14265.0,14645.0,14230.0,14395.0,144432.0,47605.0
2024-09-26,14230.0,14855.0,14180.0,14325.0,229135.0,39805.0
2024-09-27,14440.0,14550.0,14025.0,14315.0,134310.0,33538.0
2024-09-30,14300.0,15050.0,14180.0,14995.0,130910.0,28013.0
2024-10-08,15145.0,15190.0,14250.0,14390.0,77215.0,23504.0
2024-10-09,14400.0,14820.0,14310.0,14430.0,79385.0,19634.0
2024-10-10,14545.0,14635.0,13840.0,13840.0,146672.0,61284.0
2024-10-11,13920.0,14115.0,13795.0,14075.0,114248.0,59390.0
2024-10-14,14155.0,14510.0,14020.0,14115.0,114102.0,59136.0
2024-10-15,14180.0,14520.0,14130.0,14460.0,104196.0,61340.0
2024-10-16,14460.0,14470.0,13920.0,13985.0,118041.0,55014.0
2024-10-17,14040.0,14295.0,14020.0,14100.0,82984.0,54309.0
2024-10-18,14130.0,14635.0,14080.0,14560.0,144587.0,56853.0
2024-10-21,14520.0,14550.0,14055.0,14370.0,104111.0,52983.0
2024-10-22,14385.0,14645.0,14270.0,14565.0,92469.0,53957.0
2024-10-23,14560.0,14665.0,14220.0,14295.0,84869.0,47968.0
2024-10-24,14285.0,14445.0,14120.0,14440.0,67096.0,44407.0
2024-10-25,14430.0,14735.0,14085.0,14175.0,104135.0,41004.0
2024-10-28,14230.0,14385.0,14130.0,14270.0,61771.0,35396.0
2024-10-29,14220.0,14380.0,14025.0,14145.0,74956.0,33192.0
2024-10-30,14195.0,14365.0,14030.0,14250.0,61664.0,29519.0
2024-10-31,14230.0,14275.0,14065.0,14200.0,51622.0,25699.0
2024-11-01,14200.0,14395.0,13970.0,14190.0,60859.0,22798.0
2024-11-04,14235.0,14275.0,13985.0,14175.0,44789.0,55671.0
2024-11-05,14180.0,14580.0,14080.0,14490.0,77148.0,64739.0
2024-11-06,14465.0,14770.0,14385.0,14660.0,94238.0,72002.0
2024-11-07,14640.0,14970.0,14620.0,14850.0,93111.0,76563.0
2024-11-08,14850.0,15325.0,14750.0,14815.0,143494.0,77412.0
2024-11-11,14770.0,15035.0,14570.0,14655.0,109411.0,75001.0
2024-11-12,14625.0,14640.0,14210.0,14300.0,95702.0,68496.0
2024-11-13,14335.0,14360.0,14040.0,14115.0,72559.0,64548.0
2024-11-14,14145.0,14230.0,13775.0,13870.0,84926.0,60967.0
2024-11-15,13960.0,13980.0,13805.0,13940.0,63945.0,57805.0
2024-11-18,13965.0,14015.0,13630.0,13805.0,81825.0,54614.0
2024-11-19,13840.0,13940.0,13745.0,13875.0,54005.0,52057.0
2024-11-20,13900.0,14275.0,13860.0,14245.0,82443.0,51244.0
2024-11-21,14135.0,14265.0,14070.0,14155.0,57923.0,48114.0
2024-11-22,14155.0,14185.0,13670.0,13820.0,77190.0,44011.0
2024-11-25,13845.0,14125.0,13775.0,14085.0,81237.0,41118.0
2024-11-26,14065.0,14400.0,14020.0,14255.0,84428.0,42121.0
2024-11-27,14245.0,14545.0,14085.0,14515.0,86252.0,41567.0
2024-11-28,14510.0,14695.0,14465.0,14560.0,96237.0,36131.0
2024-11-29,14555.0,14895.0,14470.0,14695.0,102793.0,32323.0
2024-12-02,14720.0,14840.0,14660.0,14710.0,57689.0,29530.0
2024-12-03,14720.0,15255.0,14635.0,15190.0,74364.0,25465.0
2024-12-04,15245.0,15330.0,15115.0,15180.0,82449.0,66687.0
2024-12-05,15145.0,15580.0,15055.0,15260.0,193088.0,75650.0
2024-12-06,15305.0,15920.0,15295.0,15810.0,213676.0,90729.0
2024-12-09,15670.0,15750.0,15190.0,15430.0,200179.0,81751.0
2024-12-10,15550.0,15615.0,14955.0,15085.0,175806.0,70496.0
2024-12-11,15095.0,15515.0,15035.0,15470.0,129033.0,77037.0
2024-12-12,15515.0,15570.0,15220.0,15360.0,147280.0,75894.0
2024-12-13,15305.0,15335.0,14905.0,15080.0,159139.0,73514.0
2024-12-16,15105.0,15215.0,14965.0,15130.0,107921.0,71537.0
2024-12-17,15135.0,15300.0,14990.0,15050.0,116753.0,69818.0
2024-12-18,15015.0,15050.0,14660.0,14695.0,138554.0,61258.0
2024-12-19,14710.0,14810.0,14420.0,14555.0,114157.0,54236.0
2024-12-20,14565.0,14760.0,14445.0,14460.0,106440.0,52558.0
2024-12-23,14400.0,14410.0,14125.0,14365.0,120143.0,51120.0
2024-12-24,14360.0,14510.0,14245.0,14500.0,84288.0,48431.0
2024-12-25,14540.0,14675.0,14460.0,14625.0,95338.0,47338.0
2024-12-26,14615.0,14725.0,14580.0,14590.0,87004.0,43734.0
2024-12-27,14600.0,14820.0,14435.0,14745.0,112855.0,40802.0
2024-12-30,14750.0,14960.0,14680.0,14910.0,106114.0,36421.0
2024-12-31,14895.0,14945.0,14790.0,14915.0,65832.0,33642.0
2025-01-02,14925.0,14950.0,14650.0,14680.0,53440.0,30965.0
2025-01-03,14670.0,14765.0,13980.0,14190.0,83664.0,27435.0
2025-01-06,14195.0,14250.0,14020.0,14120.0,87301.0,62120.0
2025-01-07,14210.0,14270.0,13705.0,13960.0,114682.0,65693.0
2025-01-08,14020.0,14230.0,13990.0,14160.0,96716.0,65765.0
2025-01-09,14175.0,14455.0,14075.0,14380.0,117569.0,67735.0
2025-01-10,14420.0,14805.0,14400.0,14595.0,151812.0,75642.0
2025-01-13,14610.0,14785.0,14505.0,14550.0,149454.0,74728.0
2025-01-14,14460.0,15030.0,14430.0,15025.0,175820.0,81322.0
2025-01-15,15010.0,15215.0,14955.0,15120.0,135966.0,83955.0
2025-01-16,15090.0,15390.0,15020.0,15220.0,143426.0,86254.0
2025-01-17,15160.0,15225.0,14780.0,14870.0,184407.0,85643.0
2025-01-20,14810.0,15035.0,14685.0,14990.0,172307.0,85724.0
2025-01-21,15015.0,15295.0,14950.0,14950.0,168751.0,84353.0
2025-01-22,14950.0,15180.0,14810.0,15070.0,156279.0,83465.0
2025-01-23,15080.0,15185.0,14710.0,14795.0,153832.0,73772.0
2025-01-24,14800.0,15040.0,14615.0,15000.0,131551.0,66477.0
2025-01-27,14985.0,14985.0,14730.0,14925.0,95786.0,57651.0
2025-02-05,14890.0,14900.0,14325.0,14510.0,78623.0,53190.0
2025-02-06,14510.0,14900.0,14500.0,14815.0,71985.0,52422.0
2025-02-07,14840.0,15060.0,14805.0,14925.0,67259.0,49216.0
2025-02-10,14875.0,14980.0,14610.0,14955.0,70456.0,44286.0
2025-02-11,15005.0,15115.0,14815.0,14840.0,62569.0,42173.0
2025-02-12,14645.0,15135.0,14545.0,15095.0,112006.0,89355.0
2025-02-13,15035.0,15225.0,14825.0,14895.0,163553.0,94584.0
2025-02-14,14890.0,15435.0,14875.0,15350.0,163012.0,110747.0
2025-02-17,15325.0,15470.0,15055.0,15135.0,174712.0,104336.0
2025-02-18,15135.0,15345.0,14985.0,15215.0,179444.0,104505.0
2025-02-19,15180.0,15270.0,14975.0,15130.0,157890.0,99111.0
2025-02-20,15175.0,15400.0,15130.0,15345.0,143610.0,101779.0
2025-02-21,15390.0,15720.0,15240.0,15250.0,224399.0,97433.0
2025-02-24,15240.0,15390.0,15160.0,15355.0,144900.0,97254.0
2025-02-25,15450.0,15665.0,15155.0,15185.0,252724.0,87175.0
2025-02-26,15200.0,15415.0,15080.0,15270.0,214265.0,82177.0
2025-02-27,15295.0,15360.0,15045.0,15325.0,168707.0,72540.0
2025-02-28,15365.0,15465.0,15170.0,15415.0,156883.0,68534.0
2025-03-03,15460.0,15565.0,15360.0,15500.0,104982.0,67871.0
2025-03-04,15545.0,15665.0,15425.0,15480.0,111872.0,63411.0
2025-03-05,15280.0,15285.0,14930.0,15120.0,186474.0,105553.0
2025-03-06,15155.0,15245.0,14805.0,15220.0,208408.0,109578.0
2025-03-07,15200.0,15235.0,14815.0,14870.0,216142.0,110708.0
2025-03-10,14805.0,14870.0,14580.0,14645.0,182963.0,108912.0
2025-03-11,14615.0,14680.0,14430.0,14645.0,159035.0,110369.0
2025-03-12,14735.0,14740.0,14510.0,14645.0,165952.0,107861.0
2025-03-13,14690.0,14700.0,14360.0,14465.0,155278.0,110065.0
2025-03-14,14495.0,14625.0,14455.0,14590.0,150715.0,107072.0
2025-03-17,14575.0,14600.0,14210.0,14370.0,219630.0,100033.0
2025-03-18,14400.0,14525.0,14275.0,14505.0,145846.0,100158.0
2025-03-19,14530.0,14545.0,14345.0,14425.0,126941.0,97441.0
2025-03-20,14430.0,14750.0,14270.0,14730.0,218730.0,104639.0
2025-03-21,14690.0,14710.0,14555.0,14610.0,136002.0,95373.0
2025-03-24,14640.0,14860.0,14575.0,14845.0,140350.0,97716.0
2025-03-25,14845.0,14975.0,14755.0,14760.0,133508.0,92647.0
2025-03-26,14785.0,14830.0,14610.0,14625.0,115646.0,86557.0
2025-03-27,14630.0,14740.0,14525.0,14720.0,117768.0,81555.0
2025-03-28,14725.0,14790.0,14350.0,14390.0,163830.0,80560.0
2025-03-31,14440.0,14565.0,14315.0,14390.0,151249.0,75415.0
2025-04-01,14405.0,14480.0,14165.0,14430.0,128121.0,71877.0
2025-04-02,14435.0,14565.0,14385.0,14495.0,87245.0,69297.0
2025-04-03,14500.0,14520.0,13915.0,13920.0,153392.0,63671.0
2025-04-07,13365.0,13365.0,13365.0,13365.0,2732.0,61684.0
2025-04-08,12410.0,13025.0,12300.0,12480.0,186645.0,47092.0
2025-04-09,12480.0,12535.0,11885.0,11885.0,252285.0,69110.0
2025-04-10,11790.0,13025.0,11660.0,12595.0,237676.0,61766.0
2025-04-11,12545.0,12790.0,12360.0,12760.0,187088.0,61922.0
2025-04-14,12795.0,12935.0,12710.0,12765.0,143342.0,61542.0
2025-04-15,12770.0,12835.0,12505.0,12510.0,128282.0,61867.0
2025-04-16,12575.0,12685.0,12285.0,12350.0,180201.0,65311.0
2025-04-17,12435.0,12580.0,12310.0,12415.0,151021.0,64010.0
2025-04-18,12450.0,12545.0,12335.0,12450.0,139109.0,63447.0
2025-04-21,12455.0,12760.0,12400.0,12655.0,186047.0,63611.0
2025-04-22,12620.0,12625.0,12345.0,12420.0,134936.0,62363.0
2025-04-23,12445.0,12590.0,12175.0,12530.0,220600.0,62379.0
2025-04-24,12495.0,12500.0,12215.0,12400.0,180108.0,60318.0
2025-04-25,12415.0,12595.0,12225.0,12300.0,204504.0,60508.0
2025-04-28,12270.0,12420.0,12205.0,12270.0,141138.0,57008.0
2025-04-29,12275.0,12415.0,12180.0,12235.0,147719.0,55934.0
2025-04-30,12225.0,12425.0,12160.0,12285.0,137982.0,48794.0
2025-05-06,12330.0,12650.0,12300.0,12555.0,91642.0,52417.0
2025-05-07,12570.0,12775.0,12515.0,12575.0,112342.0,51153.0
2025-05-08,12555.0,12585.0,12440.0,12535.0,91550.0,49581.0
2025-05-09,12555.0,12600.0,12415.0,12415.0,73065.0,49209.0
2025-05-12,12430.0,12825.0,12300.0,12820.0,150709.0,47288.0
2025-05-13,12965.0,13000.0,12640.0,12855.0,111766.0,42898.0
2025-05-14,12840.0,13125.0,12810.0,13035.0,108132.0,39337.0
2025-05-15,12985.0,13030.0,12855.0,12890.0,65880.0,37074.0
2025-05-16,12880.0,12960.0,12720.0,12730.0,66659.0,34863.0
2025-05-19,12675.0,12940.0,12655.0,12885.0,71282.0,31921.0
2025-05-20,12855.0,12950.0,12785.0,12915.0,51320.0,29191.0
2025-05-21,12805.0,12835.0,12665.0,12715.0,96701.0,59314.0
2025-05-22,12735.0,12880.0,12715.0,12730.0,102043.0,59318.0
2025-05-23,12740.0,12860.0,12620.0,12625.0,118360.0,61025.0
2025-05-26,12590.0,12690.0,12470.0,12645.0,134736.0,60115.0
2025-05-27,12690.0,13030.0,12660.0,12915.0,165882.0,64277.0
2025-05-28,12875.0,12885.0,12200.0,12245.0,206531.0,57246.0
2025-05-29,12270.0,12680.0,12235.0,12580.0,182135.0,52829.0
2025-05-30,12545.0,12560.0,11840.0,11865.0,215775.0,50106.0
2025-06-03,11790.0,11975.0,11715.0,11810.0,115699.0,48296.0
2025-06-04,11845.0,12055.0,11690.0,12020.0,159633.0,43672.0
2025-06-05,12010.0,12030.0,11805.0,11965.0,128894.0,42118.0
2025-06-06,12015.0,12185.0,11955.0,12025.0,114304.0,38687.0
2025-06-09,12015.0,12080.0,11920.0,12050.0,103575.0,36290.0
2025-06-10,12090.0,12275.0,12000.0,12155.0,94831.0,33615.0
2025-06-11,12170.0,12270.0,12030.0,12215.0,80378.0,33164.0
2025-06-12,12205.0,12215.0,11930.0,11930.0,92260.0,30828.0
2025-06-13,11930.0,12250.0,11900.0,12105.0,122050.0,28938.0
2025-06-16,12105.0,12170.0,11790.0,12160.0,136825.0,27772.0
2025-06-17,12105.0,12165.0,12025.0,12140.0,68534.0,25746.0
2025-06-18,12170.0,12350.0,12135.0,12330.0,73810.0,22667.0
2025-06-19,12325.0,12365.0,12200.0,12280.0,51948.0,20539.0
2025-06-20,12245.0,12260.0,12000.0,12065.0,71218.0,17258.0
2025-06-23,12010.0,12095.0,11830.0,12010.0,118420.0,53705.0
2025-06-24,11995.0,12020.0,11770.0,11790.0,140070.0,53457.0
2025-06-25,11835.0,11900.0,11775.0,11810.0,90538.0,54476.0
2025-06-26,11825.0,12150.0,11785.0,12145.0,121641.0,51687.0
2025-06-27,12125.0,12275.0,12105.0,12230.0,87001.0,47808.0
2025-06-30,12185.0,12240.0,12085.0,12190.0,75211.0,43000.0
2025-07-01,12170.0,12340.0,12105.0,12310.0,97951.0,41060.0
2025-07-02,12285.0,12340.0,12200.0,12275.0,74845.0,38945.0
2025-07-03,12295.0,12315.0,12010.0,12125.0,86005.0,36726.0
2025-07-04,12125.0,12250.0,12090.0,12095.0,69535.0,33719.0
2025-07-07,12085.0,12095.0,11910.0,12040.0,70490.0,32672.0
2025-07-08,12040.0,12130.0,11940.0,12070.0,55756.0,30922.0
2025-07-09,12065.0,12125.0,11940.0,12095.0,61527.0,28278.0
2025-07-10,12070.0,12450.0,12010.0,12400.0,84821.0,27149.0
2025-07-11,12375.0,12450.0,12325.0,12375.0,51317.0,25523.0
2025-07-14,12355.0,12370.0,12195.0,12325.0,49752.0,22585.0
2025-07-15,12345.0,12575.0,12310.0,12380.0,128685.0,65375.0
2025-07-16,12380.0,12500.0,12305.0,12490.0,76889.0,66567.0
2025-07-17,12460.0,12660.0,12420.0,12585.0,118976.0,69045.0
2025-07-18,12560.0,12870.0,12530.0,12675.0,138880.0,68054.0
2025-07-21,12660.0,12840.0,12595.0,12750.0,139866.0,67338.0
2025-07-22,12730.0,13030.0,12645.0,12855.0,176033.0,66364.0
2025-07-23,12865.0,12960.0,12685.0,12775.0,144689.0,62205.0
2025-07-24,12790.0,13290.0,12680.0,13120.0,194715.0,66552.0
2025-07-25,13130.0,13420.0,13125.0,13320.0,177597.0,62511.0
2025-07-28,13345.0,13385.0,12700.0,12810.0,157787.0,55287.0
2025-07-29,12810.0,12825.0,12480.0,12670.0,110850.0,51979.0
2025-07-30,12725.0,12755.0,12485.0,12575.0,108709.0,47606.0
2025-07-31,12565.0,12580.0,12235.0,12275.0,93706.0,43054.0
2025-08-01,12295.0,12335.0,12080.0,12175.0,96278.0,36880.0
2025-08-04,12230.0,12230.0,12040.0,12160.0,67313.0,33716.0
2025-08-05,12230.0,12345.0,12205.0,12300.0,62839.0,31365.0
2025-08-06,12340.0,12380.0,12225.0,12320.0,52922.0,28101.0
2025-08-07,12330.0,12430.0,12210.0,12350.0,59784.0,25546.0
2025-08-08,12365.0,12420.0,12280.0,12405.0,38885.0,22043.0
2025-08-11,12480.0,12660.0,12465.0,12620.0,79440.0,55758.0
2025-08-12,12640.0,12715.0,12555.0,12665.0,80448.0,54903.0
2025-08-13,12680.0,12830.0,12590.0,12610.0,77109.0,56027.0
2025-08-14,12565.0,12730.0,12480.0,12490.0,82348.0,56239.0
2025-08-15,12480.0,12775.0,12430.0,12710.0,80214.0,57784.0
2025-08-18,12705.0,12775.0,12585.0,12650.0,66942.0,58494.0
2025-08-19,12625.0,12790.0,12620.0,12690.0,75763.0,58095.0
2025-08-20,12700.0,12720.0,12350.0,12525.0,111615.0,54565.0
2025-08-21,12580.0,12695.0,12560.0,12600.0,69949.0,56111.0
2025-08-22,12615.0,12650.0,12410.0,12510.0,62662.0,54330.0
2025-08-25,12560.0,12845.0,12540.0,12785.0,84854.0,57206.0
2025-08-26,12745.0,12980.0,12735.0,12790.0,85452.0,58896.0
2025-08-27,12745.0,12910.0,12535.0,12615.0,113104.0,51988.0
2025-08-28,12660.0,12845.0,12630.0,12780.0,88899.0,49244.0
2025-08-29,12750.0,12770.0,12615.0,12695.0,70684.0,44403.0
2025-09-01,12740.0,12805.0,12560.0,12680.0,91582.0,41362.0
2025-09-02,12720.0,12885.0,12665.0,12710.0,79053.0,38853.0
2025-09-03,12705.0,12840.0,12690.0,12715.0,58129.0,36890.0
2025-09-04,12720.0,12815.0,12630.0,12735.0,75945.0,33073.0
2025-09-05,12740.0,13145.0,12655.0,13090.0,76555.0,31314.0
2025-09-08,13125.0,13130.0,12930.0,13045.0,86083.0,72778.0
2025-09-09,13045.0,13045.0,12665.0,12735.0,113623.0,70928.0
2025-09-10,12755.0,12775.0,12665.0,12715.0,73475.0,71970.0
2025-09-11,12750.0,12770.0,12485.0,12620.0,90869.0,73296.0
2025-09-12,12640.0,12655.0,12405.0,12555.0,82933.0,69872.0
2025-09-15,12590.0,12715.0,12480.0,12710.0,75663.0,68965.0
2025-09-16,12690.0,12755.0,12615.0,12715.0,68982.0,65091.0
2025-09-17,12705.0,12715.0,12505.0,12590.0,69049.0,65239.0
2025-09-18,12545.0,12550.0,12190.0,12300.0,118055.0,69153.0
2025-09-19,12335.0,12365.0,12225.0,12300.0,83165.0,65754.0
2025-09-22,12335.0,12460.0,12260.0,12425.0,105300.0,64678.0
2025-09-23,12445.0,12530.0,12330.0,12395.0,93620.0,58722.0
2025-09-24,12405.0,12520.0,12385.0,12465.0,75089.0,54216.0
2025-09-25,12475.0,12560.0,12425.0,12430.0,65047.0,51920.0
2025-09-26,12420.0,12505.0,12200.0,12435.0,101237.0,44018.0
2025-09-29,12445.0,12475.0,12210.0,12430.0,93229.0,39419.0
2025-09-30,12415.0,12420.0,12090.0,12100.0,79752.0,34201.0
2025-10-09,12265.0,12490.0,12200.0,12465.0,69657.0,34149.0
2025-10-10,12470.0,12520.0,12305.0,12350.0,56713.0,30271.0
2025-10-13,12335.0,12340.0,11960.0,12040.0,66149.0,29855.0
2025-10-14,12080.0,12085.0,11915.0,11990.0,38444.0,27492.0
2025-10-15,12000.0,12240.0,11970.0,12235.0,46635.0,22169.0
2025-10-16,12210.0,12350.0,12105.0,12315.0,70701.0,64043.0
2025-10-17,12280.0,12360.0,12220.0,12225.0,64990.0,64999.0
2025-10-20,12160.0,12345.0,12140.0,12180.0,71531.0,63027.0
2025-10-21,12190.0,12475.0,12070.0,12365.0,106519.0,66180.0
2025-10-22,12360.0,12385.0,12235.0,12350.0,62945.0,63413.0
2025-10-23,12345.0,12450.0,12310.0,12430.0,58570.0,61890.0
2025-10-24,12435.0,12650.0,12425.0,12505.0,78013.0,59563.0
2025-10-27,12480.0,12585.0,12425.0,12540.0,63427.0,51038.0
2025-10-28,12540.0,12665.0,12485.0,12530.0,64201.0,46472.0
2025-10-29,12480.0,12770.0,12400.0,12720.0,91874.0,40039.0
2025-10-30,12710.0,12725.0,12495.0,12525.0,60612.0,34659.0
2025-10-31,12515.0,12545.0,12190.0,12230.0,66004.0,30436.0
2025-11-03,12255.0,12270.0,12095.0,12200.0,39653.0,27744.0
2025-11-04,12220.0,12220.0,11865.0,11960.0,62052.0,62961.0
2025-11-05,12000.0,12005.0,11795.0,11935.0,62883.0,67977.0
2025-11-06,11965.0,12175.0,11930.0,12130.0,69358.0,70575.0
2025-11-07,12125.0,12145.0,12025.0,12035.0,45757.0,70691.0
2025-11-10,12040.0,12185.0,12000.0,12165.0,47925.0,69351.0
2025-11-11,12140.0,12225.0,12120.0,12125.0,40166.0,69173.0
2025-11-12,12145.0,12235.0,12110.0,12180.0,40634.0,68949.0
2025-11-13,12175.0,12450.0,12170.0,12400.0,63197.0,68343.0
2025-11-14,12365.0,12410.0,12260.0,12265.0,46360.0,65922.0
2025-11-17,12230.0,12375.0,12150.0,12355.0,53841.0,64475.0
2025-11-18,12345.0,12435.0,12275.0,12345.0,53163.0,61403.0
2025-11-19,12350.0,12520.0,12345.0,12480.0,65755.0,61464.0
2025-11-20,12440.0,12490.0,12285.0,12320.0,57161.0,62272.0
2025-11-21,12355.0,12560.0,12160.0,12285.0,103401.0,58511.0
2025-11-24,12265.0,12400.0,12095.0,12275.0,81414.0,56956.0
2025-11-25,12285.0,12345.0,12135.0,12150.0,70405.0,55468.0
2025-11-26,12150.0,12220.0,11995.0,12165.0,73347.0,52504.0
2025-11-27,12180.0,12245.0,12110.0,12205.0,49698.0,49887.0
2025-11-28,12235.0,12340.0,12190.0,12275.0,74950.0,46947.0
2025-12-01,12260.0,12280.0,12035.0,12170.0,72806.0,45211.0
2025-12-02,12175.0,12270.0,12085.0,12230.0,60840.0,42278.0
2025-12-03,12190.0,12195.0,12015.0,12085.0,52561.0,39260.0
2025-12-04,12100.0,12105.0,11840.0,11970.0,58634.0,36885.0
2025-12-05,11990.0,12090.0,11965.0,12045.0,36407.0,33701.0
2025-12-08,12050.0,12165.0,12000.0,12065.0,31163.0,29787.0
2025-12-09,12060.0,12185.0,12025.0,12080.0,70497.0,56144.0
2025-12-10,12130.0,12365.0,12100.0,12270.0,85503.0,59310.0
2025-12-11,12230.0,12350.0,12180.0,12270.0,66786.0,58112.0
2025-12-12,12240.0,12430.0,12215.0,12330.0,72515.0,61643.0
2025-12-15,12325.0,12490.0,12240.0,12360.0,75883.0,60954.0
2025-12-16,12360.0,12470.0,12295.0,12385.0,54890.0,59234.0
2025-12-17,12380.0,12610.0,12320.0,12570.0,72331.0,61828.0
2025-12-18,12540.0,12690.0,12450.0,12455.0,65858.0,59257.0
2025-12-19,12435.0,12500.0,12300.0,12360.0,52046.0,56602.0
2025-12-22,12375.0,12430.0,12275.0,12355.0,53738.0,54992.0
2025-12-23,12370.0,12495.0,12360.0,12405.0,49269.0,53329.0
2025-12-24,12430.0,12720.0,12380.0,12615.0,65471.0,51674.0
2025-12-25,12580.0,12835.0,12535.0,12695.0,75815.0,50850.0
2025-12-26,12670.0,12840.0,12630.0,12755.0,71165.0,46164.0
2025-12-29,12735.0,12845.0,12645.0,12665.0,64878.0,38242.0
2025-12-30,12675.0,12810.0,12575.0,12690.0,44852.0,35012.0
2025-12-31,12740.0,12795.0,12620.0,12655.0,42799.0,64862.0
2026-01-05,12755.0,12925.0,12680.0,12805.0,48776.0,70581.0
2026-01-06,12815.0,13060.0,12800.0,13010.0,58209.0,74434.0
2026-01-07,13040.0,13295.0,12960.0,13150.0,80007.0,72732.0
2026-01-08,13145.0,13290.0,12985.0,13065.0,73446.0,71121.0
2026-01-09,13075.0,13080.0,12830.0,12950.0,65915.0,71006.0
2026-01-12,12975.0,13065.0,12735.0,13010.0,69642.0,70564.0
2026-01-13,13015.0,13050.0,12815.0,12840.0,70227.0,70162.0
2026-01-14,12870.0,13305.0,12870.0,13015.0,92109.0,70673.0
2026-01-15,13010.0,13085.0,12715.0,12850.0,84076.0,69423.0
2026-01-16,12880.0,12970.0,12700.0,12745.0,67435.0,67652.0
2026-01-19,12790.0,12815.0,12615.0,12655.0,50584.0,65825.0
2026-01-20,12650.0,12655.0,12465.0,12550.0,50143.0,63724.0
2026-01-21,12560.0,12620.0,12480.0,12615.0,48971.0,62058.0
2026-01-22,12645.0,12755.0,12595.0,12735.0,48300.0,60827.0
2026-01-23,12745.0,13110.0,12705.0,13095.0,100811.0,59878.0
2026-01-26,13070.0,13150.0,13020.0,13085.0,76014.0,54206.0
2026-01-27,13030.0,13110.0,12935.0,13085.0,62894.0,49072.0
2026-01-28,13025.0,13205.0,13010.0,13190.0,59370.0,44184.0
2026-01-29,13175.0,13550.0,13135.0,13455.0,83220.0,40636.0
2026-01-30,13500.0,13695.0,13100.0,13235.0,90956.0,32975.0
2026-02-02,13200.0,13260.0,12780.0,12925.0,60843.0,27653.0
2026-02-03,12980.0,13135.0,12925.0,13095.0,31498.0,23350.0
2026-02-04,13190.0,13300.0,13120.0,13300.0,43945.0,51371.0
2026-02-05,13270.0,13310.0,12990.0,13135.0,62662.0,50827.0
2026-02-06,13135.0,13180.0,12930.0,13050.0,51030.0,50150.0
2026-02-09,13055.0,13230.0,12945.0,13150.0,46432.0,48669.0
2026-02-10,13145.0,13290.0,13120.0,13230.0,41282.0,48541.0
2026-02-11,13270.0,13495.0,13260.0,13445.0,50956.0,49041.0
2026-02-12,13440.0,13520.0,13340.0,13370.0,46594.0,50704.0
2026-02-13,13380.0,13430.0,13130.0,13180.0,47212.0,47785.0
2026-02-24,13460.0,13890.0,13375.0,13795.0,66703.0,47522.0
2026-02-25,13780.0,14050.0,13740.0,13980.0,56602.0,45890.0
2026-02-26,13925.0,14080.0,13815.0,13855.0,56787.0,42778.0
2026-02-27,13765.0,13855.0,13715.0,13765.0,52571.0,38080.0
2026-03-02,13805.0,14020.0,13565.0,13870.0,65365.0,31588.0
2026-03-03,13895.0,14050.0,13465.0,13500.0,57394.0,26709.0
2026-03-04,13630.0,13630.0,13275.0,13535.0,81471.0,63605.0
2026-03-05,13580.0,13625.0,13295.0,13370.0,75669.0,64528.0
2026-03-06,13400.0,13580.0,13300.0,13570.0,55294.0,65897.0
2026-03-09,13785.0,14110.0,13515.0,13610.0,133111.0,65473.0
2026-03-10,13590.0,13805.0,13360.0,13685.0,96016.0,65749.0
2026-03-11,13710.0,13740.0,13450.0,13720.0,74435.0,67414.0
2026-03-12,13730.0,14025.0,13575.0,13635.0,95040.0,68133.0
2026-03-13,13625.0,13710.0,13315.0,13320.0,68347.0,67673.0
2026-03-16,13350.0,13530.0,13310.0,13495.0,70080.0,64390.0
2026-03-17,13450.0,13595.0,13320.0,13470.0,65392.0,61564.0
2026-03-18,13455.0,13490.0,13035.0,13105.0,70320.0,61137.0
2026-03-19,13170.0,13200.0,12830.0,12925.0,80077.0,60014.0
2026-03-20,12880.0,12950.0,12765.0,12865.0,53985.0,58938.0
2026-03-23,12920.0,13130.0,12875.0,13055.0,68099.0,58703.0
2026-03-24,13005.0,13405.0,12945.0,13310.0,74903.0,57562.0
2026-03-25,13305.0,13650.0,13285.0,13565.0,87365.0,55398.0
2026-03-26,13580.0,13730.0,13530.0,13635.0,66510.0,51030.0
2026-03-27,13660.0,13870.0,13570.0,13735.0,67150.0,47433.0
2026-03-30,13750.0,13885.0,13680.0,13845.0,58454.0,43043.0
2026-03-31,13845.0,13885.0,13600.0,13605.0,57178.0,38489.0
2026-04-01,13615.0,13990.0,13585.0,13665.0,70493.0,32309.0
2026-04-02,13690.0,13985.0,13665.0,13855.0,43477.0,30691.0
2026-04-03,13900.0,14075.0,13750.0,13975.0,43709.0,28228.0
2026-04-07,14195.0,14355.0,14140.0,14160.0,57103.0,63832.0
2026-04-08,14230.0,14330.0,13875.0,14200.0,87740.0,68545.0
2026-04-09,14125.0,14230.0,13900.0,14135.0,73931.0,67919.0
2026-04-10,14160.0,14375.0,13825.0,13890.0,81365.0,68594.0
2026-04-13,13890.0,13955.0,13680.0,13845.0,67139.0,67127.0
2026-04-14,13895.0,13975.0,13735.0,13805.0,63665.0,68410.0
2026-04-15,13840.0,13975.0,13705.0,13910.0,53966.0,69211.0
2026-04-16,13895.0,13980.0,13770.0,13850.0,54047.0,68641.0
2026-04-17,13820.0,13830.0,13540.0,13680.0,72639.0,65923.0
2026-04-20,13700.0,14140.0,13645.0,14090.0,95056.0,69711.0
2026-04-21,14055.0,14175.0,14010.0,14105.0,59629.0,71666.0
