date,open,high,low,close,volume,open_interest,¶ŻĚ¬˝áËăĽŰ
2020-03-30,2350,2438,2318,2366,85116,10171,0
2020-03-31,2430,2545,2404,2545,89839,18891,0
2020-04-01,2547,2642,2530,2624,199435,21955,0
2020-04-02,2644,2779,2607,2779,206057,26486,0
2020-04-03,2790,2875,2732,2875,323535,35752,0
2020-04-07,2920,3063,2913,3019,430450,48247,0
2020-04-08,2986,3014,2891,2939,494076,49156,0
2020-04-09,2980,3044,2964,3018,457508,45765,0
2020-04-10,2930,3022,2913,3021,310584,46292,0
2020-04-13,3075,3178,3075,3139,400984,57076,0
2020-04-14,3146,3166,3087,3159,327672,59068,0
2020-04-15,3116,3336,3108,3243,803635,82716,0
2020-04-16,3250,3312,3178,3265,738801,82774,0
2020-04-17,3296,3330,3128,3188,727177,74000,0
2020-04-20,3088,3226,3080,3221,500458,75752,0
2020-04-21,3200,3266,3132,3240,767821,91434,0
2020-04-22,3182,3220,3065,3129,995470,81566,0
2020-04-23,3169,3350,3147,3350,744746,94323,0
2020-04-24,3350,3423,3315,3400,784376,97404,0
2020-04-27,3380,3594,3369,3576,887455,118378,0
2020-04-28,3553,3659,3297,3357,1270395,75027,0
2020-04-29,3357,3469,3269,3319,949175,69018,0
2020-04-30,3360,3397,3315,3394,602578,55701,0
2020-05-06,3500,3524,3377,3440,371491,64990,0
2020-05-07,3415,3469,3389,3413,414782,65440,0
2020-05-08,3448,3463,3355,3454,423534,73205,0
2020-05-11,3455,3507,3326,3348,582185,65663,0
2020-05-12,3350,3356,3272,3342,472577,68509,0
2020-05-13,3353,3355,3209,3224,565841,74461,0
2020-05-14,3235,3273,3205,3257,438676,75040,0
2020-05-15,3257,3295,3226,3275,338202,66480,0
2020-05-18,3274,3279,3168,3230,551455,74568,0
2020-05-19,3250,3375,3243,3360,516544,72254,0
2020-05-20,3360,3426,3342,3388,348115,67902,0
2020-05-21,3399,3414,3365,3383,249304,65366,0
2020-05-22,3385,3433,3292,3339,371833,62871,0
2020-05-25,3365,3485,3356,3431,402252,67087,0
2020-05-26,3421,3439,3372,3406,264800,65440,0
2020-05-27,3415,3433,3368,3397,227595,62600,0
2020-05-28,3391,3445,3374,3434,209954,70636,0
2020-05-29,3445,3448,3398,3438,158223,62109,0
2020-06-01,3437,3537,3414,3525,206962,74092,0
2020-06-02,3518,3619,3517,3606,279000,83122,0
2020-06-03,3600,3610,3560,3592,181670,74829,0
2020-06-04,3583,3584,3508,3516,182757,66787,0
2020-06-05,3514,3605,3513,3592,185042,81708,0
2020-06-08,3635,3677,3534,3549,239605,71489,0
2020-06-09,3532,3598,3531,3584,184452,75921,0
2020-06-10,3573,3588,3535,3549,139040,71000,0
2020-06-11,3549,3558,3376,3406,365207,76596,0
2020-06-12,3380,3395,3268,3347,403620,72623,0
2020-06-15,3370,3425,3313,3373,293515,71170,0
2020-06-16,3354,3488,3342,3461,306661,70566,0
2020-06-17,3485,3516,3440,3481,209142,66179,0
2020-06-18,3479,3505,3453,3477,166693,65244,0
2020-06-19,3482,3573,3462,3559,265168,73226,0
2020-06-22,3570,3588,3493,3517,179948,67006,0
2020-06-23,3525,3567,3501,3546,146082,67448,0
2020-06-24,3551,3556,3461,3523,184985,61076,0
2020-06-29,3487,3506,3437,3483,133792,60476,0
2020-06-30,3500,3577,3497,3560,191710,71734,0
2020-07-01,3551,3574,3510,3542,157913,63632,0
2020-07-02,3535,3621,3531,3604,252522,81594,0
2020-07-03,3604,3630,3577,3624,145908,82144,0
2020-07-06,3615,3625,3532,3573,203846,64579,0
2020-07-07,3569,3625,3540,3589,199384,71441,0
2020-07-08,3598,3646,3567,3586,217702,67757,0
2020-07-09,3589,3673,3580,3667,217011,87694,0
2020-07-10,3680,3687,3591,3624,213464,72134,0
2020-07-13,3630,3897,3621,3829,427777,95803,0
2020-07-14,3824,3856,3773,3843,245846,97619,0
2020-07-15,3830,3918,3807,3886,285840,102891,0
2020-07-16,3894,3908,3836,3874,207724,100385,0
2020-07-17,3875,3984,3845,3865,337429,96560,0
2020-07-20,3856,3895,3774,3874,293971,89019,3835
2020-07-21,3872,4025,3865,3992,288022,104288,3947
2020-07-22,4007,4059,3939,4015,282486,93969,4005
2020-07-23,4001,4024,3953,4004,206739,93622,3995
2020-07-24,3988,3996,3910,3946,233556,89082,3951
2020-07-27,3965,4033,3854,3919,274837,87736,3952
2020-07-28,3928,3962,3839,3888,230121,88156,3899
2020-07-29,3884,3950,3856,3934,196024,95371,3910
2020-07-30,3910,3926,3797,3838,251512,95988,3860
2020-07-31,3815,3884,3780,3826,247733,88689,3830
2020-08-03,3826,3861,3760,3841,213180,92212,3813
2020-08-04,3848,3910,3834,3856,178671,91878,3868
2020-08-05,3859,4022,3817,3977,265247,92192,3948
2020-08-06,4000,4018,3952,3978,154443,85851,0
2020-08-07,3998,4036,3910,3948,175893,85834,3963
2020-08-10,3948,4038,3898,3924,199815,88747,3953
2020-08-11,3930,3965,3861,3873,181550,82873,3910
2020-08-12,3890,3905,3810,3894,175136,81798,3861
2020-08-13,3900,3930,3829,3841,131466,84149,3862
2020-08-14,3854,3873,3814,3867,102324,82443,3841
2020-08-17,3875,3956,3841,3862,170177,83620,3888
2020-08-18,3860,3899,3846,3865,110915,83495,3876
2020-08-19,3868,3875,3790,3856,179540,89375,3839
2020-08-20,3838,3871,3476,3584,523321,95026,3637
2020-08-21,3580,3636,3551,3602,199550,90292,3590
2020-08-24,3585,3617,3565,3605,114097,87178,3593
2020-08-25,3600,3636,3525,3611,186118,84663,3596
2020-08-26,3623,3629,3563,3600,121763,84300,3589
2020-08-27,3619,3664,3579,3631,153378,81464,3617
2020-08-28,3632,3700,3620,3685,159118,80687,3668
2020-08-31,3687,3764,3639,3673,171096,80592,3699
2020-09-01,3666,3700,3622,3682,118534,77993,3667
2020-09-02,3689,3695,3548,3583,191706,89961,3607
2020-09-03,3583,3609,3533,3557,148772,85791,3571
2020-09-04,3538,3610,3514,3558,141804,84444,3562
2020-09-07,3560,3569,3434,3533,225814,86976,3497
2020-09-08,3520,3563,3502,3521,97966,84530,3521
2020-09-09,3488,3549,3401,3519,252154,84937,3480
2020-09-10,3525,3583,3379,3422,238196,86293,3501
2020-09-11,3418,3460,3359,3391,191266,86278,3406
2020-09-14,3391,3448,3374,3425,120428,82780,3414
2020-09-15,3425,3445,3377,3402,131504,81542,3413
2020-09-16,3415,3477,3395,3449,131822,76252,3441
2020-09-17,3454,3470,3405,3447,134521,73682,3442
2020-09-18,3455,3579,3410,3566,210185,74980,3503
2020-09-21,3555,3596,3467,3480,159932,66590,3530
2020-09-22,3477,3492,3333,3418,163685,65012,3425
2020-09-23,3421,3468,3372,3434,150128,59609,3421
2020-09-24,3445,3498,3411,3417,141736,54651,3451
2020-09-25,3418,3533,3390,3508,128052,52464,3485
2020-09-28,3521,3558,3431,3446,149623,49403,3496
2020-09-29,3450,3474,3421,3430,98218,45782,3441
2020-09-30,3426,3435,3347,3415,123212,40143,3395
2020-10-09,3495,3585,3476,3560,71260,36087,3539
2020-10-12,3570,3725,3554,3698,128194,36451,3636
2020-10-13,3696,3725,3661,3685,88706,36184,3687
2020-10-14,3699,3761,3668,3737,116423,33984,3723
2020-10-15,3746,3853,3716,3806,134201,37514,3796
2020-10-16,3784,3847,3735,3751,105591,31004,3793
2020-10-19,3710,3759,3633,3680,144416,24699,3686
2020-10-20,3680,3728,3660,3693,56345,23873,3694
2020-10-21,3693,3719,3661,3685,53511,21794,3689
2020-10-22,3692,3762,3646,3723,82897,18669,3719
2020-10-23,3730,3787,3690,3724,67650,16448,3735
2020-10-26,3799,3833,3726,3753,103659,43352,3776
2020-10-27,3829,3829,3743,3766,84305,42191,3772
2020-10-28,3745,3797,3681,3723,98380,42628,3744
2020-10-29,3700,3780,3672,3761,94005,39078,3730
2020-10-30,3719,3939,3655,3885,217251,41980,3809
2020-11-02,3895,3956,3836,3889,131306,44822,3897
2020-11-03,3900,3900,3780,3811,111425,41039,3831
2020-11-04,3820,3833,3712,3785,124255,38957,3773
2020-11-05,3838,3838,3716,3754,94907,39792,3760
2020-11-06,3754,3781,3701,3754,78637,39885,3740
2020-11-09,3746,3767,3569,3580,133727,42197,3637
2020-11-10,3610,3666,3551,3561,87835,44888,3611
2020-11-11,3563,3600,3550,3571,65196,45730,3576
2020-11-12,3560,3676,3560,3662,101502,37027,3635
2020-11-13,3650,3676,3510,3522,105240,41538,3584
2020-11-16,3522,3571,3502,3567,73082,37623,3543
2020-11-17,3567,3620,3523,3592,72987,32679,3578
2020-11-18,3595,3636,3530,3621,63501,26151,3583
2020-11-19,3649,3652,3553,3573,45632,24847,3591
2020-11-20,3560,3569,3444,3466,77670,26534,3492
2020-11-23,3477,3555,3456,3544,49580,19527,3515
2020-11-24,3565,3580,3525,3560,57554,51596,3550
2020-11-25,3560,3693,3552,3670,131660,43753,3640
2020-11-26,3668,3727,3642,3665,114285,48817,3686
2020-11-27,3678,3730,3648,3700,84086,44050,3701
2020-11-30,3704,3771,3667,3695,83232,42686,3710
2020-12-01,3698,3803,3697,3723,100771,45397,3745
2020-12-02,3720,3735,3644,3725,85058,41982,3696
2020-12-03,3725,3745,3660,3668,69097,41290,3699
2020-12-04,3668,3733,3632,3689,74925,37410,3678
2020-12-07,3689,3902,3686,3879,108004,41170,3814
2020-12-08,3879,3919,3851,3865,68326,36812,3884
2020-12-09,3874,3908,3695,3711,90548,30808,3819
2020-12-10,3711,3759,3690,3725,53082,29065,3731
2020-12-11,3736,3833,3720,3820,64392,28186,3777
2020-12-14,3830,3986,3798,3894,89047,27100,3900
2020-12-15,3900,3935,3866,3891,51460,25211,3902
2020-12-16,3889,3922,3836,3859,56981,21782,3873
2020-12-17,3869,3884,3783,3839,66346,18659,3828
2020-12-18,3822,3997,3822,3951,63880,15888,3917
2020-12-21,3993,4150,3990,4062,102232,36436,4064
2020-12-22,4040,4062,3909,3950,97643,38055,3985
2020-12-23,3970,4006,3778,3906,92789,38413,3919
2020-12-24,3915,3966,3868,3961,83806,40695,3918
2020-12-25,3950,3974,3881,3959,70737,41318,3933
2020-12-28,3961,4000,3827,3869,119640,44460,3917
2020-12-29,3870,3901,3723,3730,103630,46477,3817
2020-12-30,3735,3793,3696,3768,70878,42200,3754
2020-12-31,3768,3814,3720,3776,88456,40213,3758
2021-01-04,3866,3929,3827,3895,65790,36948,3882
2021-01-05,3895,3954,3886,3945,62506,34371,3927
2021-01-06,3960,4009,3922,3948,55820,35834,3957
2021-01-07,3945,4029,3933,3953,80727,35408,3973
2021-01-08,3960,3973,3830,3941,97716,32523,3915
2021-01-11,3952,3965,3844,3857,58501,33099,3888
2021-01-12,3850,3914,3786,3904,65559,29720,3865
2021-01-13,3920,3988,3882,3966,72375,28252,3928
2021-01-14,3966,4069,3911,3988,107405,23703,3988
2021-01-15,3973,4021,3891,3896,77478,23197,3979
2021-01-18,3903,3907,3748,3774,87506,25972,3814
2021-01-19,3780,3815,3750,3798,52376,23487,3782
2021-01-20,3820,3821,3661,3661,71218,22429,3746
2021-01-21,3650,3759,3632,3672,55051,20747,3711
2021-01-22,3679,3708,3587,3657,48814,19504,3643
2021-01-25,3450,3494,3413,3432,78777,41913,3453
2021-01-26,3430,3455,3331,3336,99321,54994,3394
2021-01-27,3350,3434,3336,3402,95684,52457,3384
2021-01-28,3400,3402,3275,3299,138001,60742,3316
2021-01-29,3302,3342,3253,3301,124355,58447,3298
2021-02-01,3303,3445,3303,3425,125809,44759,3396
2021-02-02,3449,3473,3358,3397,102082,47536,3420
2021-02-03,3406,3429,3327,3367,69185,47142,3384
2021-02-04,3379,3443,3320,3429,79816,41907,3375
2021-02-05,3425,3496,3422,3480,96947,37582,3456
2021-02-08,3480,3547,3441,3488,72684,31777,3493
2021-02-09,3490,3544,3451,3510,66696,27718,3497
2021-02-10,3500,3500,3259,3264,145641,36157,3335
2021-02-18,3350,3377,3289,3314,47116,37974,3326
2021-02-19,3325,3449,3301,3426,110117,29258,3381
2021-02-22,3429,3494,3381,3468,66171,24227,3440
2021-02-23,3440,3515,3421,3506,55583,17665,3474
2021-02-24,3930,4082,3913,4010,144890,38300,4003
2021-02-25,4030,4150,3978,4071,129737,36520,4068
2021-02-26,4071,4092,3964,4042,146496,31220,4016
2021-03-01,4012,4109,3915,4071,92906,26787,4010
2021-03-02,4071,4087,3856,3928,87512,24014,3942
2021-03-03,3948,4008,3928,3988,57936,24651,3968
2021-03-04,3990,4033,3872,3882,79861,25016,3958
2021-03-05,3870,4009,3852,3985,75873,25117,3940
2021-03-08,3998,4116,3893,3908,98490,26341,4014
2021-03-09,3876,3939,3804,3883,82848,25613,3884
2021-03-10,3913,3975,3878,3934,78641,23556,3927
2021-03-11,3952,4050,3934,4044,72496,25509,3992
2021-03-12,4056,4060,3970,4030,67418,25039,4011
2021-03-15,4030,4185,3992,4017,102270,21658,4069
2021-03-16,3995,4070,3971,4040,44693,19985,4029
2021-03-17,4050,4085,4004,4022,43435,18220,4042
2021-03-18,3998,4096,3993,4064,41356,18418,4055
2021-03-19,4075,4075,3956,4009,59711,14223,4021
2021-03-22,3989,4080,3955,4077,38189,13747,4011
2021-03-23,4065,4096,4010,4019,26135,10923,4049
2021-03-24,3880,3920,3750,3764,79427,31217,3827
2021-03-25,3770,3888,3760,3867,74076,30628,3842
2021-03-26,3862,3863,3783,3823,47463,30023,3814
2021-03-29,3823,3920,3718,3749,95207,32897,3822
2021-03-30,3767,3845,3750,3838,54659,32153,3793
2021-03-31,3829,3909,3814,3887,59184,33881,3865
2021-04-01,3887,3914,3770,3782,83069,24450,3842
2021-04-02,3761,3800,3750,3779,53899,25906,3776
2021-04-06,3752,3795,3684,3785,60584,26244,3738
2021-04-07,3788,3835,3745,3822,56271,24233,3790
2021-04-08,3826,3875,3792,3821,67418,20558,3833
2021-04-09,3821,3833,3782,3818,48176,19008,3807
2021-04-12,3818,3921,3760,3899,75594,18703,3845
2021-04-13,3917,3937,3879,3914,31427,17928,3906
2021-04-14,3923,3955,3891,3926,39403,15044,3919
2021-04-15,3916,3934,3888,3915,26096,14362,3910
2021-04-16,3797,3848,3758,3810,68366,42533,3796
2021-04-19,3810,3821,3720,3779,57003,40512,3773
2021-04-20,3799,3799,3729,3749,45026,42909,3756
2021-04-21,3740,3755,3686,3736,68525,45067,3718
2021-04-22,3700,3705,3656,3656,61570,50133,3679
2021-04-23,3656,3682,3650,3668,40951,51865,3668
2021-04-26,3653,3707,3635,3670,59896,51930,3663
2021-04-27,3666,3693,3633,3681,52852,51296,3663
2021-04-28,3681,3697,3650,3663,44709,51264,3666
2021-04-29,3679,3800,3658,3798,71427,46242,3730
2021-04-30,3836,3958,3780,3914,81189,44143,3849
2021-05-06,3990,4094,3906,4026,66005,42584,4011
2021-05-07,4026,4066,3974,4052,50595,41259,4018
2021-05-10,4052,4180,4015,4050,63108,37721,4073
2021-05-11,4066,4106,4010,4059,49961,36782,4054
2021-05-12,4059,4190,4032,4159,85766,36912,4123
2021-05-13,4162,4285,4081,4134,83942,30374,4192
2021-05-14,4124,4154,4067,4127,55750,27850,4107
2021-05-17,4150,4328,4142,4248,91531,24601,4254
2021-05-18,4248,4250,4120,4151,61561,20275,4172
2021-05-19,4168,4180,4050,4087,37242,17458,4107
2021-05-20,4088,4112,4001,4060,49525,15275,4058
2021-05-21,4060,4107,4028,4078,34856,13282,4061
2021-05-24,4090,4225,4055,4174,113082,49241,4159
2021-05-25,4174,4195,4112,4136,63780,50265,4157
2021-05-26,4122,4148,4020,4119,75726,47512,4105
2021-05-27,4109,4188,4090,4175,86611,48380,4148
2021-05-28,4130,4320,4130,4306,130722,55049,4246
2021-05-31,4306,4396,4302,4392,123279,53580,4354
2021-06-01,4400,4445,4356,4432,86130,46142,4401
2021-06-02,4455,4498,4370,4385,67707,40943,4434
2021-06-03,4385,4465,4316,4417,71209,38113,4384
2021-06-04,4386,4396,4290,4353,80098,32521,4328
2021-06-07,4368,4412,4275,4277,62862,27867,4337
2021-06-08,4290,4316,4245,4260,39138,24617,4284
2021-06-09,4260,4350,4247,4342,45021,21601,4300
2021-06-10,4359,4449,4359,4392,41211,19661,4407
2021-06-11,4400,4509,4400,4490,63929,59276,4461
2021-06-15,4562,4578,4447,4537,51070,63319,4508
2021-06-16,4537,4542,4477,4511,62597,63752,4510
2021-06-17,4533,4547,4421,4480,77225,61862,4476
2021-06-18,4480,4520,4422,4486,84172,64678,4475
2021-06-21,4486,4553,4453,4519,74433,68785,4513
2021-06-22,4516,4599,4480,4595,78797,73573,4552
2021-06-23,4590,4682,4554,4679,90851,77955,4612
2021-06-24,4684,4749,4671,4701,72243,76468,4705
2021-06-25,4688,4868,4662,4856,97013,79039,4791
2021-06-28,4856,4877,4738,4779,96547,70772,4806
2021-06-29,4780,4795,4706,4744,80144,67885,4746
2021-06-30,4760,4800,4720,4752,82098,61667,4754
2021-07-01,4770,4844,4761,4833,88219,53311,4809
2021-07-02,4874,4966,4852,4943,91527,51324,4907
2021-07-05,4943,4998,4900,4988,67413,51899,4951
2021-07-06,4994,5093,4947,5087,87358,50855,5028
2021-07-07,5074,5074,4924,4978,95994,41685,4991
2021-07-08,4978,4996,4842,4865,89646,33473,4912
2021-07-09,4777,4898,4741,4834,68446,28134,4842
2021-07-12,4870,4964,4807,4842,56234,26001,4889
2021-07-13,4840,4945,4830,4942,37614,25423,4902
2021-07-14,4893,5012,4893,4970,49292,23360,4951
2021-07-15,5009,5009,4816,4825,36848,22503,4879
2021-07-16,4819,4882,4781,4831,75002,67326,4831
2021-07-19,4860,5059,4847,5039,122106,71942,4947
2021-07-20,4952,4970,4715,4822,148976,66422,4813
2021-07-21,4800,4869,4781,4804,90766,65862,4825
2021-07-22,4827,4978,4827,4963,84467,70785,4909
2021-07-23,4963,5007,4942,4968,60936,70447,4972
2021-07-26,4946,5047,4918,4963,90800,67026,4966
2021-07-27,4977,5030,4922,4949,79662,66560,4978
2021-07-28,4949,4949,4836,4920,79961,65070,4903
2021-07-29,4920,5005,4884,5002,77760,62982,4944
2021-07-30,5020,5148,4966,5145,112871,62395,5050
2021-08-02,5145,5192,5028,5116,120109,48173,5118
2021-08-03,5128,5137,5032,5032,79280,40537,5077
2021-08-04,4984,5018,4925,4987,83576,35996,4976
2021-08-05,4977,4980,4862,4900,80339,32845,4933
2021-08-06,4911,4998,4892,4985,55362,31609,4939
2021-08-09,4993,5038,4914,4989,58183,26848,4981
2021-08-10,4976,5135,4918,5122,64372,27257,5030
2021-08-11,5122,5262,5102,5255,70111,28747,5194
2021-08-12,5220,5313,5197,5217,59015,28942,5249
2021-08-13,5197,5259,5150,5208,46400,24648,5195
2021-08-16,5218,5247,5132,5161,36981,21817,5185
2021-08-17,5144,5179,5056,5110,59045,60350,5121
2021-08-18,5110,5184,5073,5154,69867,62998,5137
2021-08-19,5170,5198,5021,5040,87343,62712,5096
2021-08-20,5017,5030,4911,4942,82270,60621,4959
2021-08-23,4896,4999,4856,4939,81013,60482,4931
2021-08-24,4956,5044,4933,4970,75734,62826,4987
2021-08-25,4985,5016,4927,4936,66799,62993,4973
2021-08-26,4950,5027,4921,5015,76986,61811,4984
2021-08-27,5015,5155,4961,5136,116363,65431,5064
2021-08-30,5160,5189,5089,5130,75663,63372,5134
2021-08-31,5138,5156,5056,5091,67733,58196,5086
2021-09-01,5083,5144,5039,5124,77022,49584,5090
2021-09-02,5119,5210,5071,5202,80862,46344,5138
2021-09-03,5222,5340,5175,5332,90974,46248,5244
2021-09-06,5344,5355,5166,5231,86720,41456,5235
2021-09-07,5241,5322,5207,5289,75422,37811,5253
2021-09-08,5259,5375,5201,5353,68122,36512,5267
2021-09-09,5360,5555,5321,5405,105601,30961,5426
2021-09-10,5337,5491,5288,5306,77653,26691,5401
2021-09-13,5320,5483,5303,5402,63243,25233,5402
2021-09-14,5426,5504,5367,5401,82761,23465,5437
2021-09-15,5448,5581,5368,5550,73599,19620,5471
2021-09-16,5588,5919,5580,5675,195488,65272,5756
2021-09-17,5645,5775,5609,5705,136050,66579,5704
2021-09-22,5600,5895,5500,5724,135077,70739,5759
2021-09-23,5724,5938,5680,5760,171643,73786,5805
2021-09-24,5782,5860,5657,5762,155890,70915,5769
2021-09-27,5790,6016,5733,5901,195385,73120,5874
2021-09-28,5963,6260,5880,6250,234972,82530,6046
2021-09-29,6229,6305,6039,6085,244944,69091,6172
2021-09-30,6149,6266,6078,6234,147480,62406,6162
2021-10-08,6450,6657,6338,6482,112757,54260,6480
2021-10-11,6482,6803,6430,6755,162007,54005,6635
2021-10-12,6715,6836,6628,6713,159172,47661,6732
2021-10-13,6686,6737,6194,6249,214030,35288,6454
2021-10-14,6295,6388,6032,6268,175513,30341,6209
2021-10-15,6268,6443,6228,6425,154322,26612,6332
2021-10-18,6420,6697,6303,6527,137573,22061,6474
2021-10-19,6589,6592,6361,6515,141969,76035,6486
2021-10-20,6462,6508,5974,6215,257255,71224,6244
2021-10-21,6215,6520,6170,6266,196695,74316,6360
2021-10-22,6200,6292,5966,6119,268078,72205,6153
2021-10-25,6230,6260,5908,6077,270071,65814,6080
2021-10-26,6130,6155,5777,5898,243037,63478,5973
2021-10-27,5908,5945,5560,5595,237205,59107,5737
2021-10-28,5622,5649,5322,5464,257380,56082,5522
2021-10-29,5450,5491,5347,5442,167899,51752,5427
2021-11-01,5387,5592,5139,5479,237715,48859,5362
2021-11-02,5510,5576,5323,5357,164112,60037,5447
2021-11-03,5355,5409,5021,5109,238419,51987,5170
2021-11-04,5030,5131,4833,4904,245292,52419,4988
2021-11-05,4955,5124,4830,4897,171985,44174,4957
2021-11-08,4898,5148,4840,4982,159237,46864,4970
2021-11-09,4982,5054,4815,4878,111033,44831,4944
2021-11-10,4850,4918,4694,4785,131276,45680,4810
2021-11-11,4764,4939,4720,4825,151328,46154,4818
2021-11-12,4800,4908,4739,4783,118904,46792,4822
2021-11-15,4740,4774,4578,4612,131766,50508,4661
2021-11-16,4598,4728,4553,4718,101898,45712,4665
2021-11-17,4718,4924,4679,4915,125454,41246,4793
2021-11-18,4920,4994,4845,4875,109239,30964,4922
2021-11-19,4900,5069,4824,5022,84675,29710,4947
2021-11-22,4900,5039,4830,4930,61466,21818,4966
2021-11-23,4750,4765,4515,4529,127703,76566,4655
2021-11-24,4537,4734,4523,4729,142827,72609,4596
2021-11-25,4722,4847,4722,4801,138565,70385,4783
2021-11-26,4809,4819,4556,4590,134711,71920,4681
2021-11-29,4500,4680,4490,4615,143229,70325,4602
2021-11-30,4615,4643,4305,4318,198796,76706,4478
2021-12-01,4322,4379,4260,4302,147194,70774,4318
2021-12-02,4312,4341,4225,4276,155874,69189,4285
2021-12-03,4250,4252,4103,4155,170042,72152,4167
2021-12-06,4171,4428,4118,4393,202152,70181,4237
2021-12-07,4397,4483,4374,4475,162758,62695,4423
2021-12-08,4520,4620,4426,4550,162985,56445,4536
2021-12-09,4550,4565,4354,4365,147661,54671,4457
2021-12-10,4315,4413,4277,4325,109493,48030,4349
2021-12-13,4400,4539,4384,4441,133758,45775,4450
2021-12-14,4420,4497,4353,4407,104009,38241,4427
2021-12-15,4407,4453,4342,4373,80920,34605,4399
2021-12-16,4373,4484,4373,4456,59629,28362,4432
2021-12-17,4299,4477,4286,4291,177611,65333,4375
2021-12-20,4280,4341,4161,4175,170851,70082,4252
2021-12-21,4160,4319,4144,4309,113538,64957,4241
2021-12-22,4325,4398,4266,4268,143830,69590,4336
2021-12-23,4270,4456,4250,4441,162149,75538,4371
2021-12-24,4448,4560,4407,4558,173120,75262,4461
2021-12-27,4560,4640,4427,4492,232556,75353,4533
2021-12-28,4495,4654,4474,4635,182157,76721,4572
2021-12-29,4650,4709,4575,4614,169652,73254,4637
2021-12-30,4614,4647,4507,4519,175978,72997,0
2021-12-31,4531,4752,4511,4748,224645,67355,4637
2022-01-04,4750,4889,4717,4875,124271,69926,4819
2022-01-05,4876,4945,4848,4932,163049,62725,4904
2022-01-06,4940,4986,4832,4900,191408,60023,4891
2022-01-07,4930,5129,4903,5110,218197,63072,5010
2022-01-10,5110,5119,4967,5037,175031,58648,5036
2022-01-11,5020,5025,4905,4975,183263,54654,4966
2022-01-12,4998,5040,4862,4881,202430,54474,4949
2022-01-13,4889,4985,4757,4776,245631,48863,4886
2022-01-14,4769,4822,4692,4783,169213,41550,4755
2022-01-17,4780,4801,4589,4641,181214,39285,4668
2022-01-18,4632,4741,4611,4674,159808,36721,4673
2022-01-19,4665,4777,4637,4658,181479,32533,4708
2022-01-20,4650,4818,4576,4801,173624,27053,4675
2022-01-21,4810,4880,4731,4820,130322,18916,4811
2022-01-24,4739,4805,4510,4515,255392,86664,4687
2022-01-25,4502,4530,4356,4410,229181,88325,4437
2022-01-26,4401,4457,4385,4423,168033,83670,4417
2022-01-27,4438,4564,4422,4530,180747,69070,4491
2022-01-28,4553,4728,4553,4690,193336,56569,4660
2022-02-07,4800,5126,4800,5126,123968,57693,4993
2022-02-08,5142,5178,5083,5161,171907,58700,5131
2022-02-09,5100,5143,4988,5076,185338,58550,5058
2022-02-10,5077,5134,4933,5064,223649,54407,5033
2022-02-11,5093,5176,4964,4974,236667,54370,5076
2022-02-14,5001,5447,4938,5030,259432,53028,5083
2022-02-15,4990,5057,4884,5039,190607,45759,4965
2022-02-16,4980,5023,4845,5005,178155,42017,4920
2022-02-17,5036,5081,4842,5025,155727,38642,4994
2022-02-18,5003,5066,4952,4971,132623,31642,4997
2022-02-21,4929,4930,4772,4808,129300,27750,4848
2022-02-22,4808,5011,4807,4969,113477,20545,4934
2022-02-23,4980,5052,4905,4961,76873,15190,4989
2022-02-24,5838,6268,5770,6230,234707,61930,6034
2022-02-25,6350,6376,6115,6246,259993,60849,6224
2022-02-28,6180,6671,6025,6210,242384,55939,6171
2022-03-01,6178,6219,6048,6157,160691,52380,6134
2022-03-02,6305,6564,6208,6526,229448,53043,6393
2022-03-03,6560,6825,6534,6767,223790,49464,6692
2022-03-04,6659,6757,6409,6492,238637,45559,6563
2022-03-07,6550,7017,6513,6979,193300,45301,6784
2022-03-08,6935,6946,6570,6892,223509,48955,6766
2022-03-09,6856,6992,6736,6905,169690,44366,6890
2022-03-10,6700,6735,6339,6417,179058,42993,6538
2022-03-11,6475,6646,6274,6435,163735,36818,6475
2022-03-14,6390,6431,6074,6077,107663,33850,6245
2022-03-15,6024,6097,5786,5844,114695,32617,5933
2022-03-16,5794,5961,5760,5937,107082,28681,5857
2022-03-17,5946,5990,5808,5900,90413,27341,5899
2022-03-18,6031,6218,6008,6189,85940,24965,6107
2022-03-21,6081,6265,6003,6233,68380,22614,6141
2022-03-22,5966,6266,5939,6226,114141,73687,6114
2022-03-23,6199,6200,6092,6169,94631,70046,6147
2022-03-24,6277,6478,6173,6194,137920,74772,6332
2022-03-25,6232,6378,6195,6359,129796,73047,6292
2022-03-28,6259,6351,6130,6146,145876,73979,6246
2022-03-29,6111,6205,6054,6170,113547,70203,6117
2022-03-30,6000,6170,5916,6168,135784,71696,6031
2022-03-31,6190,6313,6088,6166,139131,67342,6204
2022-04-01,6130,6204,5860,5876,145879,62144,6030
2022-04-06,5920,6041,5894,5948,74302,57922,5968
2022-04-07,5960,5992,5696,5821,113800,59915,5847
2022-04-08,5800,5821,5624,5694,101860,58800,5713
2022-04-11,5716,5854,5667,5804,107792,57867,5752
2022-04-12,5740,5953,5648,5924,107609,52250,5777
2022-04-13,5971,6016,5908,5946,95951,50608,5961
2022-04-14,6002,6195,6001,6152,104283,49754,6095
2022-04-15,6140,6309,6082,6252,87500,44825,6202
2022-04-18,6240,6380,6143,6349,95123,43444,6282
2022-04-19,6366,6391,6174,6219,83895,34281,6304
2022-04-20,6150,6245,6050,6185,69686,29331,6140
2022-04-21,6139,6250,6091,6244,112588,61489,6167
2022-04-22,6244,6244,5988,6020,139781,61807,6121
2022-04-25,6030,6049,5761,5799,140726,61332,5897
2022-04-26,5767,5986,5735,5906,137246,62761,5861
2022-04-27,5926,6207,5925,6161,152639,63699,6088
2022-04-28,6107,6134,5928,6006,170003,59691,6012
2022-04-29,6006,6234,5965,6118,164888,57291,6075
2022-05-05,6216,6311,6176,6245,79077,58234,6257
2022-05-06,6285,6340,6120,6182,136144,57610,6226
2022-05-09,6182,6184,5975,6112,162947,54711,6094
2022-05-10,6051,6127,5901,5955,167864,53339,6018
2022-05-11,5990,6181,5904,6180,149199,53950,6030
2022-05-12,6200,6248,6097,6126,145333,48953,6182
2022-05-13,6147,6265,6113,6183,121996,47916,6186
2022-05-16,6220,6276,6023,6029,141247,44777,6172
2022-05-17,6050,6312,6050,6283,125689,47658,6216
2022-05-18,6283,6331,6014,6044,134997,38107,6164
2022-05-19,6089,6129,5957,6088,121798,30741,6055
2022-05-20,6000,6092,5915,5967,137987,26980,6005
2022-05-23,5978,6074,5946,5961,97879,22389,6006
2022-05-24,5962,5985,5811,5872,106227,18284,5875
2022-05-25,5936,5936,5800,5892,56530,12876,5885
2022-05-26,5846,6064,5826,6059,149043,69828,5940
2022-05-27,6068,6204,6022,6181,122359,72560,6128
2022-05-30,6166,6250,6111,6182,109896,68191,6171
2022-05-31,6170,6266,6125,6230,101762,67338,6204
2022-06-01,6208,6235,5975,6000,132682,56931,6090
2022-06-02,6015,6054,5760,5831,151670,58538,5922
2022-06-06,5980,6030,5923,5953,81446,55709,5966
2022-06-07,5932,6045,5923,5976,121019,52110,5996
2022-06-08,5964,6052,5905,5956,129833,53961,5967
2022-06-09,5970,6030,5869,5903,148340,54917,5947
2022-06-10,5910,5935,5797,5886,119248,56529,5873
2022-06-13,5888,5893,5704,5733,122132,60145,5785
2022-06-14,5735,5774,5675,5737,103424,59860,5730
2022-06-15,5754,5771,5519,5562,125507,62968,5639
2022-06-16,5562,5794,5544,5770,144916,52402,5695
2022-06-17,5770,5955,5742,5945,154815,48283,5838
2022-06-20,5945,5980,5803,5927,142390,41852,5883
2022-06-21,5959,5959,5755,5888,130364,33327,5857
2022-06-22,5893,5940,5637,5699,129501,26338,5790
2022-06-23,5630,5735,5566,5693,104361,20902,5664
2022-06-24,5708,5750,5573,5628,74182,15252,5665
2022-06-27,5584,5737,5425,5694,162785,67809,5592
2022-06-28,5697,5847,5622,5804,142988,68045,5741
2022-06-29,5810,5844,5711,5793,124407,68194,5780
2022-06-30,5851,5913,5717,5801,134738,65194,5810
2022-07-01,5799,5799,5613,5652,141364,60502,5693
2022-07-04,5707,5970,5633,5918,183522,63065,5779
2022-07-05,5938,6046,5856,5902,143777,60874,5931
2022-07-06,5849,5896,5505,5585,201732,52993,5662
2022-07-07,5584,5630,5436,5518,223527,53509,5517
2022-07-08,5550,5635,5488,5527,148791,51539,5558
2022-07-11,5527,5609,5355,5410,188715,53392,5478
2022-07-12,5388,5525,5333,5457,166451,53967,5453
2022-07-13,5400,5427,5207,5413,177717,51739,5322
2022-07-14,5348,5550,5340,5441,173990,50124,5433
2022-07-15,5441,5477,5203,5208,176898,49441,5364
2022-07-18,5288,5510,5158,5487,198453,43749,5331
2022-07-19,5518,5533,5394,5420,114743,35447,5462
2022-07-20,5375,5450,5276,5318,124167,30388,5351
2022-07-21,5318,5396,5259,5344,91423,25562,5344
2022-07-22,5246,5474,5241,5451,83392,21981,5368
2022-07-25,5396,5485,5274,5325,52236,14869,5400
2022-07-26,5210,5399,5158,5360,142245,72965,5276
2022-07-27,5391,5434,5243,5261,117717,70842,5320
2022-07-28,5285,5496,5249,5439,136019,71438,5374
2022-07-29,5446,5466,5331,5389,114150,64572,5391
2022-08-01,5429,5547,5280,5302,154364,60858,5425
2022-08-02,5302,5339,5214,5324,114695,56193,5276
2022-08-03,5324,5469,5281,5414,130331,57036,5376
2022-08-04,5472,5488,5287,5304,109143,52803,5375
2022-08-05,5304,5315,5154,5160,126358,55075,5233
2022-08-08,5131,5222,5094,5177,113961,53543,5163
2022-08-09,5122,5245,5111,5173,114780,50820,5190
2022-08-10,5210,5234,5013,5026,131315,59096,5127
2022-08-11,5050,5194,4979,5165,137972,51685,5073
2022-08-12,5200,5303,5181,5300,109049,44705,5238
2022-08-15,5251,5353,5225,5315,93748,38264,5284
2022-08-16,5203,5324,5203,5273,93508,32183,5264
2022-08-17,5290,5304,5175,5227,76320,29618,5236
2022-08-18,5222,5396,5213,5345,86452,30646,5312
2022-08-19,5365,5413,5343,5395,60431,27237,5377
2022-08-22,5275,5418,5273,5397,116487,73840,5365
2022-08-23,5449,5584,5369,5514,130096,80426,5483
2022-08-24,5514,5676,5497,5667,135079,85261,5608
2022-08-25,5670,5788,5649,5736,143333,90912,5722
2022-08-26,5711,5735,5666,5707,115233,93008,5700
2022-08-29,5679,5762,5622,5676,146571,90975,5687
2022-08-30,5676,5756,5636,5732,131644,94627,5695
2022-08-31,5691,5697,5618,5674,125735,90094,5661
2022-09-01,5589,5644,5454,5491,152449,78561,5551
2022-09-02,5490,5549,5463,5518,114652,74476,5504
2022-09-05,5533,5674,5475,5641,120932,72299,5573
2022-09-06,5641,5663,5455,5553,129297,69397,5558
2022-09-07,5500,5530,5420,5459,123376,64236,5479
2022-09-08,5475,5570,5424,5499,111278,63488,5488
2022-09-09,5478,5552,5461,5484,119887,57272,5502
2022-09-13,5546,5728,5517,5548,104178,55657,5606
2022-09-14,5533,5595,5490,5526,96846,52902,5547
2022-09-15,5543,5625,5511,5522,95675,49876,5576
2022-09-16,5505,5603,5424,5562,120169,45240,5519
2022-09-19,5538,5576,5356,5404,146391,43126,5472
2022-09-20,5380,5592,5361,5538,113441,36659,5488
2022-09-21,5554,5564,5450,5508,105587,32450,5499
2022-09-22,5488,5549,5370,5426,114259,28010,5452
2022-09-23,5456,5464,5290,5297,77909,24151,5369
2022-09-26,5045,5189,5020,5024,141212,81078,5111
2022-09-27,5050,5104,4908,4955,147437,83882,5007
2022-09-28,4960,4995,4904,4929,121904,82937,4948
2022-09-29,4968,5058,4914,4954,143880,81268,4979
2022-09-30,4978,4996,4861,4875,119194,79016,4915
2022-10-10,5100,5128,5001,5083,88945,71603,5071
2022-10-11,5060,5142,5025,5125,102541,66559,5097
2022-10-12,5108,5127,5052,5109,80031,63549,5090
2022-10-13,5095,5135,5030,5062,96980,61543,5086
2022-10-14,5028,5062,4969,5028,92951,58708,5016
2022-10-17,5006,5008,4827,4885,117496,58396,4905
2022-10-18,4899,5028,4850,5027,100620,53170,4920
2022-10-19,4990,5117,4990,5098,113614,45519,5054
2022-10-20,5110,5227,5069,5183,102257,38355,5164
2022-10-21,5161,5229,5034,5063,106030,29832,5137
2022-10-24,5066,5200,5058,5162,93534,24842,5155
2022-10-25,5130,5183,5100,5172,77451,17478,5147
2022-10-26,5160,5284,5160,5251,51002,12145,5235
2022-10-27,5160,5200,5111,5162,93418,68434,5154
2022-10-28,5200,5248,5147,5179,118791,72156,5204
2022-10-31,5190,5281,5100,5149,136155,70191,5178
2022-11-01,5140,5256,5065,5247,162098,74318,5168
2022-11-02,5288,5356,5233,5322,122042,74371,5296
2022-11-03,5322,5378,5300,5325,110176,74838,5336
2022-11-04,5280,5363,5200,5323,144686,72071,5266
2022-11-07,5343,5373,5222,5250,110935,68272,5276
2022-11-08,5265,5295,5166,5270,120079,70861,5246
2022-11-09,5265,5275,5176,5228,112750,66425,5225
2022-11-10,5215,5260,5133,5177,109865,62658,5209
2022-11-11,5180,5292,5162,5218,126039,60058,5217
2022-11-14,5228,5241,5053,5077,137682,55370,5141
2022-11-15,5050,5153,5020,5111,99610,47987,5093
2022-11-16,5096,5108,4937,4960,129915,49490,5004
2022-11-17,4966,4996,4947,4975,76688,40704,4976
2022-11-18,5000,5017,4895,4952,80117,33777,4957
2022-11-21,4936,4962,4884,4918,72181,29716,4929
2022-11-22,4917,4993,4895,4967,51809,24706,4942
2022-11-23,4880,4919,4842,4869,80699,66328,4881
2022-11-24,4818,4840,4745,4766,114687,73895,4785
2022-11-25,4795,4847,4705,4846,104141,72272,4772
2022-11-28,4860,4872,4738,4786,95762,71728,4796
2022-11-29,4780,4893,4741,4781,120082,72389,4800
2022-11-30,4771,4843,4751,4840,102188,74209,4794
2022-12-01,4851,4957,4823,4928,116079,68461,4902
2022-12-02,4950,4975,4881,4908,88014,66374,4933
2022-12-05,4888,4897,4713,4730,135263,75946,4794
2022-12-06,4741,4768,4612,4671,104420,76857,4702
2022-12-07,4650,4706,4627,4637,74091,78286,4662
2022-12-08,4660,4696,4631,4654,83487,74675,4662
2022-12-09,4694,4719,4621,4663,89587,70543,4674
2022-12-12,4672,4705,4413,4436,131141,72177,4567
2022-12-13,4437,4649,4421,4636,100945,59936,4552
2022-12-14,4654,4692,4605,4617,71901,55167,4652
2022-12-15,4641,4669,4477,4600,116198,49569,4583
2022-12-16,4608,4622,4505,4545,93829,47144,4552
2022-12-19,4530,4571,4462,4484,90843,47229,4522
2022-12-20,4468,4546,4468,4492,77537,40938,4506
2022-12-21,4485,4524,4421,4491,100440,32448,4471
2022-12-22,4505,4526,4442,4454,56396,28435,4485
2022-12-23,4285,4334,4201,4299,112241,69809,4272
2022-12-26,4292,4336,4269,4322,94437,71990,4307
2022-12-27,4320,4397,4315,4383,90220,72650,4367
2022-12-28,4385,4390,4273,4294,98227,77496,4324
2022-12-29,4294,4315,4226,4255,88310,81348,4268
2022-12-30,4255,4269,4191,4238,96199,82364,4229
2023-01-03,4251,4332,4199,4321,88168,71265,4276
2023-01-04,4325,4347,4265,4293,84024,66880,4311
2023-01-05,4270,4298,4148,4264,109310,68855,4238
2023-01-06,4265,4279,4202,4244,82635,69448,4238
2023-01-09,4236,4318,4213,4296,80273,61859,4267
2023-01-10,4312,4482,4303,4448,125699,54023,4400
2023-01-11,4477,4546,4437,4494,86857,51612,4486
2023-01-12,4504,4568,4481,4557,72547,48019,4533
2023-01-13,4570,4656,4542,4609,86710,38731,4597
2023-01-16,4582,4684,4488,4618,84230,29573,4576
2023-01-17,4604,4653,4553,4575,49290,24133,4602
2023-01-18,4514,4611,4513,4603,73923,79369,4571
2023-01-19,4620,4762,4612,4745,101993,84299,4703
2023-01-20,4719,4875,4705,4871,75974,81547,4788
2023-01-30,5150,5170,5003,5055,82847,81425,5066
2023-01-31,5079,5127,5026,5074,110311,81033,5080
2023-02-01,5000,5040,4876,4980,143021,77058,4943
2023-02-02,4978,4996,4905,4926,110978,77702,4949
2023-02-03,4904,4920,4826,4908,134882,77215,4875
2023-02-06,4920,5063,4901,4936,135271,77865,4961
2023-02-07,4929,4960,4758,4795,129616,75632,4857
2023-02-08,4781,4860,4723,4848,133725,72754,4792
2023-02-09,4822,4844,4736,4790,106387,68219,4776
2023-02-10,4820,4874,4741,4789,135005,61531,4812
2023-02-13,4830,4915,4763,4770,117725,57481,4847
2023-02-14,4785,4815,4640,4654,124938,53455,4712
2023-02-15,4630,4635,4525,4550,115320,47846,4574
2023-02-16,4570,4622,4537,4596,95607,38148,4576
2023-02-17,4596,4676,4570,4649,96797,32375,4628
2023-02-20,4629,4629,4512,4564,100581,27100,4572
2023-02-21,4580,4614,4550,4578,70435,22164,4581
2023-02-22,4594,4596,4526,4563,39949,17880,4565
2023-02-23,5070,5079,4893,4900,137296,77631,4969
2023-02-24,4900,4938,4854,4936,109601,76464,4903
2023-02-27,4921,4959,4874,4902,102122,75063,4926
2023-02-28,4924,4938,4851,4931,107679,71095,4895
2023-03-01,4950,5075,4944,5071,118763,70425,4990
2023-03-02,5075,5090,5022,5057,92899,65719,5052
2023-03-03,5050,5117,5012,5085,100102,63587,5059
2023-03-06,5080,5143,5034,5068,123621,61796,5083
2023-03-07,5055,5149,5028,5119,94730,63757,5092
2023-03-08,5110,5142,5052,5084,87081,58526,5091
2023-03-09,5084,5089,4931,4962,96839,52132,5001
2023-03-10,4962,4996,4932,4953,74786,49396,4966
2023-03-13,4952,4987,4912,4952,64595,46330,4949
2023-03-14,4855,4864,4692,4742,107751,41649,4789
2023-03-15,4740,4763,4683,4691,53258,37660,4724
2023-03-16,4612,4639,4521,4544,70205,30933,4584
2023-03-17,4540,4551,4434,4513,61394,24615,4500
2023-03-20,4385,4442,4338,4359,73837,81083,4384
2023-03-21,4386,4397,4327,4360,62648,83334,4360
2023-03-22,4390,4464,4373,4427,92175,86508,4420
2023-03-23,4428,4446,4400,4415,61940,87220,4423
2023-03-24,4425,4532,4416,4504,97075,86361,4469
2023-03-27,4454,4498,4422,4480,87353,89054,4466
2023-03-28,4500,4544,4476,4515,70281,89269,4510
2023-03-29,4496,4550,4439,4519,81530,87144,4508
2023-03-30,4534,4570,4481,4506,73971,86608,4524
2023-03-31,4510,4548,4460,4470,81753,86172,4505
2023-04-03,4474,4654,4406,4610,143444,80157,4548
2023-04-04,4618,4706,4608,4671,77000,75674,4662
2023-04-06,4615,4657,4590,4630,39193,72507,4627
2023-04-07,4639,4652,4552,4590,63090,69173,4588
2023-04-10,4630,4642,4499,4529,68340,66133,4572
2023-04-11,4538,4605,4515,4577,54244,61141,4564
2023-04-12,4573,4669,4555,4662,58030,59260,4602
2023-04-13,4675,4787,4675,4753,89016,57924,4752
2023-04-14,4724,4776,4712,4734,64034,55504,4742
2023-04-17,4745,4745,4680,4741,59252,52061,4716
2023-04-18,4716,4755,4669,4722,65928,42695,4707
2023-04-19,4718,4752,4659,4667,60623,35377,4705
2023-04-20,4610,4633,4561,4609,78833,72076,4601
2023-04-21,4600,4693,4595,4668,95878,76907,4645
2023-04-24,4680,4707,4580,4627,108129,73579,4646
2023-04-25,4646,4780,4641,4766,132814,86703,4730
2023-04-26,4732,4750,4652,4685,108050,81406,4701
2023-04-27,4669,4669,4511,4515,125830,70192,4581
2023-04-28,4516,4523,4454,4473,92893,66624,4485
2023-05-04,4246,4342,4226,4301,74599,66442,4284
2023-05-05,4302,4305,4211,4274,83500,65679,4257
2023-05-08,4297,4338,4273,4317,86759,64169,4304
2023-05-09,4338,4375,4285,4294,81303,62572,4325
2023-05-10,4273,4356,4273,4326,74679,58810,4321
2023-05-11,4341,4362,4289,4315,84921,57075,4325
2023-05-12,4295,4300,4147,4149,105293,57271,4221
2023-05-15,4167,4218,4071,4123,88524,54281,4141
2023-05-16,4163,4168,4104,4137,73018,48830,4131
2023-05-17,4145,4207,4136,4162,69591,43708,4166
2023-05-18,4174,4222,4152,4164,54170,39818,4175
2023-05-19,4140,4250,4083,4249,76371,32417,4173
2023-05-22,4185,4230,4071,4095,112356,78887,4161
2023-05-23,4135,4135,4034,4061,92328,85403,4072
2023-05-24,4086,4205,4071,4195,105702,80902,4151
2023-05-25,4171,4249,4171,4222,107833,79795,4219
2023-05-26,4200,4200,4021,4090,145566,78848,4093
2023-05-29,4121,4165,4062,4136,119720,72563,4107
2023-05-30,4110,4140,4065,4103,86335,69461,4100
2023-05-31,3990,4000,3813,3813,184963,82257,3879
2023-06-01,3744,3903,3738,3889,181172,75947,3821
2023-06-02,3888,3937,3844,3905,110727,67914,3886
2023-06-05,3915,3952,3852,3870,120805,68636,3902
2023-06-06,3891,3926,3860,3878,110170,64915,3896
2023-06-07,3869,3904,3826,3855,107531,63305,3862
2023-06-08,3897,3930,3842,3864,94987,59468,3879
2023-06-09,3878,3887,3806,3837,108137,54032,3839
2023-06-12,3847,3878,3768,3843,105785,46900,3821
2023-06-13,3815,3831,3758,3800,88775,42188,3800
2023-06-14,3821,3872,3816,3844,72386,39185,3837
2023-06-15,3853,3883,3804,3837,58861,32308,3844
2023-06-16,3650,3708,3636,3699,120253,100199,3669
2023-06-19,3715,3725,3622,3677,129972,106141,3673
2023-06-20,3710,3832,3703,3770,206631,106567,3778
2023-06-21,3752,3779,3738,3758,112050,101274,3762
2023-06-26,3725,3766,3630,3659,111883,111051,3682
2023-06-27,3660,3688,3646,3671,102135,115878,3663
2023-06-28,3645,3674,3637,3653,89374,118513,3657
2023-06-29,3639,3701,3633,3682,107025,122544,3671
2023-06-30,3665,3728,3655,3675,140307,133050,3691
2023-07-03,3663,3695,3661,3668,116778,142158,3675
2023-07-04,3685,3730,3672,3700,162308,143406,3695
2023-07-05,3710,3718,3636,3664,136965,155499,3677
2023-07-06,3678,3679,3652,3670,97229,159226,3667
2023-07-07,3662,3716,3652,3689,150851,150899,3691
2023-07-10,3691,3790,3691,3755,173284,150009,3746
2023-07-11,3755,3838,3702,3824,149579,153570,3793
2023-07-12,3850,3927,3823,3922,162040,148950,3884
2023-07-13,3932,3946,3877,3912,156137,141676,3914
2023-07-14,3920,3957,3893,3912,142695,142934,3925
2023-07-17,3912,3926,3784,3808,166379,141956,3844
2023-07-18,3809,3842,3780,3836,115471,141441,3815
2023-07-19,3818,3880,3818,3874,126561,142417,3858
2023-07-20,3890,3946,3874,3922,163083,140819,3914
2023-07-21,3925,3940,3871,3907,131256,142896,3904
2023-07-24,3920,3984,3824,3890,215905,141338,3942
2023-07-25,3909,3956,3859,3954,175554,142237,3906
2023-07-26,3950,3994,3941,3970,164191,141210,3966
2023-07-27,3960,3986,3900,3963,173754,138688,3957
2023-07-28,3976,4141,3976,4138,273852,140000,4073
2023-07-31,4152,4195,4085,4107,209701,132790,4141
2023-08-01,4155,4188,4091,4175,164773,132634,4137
2023-08-02,4165,4165,4107,4113,157145,129943,4133
2023-08-03,4100,4108,3886,3941,243808,126519,4006
2023-08-04,3980,4002,3930,3975,156398,120314,3967
2023-08-07,3993,4098,3969,4051,210451,115281,4028
2023-08-08,4062,4113,4053,4053,142305,106820,4086
2023-08-09,4019,4082,3962,4078,142558,101512,4009
2023-08-10,4129,4289,4106,4289,242389,113945,4208
2023-08-11,4329,4363,4254,4319,261439,101381,4308
2023-08-14,4330,4455,4325,4378,263345,95183,4391
2023-08-15,4391,4479,4377,4468,187812,92719,4416
2023-08-16,4430,4495,4406,4464,171393,86258,4447
2023-08-17,4468,4481,4370,4451,162418,76029,4422
2023-08-18,4468,4585,4444,4531,175628,63413,4513
2023-08-21,4502,4551,4400,4471,166992,51322,4479
2023-08-22,4504,4700,4481,4546,184173,41668,4598
2023-08-23,4548,4580,4460,4532,123980,30391,4517
2023-08-24,4509,4545,4433,4442,83771,25313,4505
2023-08-25,5080,5156,5063,5130,120510,90491,5115
2023-08-28,5172,5290,5154,5287,194334,99605,5219
2023-08-29,5282,5293,5160,5215,190071,98411,5237
2023-08-30,5221,5318,5202,5308,176497,105200,5258
2023-08-31,5320,5405,5320,5365,179030,104155,5363
2023-09-01,5394,5517,5369,5492,170771,104402,5440
2023-09-04,5510,5655,5505,5613,202897,106370,5582
2023-09-05,5614,5699,5554,5662,202538,106359,5634
2023-09-06,5655,5795,5641,5763,245101,105987,5749
2023-09-07,5733,5740,5578,5640,250820,94998,5665
2023-09-08,5656,5668,5524,5551,244098,88022,5579
2023-09-11,5580,5740,5550,5595,255459,82264,5641
2023-09-12,5600,5715,5600,5679,208707,82638,5675
2023-09-13,5716,5818,5636,5678,298071,77488,5742
2023-09-14,5690,5706,5584,5687,237300,76299,5636
2023-09-15,5744,5775,5670,5695,218341,71790,5727
2023-09-18,5665,5692,5580,5661,182490,63911,5635
2023-09-19,5676,5808,5655,5780,200936,64208,5711
2023-09-20,5820,5864,5663,5711,193670,44170,5762
2023-09-21,5700,5757,5630,5633,113165,34299,5702
2023-09-22,5566,5713,5561,5689,242485,102852,5656
2023-09-25,5726,5740,5633,5655,191658,101091,5679
2023-09-26,5630,5630,5385,5415,293357,103152,5530
2023-09-27,5431,5496,5332,5458,291678,92944,5422
2023-09-28,5486,5692,5432,5681,260355,79903,5583
2023-10-09,5500,5573,5347,5404,140423,80598,5450
2023-10-10,5408,5409,5263,5311,237055,80384,5335
2023-10-11,5311,5312,5163,5207,248995,80882,5233
2023-10-12,5150,5173,5008,5084,292716,79499,5077
2023-10-13,5150,5162,5055,5112,224654,73013,5104
2023-10-16,5225,5248,5138,5163,254351,65862,5195
2023-10-17,5179,5180,5009,5083,280257,59905,5070
2023-10-18,5094,5202,5034,5151,255940,50040,5130
2023-10-19,5170,5202,5119,5155,174785,45404,5166
2023-10-20,5126,5223,5045,5170,194473,38860,5127
2023-10-23,5177,5260,5103,5236,236024,36965,5187
2023-10-24,5258,5309,5155,5220,208896,29629,5243
2023-10-25,5210,5210,5103,5116,124435,23250,5148
2023-10-26,5052,5104,4996,5033,206139,93539,5046
2023-10-27,4982,5155,4962,5142,232444,93222,5069
2023-10-30,5143,5215,5105,5136,230314,91204,5153
2023-10-31,5108,5160,5007,5158,279314,92124,5069
2023-11-01,5193,5262,5147,5238,355931,100397,5193
2023-11-02,5286,5294,5206,5229,238685,91635,5255
2023-11-03,5220,5276,5177,5248,223209,86881,5223
2023-11-06,5260,5268,5141,5217,220119,82074,5206
2023-11-07,5228,5229,5108,5115,206198,78024,5182
2023-11-08,5102,5146,5041,5130,188416,72055,5089
2023-11-09,5088,5245,5076,5237,245349,68815,5151
2023-11-10,5255,5378,5243,5283,286417,66079,5311
2023-11-13,5298,5333,5162,5210,236452,61463,5255
2023-11-14,5225,5288,5214,5254,141280,60848,5249
2023-11-15,5228,5273,5186,5262,184007,56359,5234
2023-11-16,5250,5250,5139,5185,152334,44867,5191
2023-11-17,5179,5208,5044,5101,166556,36249,5121
2023-11-20,5130,5224,5103,5197,102657,25096,5158
2023-11-21,5189,5200,4910,4917,228584,97201,5062
2023-11-22,4930,4990,4838,4916,249831,99064,4931
2023-11-23,4852,4894,4738,4837,307673,96431,4810
2023-11-24,4861,4892,4821,4860,184052,95079,4853
2023-11-27,4846,4860,4726,4807,249579,95473,4798
2023-11-28,4796,4848,4757,4820,216991,92522,4803
2023-11-29,4841,4876,4771,4773,189084,90733,4821
2023-11-30,4788,4825,4732,4806,212063,89365,4779
2023-12-01,4825,4862,4711,4732,232353,89977,4779
2023-12-04,4739,4739,4578,4622,224415,94142,4643
2023-12-05,4635,4708,4618,4672,151042,86706,4663
2023-12-06,4657,4707,4625,4680,153977,83167,4668
2023-12-07,4660,4717,4506,4550,197664,82956,4566
2023-12-08,4595,4874,4580,4820,282829,69440,4735
2023-12-11,4830,4902,4804,4841,196902,65546,4858
2023-12-12,4801,4833,4720,4790,162584,58585,4765
2023-12-13,4725,4781,4636,4712,186736,54568,4711
2023-12-14,4740,4831,4702,4791,155710,52095,4768
2023-12-15,4830,4830,4751,4771,120239,49668,4794
2023-12-18,4789,4805,4654,4749,128363,40073,4730
2023-12-19,4749,4848,4747,4799,128613,33616,4795
2023-12-20,4770,4893,4766,4847,99429,24111,4832
2023-12-21,4774,4833,4724,4774,195674,76023,4781
2023-12-22,4730,4852,4694,4809,223945,74249,4768
2023-12-25,4798,4886,4758,4811,210381,73593,4823
2023-12-26,4827,4829,4728,4779,164384,73808,4775
2023-12-27,4786,4880,4786,4848,181694,75510,4832
2023-12-28,4834,4888,4810,4865,159583,76009,4846
2023-12-29,4843,4858,4751,4796,182615,68203,4805
2024-01-02,4816,5030,4816,4980,168546,84876,4964
2024-01-03,4985,4998,4853,4868,159801,75518,4930
2024-01-04,4888,4897,4764,4799,161682,76079,4828
2024-01-05,4804,4804,4613,4658,209542,65890,4692
2024-01-08,4655,4664,4572,4580,158501,63238,4617
2024-01-09,4542,4575,4451,4472,156772,60276,4511
2024-01-10,4522,4538,4417,4429,129040,59391,4468
2024-01-11,4400,4432,4312,4384,223251,56890,4367
2024-01-12,4408,4422,4343,4354,155253,57213,4375
2024-01-15,4375,4390,4282,4339,171865,53645,4339
2024-01-16,4312,4378,4301,4375,131458,52411,4347
2024-01-17,4389,4422,4333,4354,155684,48911,4387
2024-01-18,4300,4379,4286,4360,124302,43747,4340
2024-01-19,4345,4384,4331,4365,106506,38911,4356
2024-01-22,4365,4413,4313,4387,112265,31410,4366
2024-01-23,4287,4314,4253,4290,167058,87939,4280
2024-01-24,4268,4300,4233,4288,200808,95472,4266
2024-01-25,4291,4370,4290,4349,235320,92771,4333
2024-01-26,4359,4375,4318,4342,190051,92036,4351
2024-01-29,4325,4335,4216,4325,305303,88563,4267
2024-01-30,4301,4382,4293,4352,243824,80621,4343
2024-01-31,4349,4349,4055,4123,384307,101690,4207
2024-02-01,4130,4176,4100,4140,220969,95760,4137
2024-02-02,4158,4194,4103,4128,249686,86800,4155
2024-02-05,4112,4148,4065,4135,202068,81118,4115
2024-02-06,4132,4192,4118,4181,146193,67848,4156
2024-02-07,4198,4237,4144,4158,150269,60833,4192
2024-02-08,4178,4196,4125,4158,96672,50918,4164
2024-02-19,4206,4255,4103,4143,103226,55463,4170
2024-02-20,4156,4254,4156,4236,161676,54429,4223
2024-02-21,4222,4267,4157,4205,185945,50137,4209
2024-02-22,4205,4236,4175,4233,124734,49192,4202
2024-02-23,4237,4251,4155,4188,144812,49064,4203
2024-02-26,4151,4184,4055,4139,184761,45042,4118
2024-02-27,4136,4197,4123,4182,118641,32535,4156
2024-02-28,4187,4198,4135,4137,66858,21971,4175
2024-02-29,4689,4741,4632,4662,185159,55377,4686
2024-03-01,4662,4778,4660,4747,187082,60734,4716
2024-03-04,4785,4795,4732,4767,130780,58295,4765
2024-03-05,4769,4812,4735,4749,129462,54638,4776
2024-03-06,4733,4752,4677,4711,131629,52379,4713
2024-03-07,4710,4755,4694,4723,114488,50370,4725
2024-03-08,4723,4738,4677,4702,141734,48908,4709
2024-03-11,4679,4679,4595,4608,140925,57414,4628
2024-03-12,4608,4635,4567,4604,147941,54052,4604
2024-03-13,4604,4646,4592,4626,112983,51191,4618
2024-03-14,4665,4719,4644,4689,156228,45343,4682
2024-03-15,4705,4746,4697,4711,101171,42382,4719
2024-03-18,4716,4798,4657,4796,125837,36271,4721
2024-03-19,4790,4838,4760,4792,100173,31300,4791
2024-03-20,4799,4812,4748,4773,70801,24740,4785
2024-03-21,4737,4786,4689,4774,54116,18885,4736
2024-03-22,4720,4732,4652,4685,110340,51452,4686
2024-03-25,4708,4708,4638,4666,117265,52856,4676
2024-03-26,4666,4746,4656,4662,121739,54249,4693
2024-03-27,4662,4670,4563,4569,122939,57844,4610
2024-03-28,4580,4623,4567,4602,73924,53818,4601
2024-03-29,4628,4638,4555,4594,85458,52307,4598
2024-04-01,4594,4669,4590,4658,95657,54894,4639
2024-04-02,4647,4740,4644,4721,105559,59130,4705
2024-04-03,4742,4820,4740,4797,112805,64844,4790
2024-04-08,4766,4785,4704,4768,76821,59673,4751
2024-04-09,4795,4813,4752,4788,99346,58989,4780
2024-04-10,4788,4788,4708,4729,103109,53169,4741
2024-04-11,4722,4742,4684,4722,81767,51552,4717
2024-04-12,4707,4729,4661,4722,84731,46232,4688
2024-04-15,4743,4761,4649,4685,84573,44994,4707
2024-04-16,4695,4760,4665,4673,84508,39370,4715
2024-04-17,4660,4772,4658,4756,82355,39383,4730
2024-04-18,4740,4789,4666,4678,102859,30162,4719
2024-04-19,4690,4800,4610,4686,116476,19829,4701
2024-04-22,4612,4648,4586,4613,98346,55008,4617
2024-04-23,4613,4645,4583,4603,94962,62012,4611
2024-04-24,4566,4635,4551,4631,82892,63071,4600
2024-04-25,4639,4674,4603,4634,101797,60633,4634
2024-04-26,4634,4668,4592,4644,124464,58973,4631
2024-04-29,4656,4680,4598,4634,120654,57633,4642
2024-04-30,4640,4661,4552,4556,109889,59567,4606
2024-05-06,4458,4502,4423,4460,69280,70278,4456
2024-05-07,4468,4507,4448,4493,84686,70888,4474
2024-05-08,4483,4546,4475,4521,88365,68898,4515
2024-05-09,4520,4525,4465,4496,96630,63572,4492
2024-05-10,4501,4525,4468,4504,90396,61880,4499
2024-05-13,4508,4515,4435,4474,93593,62826,4473
2024-05-14,4485,4508,4443,4458,67989,63775,4477
2024-05-15,4438,4485,4430,4471,81397,59161,4458
2024-05-16,4458,4520,4447,4514,89857,54174,4478
2024-05-17,4524,4664,4518,4662,126605,49544,4576
2024-05-20,4670,4791,4670,4780,107932,48261,4724
2024-05-21,4762,4810,4749,4795,87374,47294,4775
2024-05-22,4770,4786,4737,4744,74435,35292,4759
2024-05-23,4742,4747,4675,4694,60302,22813,4714
2024-05-24,4622,4675,4582,4664,92999,74317,4632
2024-05-27,4650,4785,4640,4779,221359,91359,4728
2024-05-28,4800,4870,4783,4797,194193,100936,4821
2024-05-29,4810,4810,4724,4792,126837,101744,4765
2024-05-30,4790,4846,4743,4778,163295,101342,4788
2024-05-31,4778,4815,4711,4746,168175,103169,4764
2024-06-03,4790,4813,4603,4625,159565,99500,4697
2024-06-04,4623,4636,4517,4535,131605,97380,4572
2024-06-05,4525,4529,4464,4473,101703,92999,4494
2024-06-06,4483,4507,4438,4461,121415,92741,4476
2024-06-07,4458,4497,4424,4444,128969,93274,4460
2024-06-11,4479,4527,4461,4510,125789,94050,4498
2024-06-12,4510,4574,4502,4571,164541,91135,4547
2024-06-13,4594,4604,4471,4493,161972,92097,4532
2024-06-14,4498,4521,4440,4503,149521,85662,4486
2024-06-17,4528,4586,4479,4481,212260,86097,4539
2024-06-18,4490,4577,4484,4557,137185,85639,4537
2024-06-19,4557,4699,4556,4675,214514,94965,4636
2024-06-20,4692,4709,4650,4692,120990,96234,4680
2024-06-21,4704,4709,4654,4661,104164,93416,4679
2024-06-24,4655,4674,4604,4638,137203,90462,4635
2024-06-25,4646,4727,4636,4726,152102,101127,4673
2024-06-26,4720,4726,4622,4698,128921,98754,4674
2024-06-27,4695,4709,4660,4677,115657,99892,4684
2024-06-28,4703,4764,4686,4752,119032,107858,4721
2024-07-01,4751,4752,4682,4705,98524,102492,4710
2024-07-02,4705,4781,4689,4768,98394,104836,4749
2024-07-03,4788,4802,4760,4781,73502,107614,4779
2024-07-04,4788,4794,4743,4747,82565,107121,4770
2024-07-05,4749,4749,4663,4685,91563,98726,4707
2024-07-08,4690,4700,4630,4634,90834,91683,4657
2024-07-09,4644,4650,4583,4592,80306,84732,4617
2024-07-10,4576,4638,4509,4520,90699,77404,4548
2024-07-11,4526,4596,4522,4572,74717,76693,4563
2024-07-12,4575,4592,4536,4571,69440,74805,4566
2024-07-15,4560,4578,4521,4529,66715,73139,4546
2024-07-16,4528,4569,4525,4557,63085,74674,4547
2024-07-17,4530,4574,4505,4521,85568,74823,4536
2024-07-18,4540,4584,4526,4570,76813,72343,4548
2024-07-19,4547,4563,4521,4527,66460,72974,4538
2024-07-22,4524,4527,4406,4450,118763,76917,4460
2024-07-23,4432,4488,4422,4475,72217,75857,4460
2024-07-24,4460,4599,4448,4558,136736,77485,4522
2024-07-25,4558,4562,4472,4488,87585,74912,4511
2024-07-26,4478,4548,4456,4526,81166,73118,4511
2024-07-29,4510,4565,4472,4518,111013,70104,4519
2024-07-30,4503,4534,4457,4506,96539,70771,4501
2024-07-31,4500,4594,4481,4578,123789,70174,4537
2024-08-01,4601,4620,4571,4614,89033,66154,4597
2024-08-02,4636,4663,4591,4617,99265,64131,4626
2024-08-05,4574,4574,4455,4462,133603,64758,4506
2024-08-06,4430,4509,4430,4464,68417,62522,4474
2024-08-07,4438,4492,4432,4479,55580,58983,4463
2024-08-08,4519,4539,4481,4490,66128,56586,4509
2024-08-09,4500,4546,4471,4483,72563,51553,4507
2024-08-12,4486,4560,4456,4560,74722,45345,4491
2024-08-13,4570,4600,4550,4562,72363,43510,4579
2024-08-14,4555,4564,4495,4513,55065,37280,4526
2024-08-15,4513,4522,4424,4477,60614,31157,4467
2024-08-16,5013,5082,5002,5043,81418,64362,5051
2024-08-19,4997,5088,4987,5050,70142,67960,5043
2024-08-20,5072,5080,4982,5041,106373,69466,5027
2024-08-21,5041,5067,5028,5056,64750,70684,5050
2024-08-22,5065,5110,5013,5031,106585,71605,5061
2024-08-23,5051,5065,5006,5027,84474,71215,5037
2024-08-26,5064,5150,5039,5140,102504,73068,5103
2024-08-27,5180,5187,5134,5181,57668,74450,5164
2024-08-28,5165,5195,5151,5160,58053,73326,5172
2024-08-29,5145,5163,5120,5130,61602,70636,5143
2024-08-30,5130,5166,5113,5141,73501,65715,5139
2024-09-02,5141,5150,5030,5032,89004,56384,5072
2024-09-03,5050,5051,4982,4983,68105,58291,5015
2024-09-04,4911,4933,4840,4850,95662,61360,4884
2024-09-05,4860,4905,4833,4848,63787,61956,4870
2024-09-06,4873,4907,4831,4848,69545,60129,4868
2024-09-09,4847,4847,4775,4813,66768,57021,4809
2024-09-10,4830,4846,4741,4756,67518,54942,4801
2024-09-11,4741,4756,4641,4721,73578,50918,4704
2024-09-12,4728,4734,4578,4720,107723,48053,4664
2024-09-13,4701,4764,4695,4721,61691,44884,4726
2024-09-18,4760,4767,4687,4728,45610,43094,4721
2024-09-19,4744,4795,4716,4789,53776,37121,4753
2024-09-20,4792,4805,4738,4760,34119,31860,4769
2024-09-23,4615,4630,4548,4562,75663,76046,4578
2024-09-24,4570,4666,4550,4656,81229,72862,4605
2024-09-25,4666,4756,4666,4709,83485,68475,0
2024-09-26,4668,4720,4609,4655,94927,63055,4664
2024-09-27,4645,4703,4610,4686,78267,55620,4660
2024-09-30,4694,4817,4668,4792,75606,45506,4757
2024-10-08,5005,5078,4964,5023,78831,40413,5023
2024-10-09,5029,5030,4861,4930,86823,38064,4921
2024-10-10,4904,4967,4877,4905,63425,33770,4919
2024-10-11,4928,4982,4917,4955,49997,34163,4950
2024-10-14,4945,4972,4910,4932,57327,31050,4936
2024-10-15,4920,4939,4814,4825,64992,25923,4878
2024-10-16,4816,4849,4802,4807,33930,23605,4827
2024-10-17,4802,4837,4758,4762,34492,19673,4801
2024-10-18,4776,4795,4752,4786,27130,17532,4773
2024-10-21,4708,4724,4645,4662,44921,50546,4676
2024-10-22,4687,4691,4620,4656,46210,54090,4655
2024-10-23,4677,4714,4665,4674,50106,55703,4690
2024-10-24,4650,4685,4625,4685,42462,57630,4656
2024-10-25,4685,4740,4647,4664,58765,59784,4692
2024-10-28,4687,4692,4560,4632,62265,60978,4625
2024-10-29,4586,4620,4536,4561,49252,62010,4581
2024-10-30,4579,4590,4475,4510,69349,66627,4513
2024-10-31,4516,4534,4484,4524,57692,66461,4513
2024-11-01,4535,4543,4484,4517,46212,64933,4514
2024-11-04,4505,4532,4472,4515,47965,65181,4503
2024-11-05,4535,4540,4496,4513,47987,62736,4518
2024-11-06,4520,4535,4336,4375,110497,70939,4442
2024-11-07,4370,4453,4336,4428,75045,66353,4397
2024-11-08,4415,4487,4410,4445,60950,56197,4455
2024-11-11,4429,4469,4376,4408,45529,54095,4417
2024-11-12,4366,4423,4366,4410,39689,50435,4399
2024-11-13,4402,4431,4386,4408,34946,48229,4412
2024-11-14,4407,4470,4391,4464,65614,43058,4441
2024-11-15,4492,4535,4414,4415,77861,36000,4483
2024-11-18,4435,4439,4312,4359,57708,34201,4365
2024-11-19,4368,4486,4354,4485,49340,27642,4416
2024-11-20,4485,4500,4453,4478,33166,20920,4473
2024-11-21,4416,4476,4400,4435,80698,46995,4439
2024-11-22,4456,4458,4393,4418,57657,46951,4430
2024-11-25,4430,4467,4400,4444,60038,45401,4436
2024-11-26,4451,4463,4379,4414,61771,47046,4404
2024-11-27,4414,4433,4375,4418,50150,44180,4406
2024-11-28,4418,4429,4370,4378,54055,45050,4394
2024-11-29,4399,4422,4382,4419,43382,45583,4404
2024-12-02,4415,4492,4384,4471,75301,47017,4438
2024-12-03,4481,4502,4456,4480,43159,46360,4473
2024-12-04,4501,4501,4434,4446,46177,44873,4457
2024-12-05,4455,4504,4411,4417,67642,43517,4461
2024-12-06,4423,4429,4308,4315,92182,44417,4347
2024-12-09,4323,4363,4310,4355,46301,40364,4341
2024-12-10,4365,4440,4363,4386,47308,33011,4399
2024-12-11,4386,4469,4383,4460,41588,30725,4427
2024-12-12,4463,4498,4436,4482,32681,27839,4468
2024-12-13,4482,4484,4433,4451,27053,22039,4452
2024-12-16,4382,4382,4293,4358,48809,54846,4332
2024-12-17,4360,4360,4322,4325,33879,56977,4341
2024-12-18,4303,4320,4276,4294,47425,61201,4296
2024-12-19,4311,4320,4252,4307,59103,62363,4289
2024-12-20,4302,4330,4255,4275,54469,65452,4286
2024-12-23,4279,4294,4237,4271,53562,66352,4263
2024-12-24,4251,4320,4242,4320,52018,67822,4289
2024-12-25,4320,4343,4303,4325,50676,65918,4323
2024-12-26,4310,4363,4306,4355,50563,67051,4338
2024-12-27,4360,4379,4320,4325,48359,66984,4343
2024-12-30,4346,4371,4329,4353,49254,65172,4348
2024-12-31,4359,4591,4359,4541,230560,73802,4495
2025-01-02,4539,4548,4470,4499,86382,68938,4502
2025-01-03,4517,4521,4441,4444,75413,60919,4472
2025-01-06,4462,4500,4413,4428,85213,56904,4468
2025-01-07,4443,4449,4323,4377,86018,45580,4377
2025-01-08,4311,4340,4288,4300,30488,54302,4317
2025-01-09,4274,4377,4274,4366,31674,58008,4341
2025-01-10,4389,4401,4363,4376,27247,59114,4384
2025-01-13,4424,4545,4358,4462,68514,61229,4460
2025-01-14,4479,4564,4450,4541,65590,66979,4516
2025-01-15,4555,4555,4469,4526,53938,70964,4518
2025-01-16,4526,4603,4474,4590,83829,77687,4536
2025-01-17,4571,4617,4511,4565,86782,82402,4565
2025-01-20,4555,4566,4466,4498,79588,77310,4502
2025-01-21,4502,4510,4454,4459,60035,73855,4481
2025-01-22,4443,4443,4378,4399,65456,66896,4399
2025-01-23,4390,4417,4308,4323,66825,59110,4358
2025-01-24,4340,4354,4291,4310,49728,52296,4321
2025-01-27,4315,4346,4286,4287,36285,48186,4316
2025-02-05,4290,4396,4290,4369,36922,47307,4359
2025-02-06,4355,4425,4351,4381,54108,48177,4396
2025-02-07,4386,4400,4322,4368,68017,46707,4350
2025-02-10,4374,4416,4346,4360,68235,44572,4379
2025-02-11,4364,4395,4341,4395,54101,42497,4371
2025-02-12,4730,4752,4694,4746,28288,48084,4727
2025-02-13,4735,4739,4555,4580,45968,48545,4645
2025-02-14,4600,4630,4535,4560,39524,50945,4585
2025-02-17,4540,4578,4523,4550,28775,54421,4550
2025-02-18,4568,4598,4538,4584,30745,58279,4569
2025-02-19,4587,4597,4551,4583,37745,59875,4572
2025-02-20,4583,4597,4561,4573,26875,62245,4579
2025-02-21,4581,4589,4515,4518,43366,65724,4552
2025-02-24,4515,4579,4513,4536,55554,62742,4547
2025-02-25,4536,4552,4502,4515,46947,62611,4520
2025-02-26,4482,4518,4436,4461,71347,66959,4471
2025-02-27,4455,4506,4445,4495,48614,63328,4472
2025-02-28,4510,4548,4506,4522,57983,58501,4527
2025-03-03,4514,4556,4492,4542,52902,57202,4528
2025-03-04,4550,4555,4477,4482,58035,54804,4508
2025-03-05,4470,4525,4449,4514,63862,53486,4479
2025-03-06,4495,4601,4484,4590,100580,47913,4535
2025-03-07,4595,4634,4573,4581,82115,45237,4601
2025-03-10,4595,4619,4556,4587,55843,42580,4584
2025-03-11,4600,4641,4568,4634,80721,43411,4605
2025-03-12,4637,4650,4588,4604,57279,43079,4614
2025-03-13,4617,4696,4617,4678,85368,45644,4666
2025-03-14,4678,4705,4653,4694,46292,46133,4686
2025-03-17,4701,4704,4641,4664,52062,41264,4660
2025-03-18,4670,4725,4651,4704,55660,40831,4684
2025-03-19,4571,4584,4520,4535,38427,55698,4559
2025-03-20,4535,4552,4481,4503,41528,57647,4515
2025-03-21,4500,4558,4500,4534,43637,62959,4530
2025-03-24,4528,4582,4510,4571,61652,71917,4554
2025-03-25,4579,4595,4545,4585,56292,71775,4575
2025-03-26,4599,4646,4587,4633,70426,80223,4618
2025-03-27,4643,4667,4604,4613,85171,78541,4638
2025-03-28,4620,4643,4603,4608,50295,77593,4620
2025-03-31,4603,4619,4565,4612,55895,74861,4596
2025-04-01,4611,4644,4579,4625,57923,74030,4613
2025-04-02,4617,4696,4595,4646,89094,76184,4644
2025-04-03,4642,4684,4617,4659,72220,74432,4654
2025-04-07,4750,4750,4472,4566,161759,62383,4611
2025-04-08,4598,4627,4505,4513,106494,57600,4567
2025-04-09,4503,4527,4342,4364,109665,52747,4419
2025-04-10,4300,4516,4272,4491,90029,47214,4412
2025-04-11,4450,4472,4367,4394,64123,44363,4418
2025-04-14,4290,4355,4259,4351,61120,53501,4303
2025-04-15,4375,4395,4301,4302,52027,57908,4349
2025-04-16,4289,4328,4267,4294,47425,61152,4298
2025-04-17,4323,4356,4302,4332,46362,63127,4331
2025-04-18,4340,4387,4335,4380,41321,65290,4360
2025-04-21,4390,4402,4354,4375,58084,69109,4375
2025-04-22,4368,4398,4362,4397,61102,66858,4381
2025-04-23,4403,4470,4372,4463,73360,65501,4417
2025-04-24,4440,4450,4407,4433,52705,65851,4433
2025-04-25,4428,4434,4381,4384,59573,69772,4406
2025-04-28,4370,4420,4359,4409,62091,67190,4395
2025-04-29,4407,4408,4355,4399,52103,63395,4383
2025-04-30,4389,4430,4363,4400,73226,60054,4393
2025-05-06,4368,4458,4325,4447,66445,64720,4399
2025-05-07,4459,4483,4430,4448,60926,64205,4450
2025-05-08,4439,4454,4368,4381,66542,58883,4406
2025-05-09,4390,4415,4355,4367,55048,58531,4385
2025-05-12,4385,4393,4335,4359,79708,60738,4362
2025-05-13,4383,4394,4260,4295,98476,62665,4318
2025-05-14,4312,4417,4303,4356,100442,54898,4368
2025-05-15,4350,4354,4266,4269,79440,56401,4301
2025-05-16,4263,4322,4251,4274,75858,50644,4280
2025-05-19,4201,4218,4191,4203,29948,53697,4204
2025-05-20,4205,4208,4145,4156,31248,59441,4175
2025-05-21,4163,4195,4149,4182,34136,61795,4172
2025-05-22,4180,4180,4126,4127,38216,67526,4150
2025-05-23,4125,4140,4031,4041,70265,78378,4086
2025-05-26,4043,4079,4039,4062,58260,77997,4064
2025-05-27,4071,4108,4061,4090,61502,75989,4079
2025-05-28,4092,4106,4068,4097,64040,73611,4090
2025-05-29,4111,4134,4074,4120,71419,71553,4105
2025-05-30,4097,4106,3990,3992,79663,71892,4036
2025-06-03,4025,4095,4025,4072,60587,66910,4074
2025-06-04,4081,4095,4039,4088,62426,64072,4070
2025-06-05,4085,4113,4076,4089,62874,61846,4095
2025-06-06,4095,4130,4072,4098,61036,57393,4101
2025-06-09,4101,4128,4082,4116,53396,55009,4105
2025-06-10,4128,4146,4074,4119,75298,52344,4109
2025-06-11,4120,4140,4092,4130,46020,50410,4119
2025-06-12,4154,4169,4129,4141,44315,48048,4148
2025-06-13,4021,4274,4011,4251,80381,50623,4190
2025-06-16,4255,4337,4206,4319,49484,50284,4273
2025-06-17,4275,4338,4237,4320,52569,53341,4290
2025-06-18,4347,4471,4330,4456,65256,56163,4418
2025-06-19,4465,4513,4436,4513,63236,60683,4477
2025-06-20,4523,4572,4502,4540,83832,73624,4530
2025-06-23,4521,4614,4480,4512,103560,76696,4528
2025-06-24,4495,4506,4257,4257,176304,81468,4351
2025-06-25,4244,4254,4178,4226,126404,75969,4209
2025-06-26,4225,4312,4205,4263,147612,70931,4253
2025-06-27,4248,4267,4234,4254,65355,66959,4249
2025-06-30,4254,4268,4196,4222,63566,62955,4230
2025-07-01,4231,4232,4165,4200,61678,60392,4194
2025-07-02,4205,4228,4177,4211,58984,58179,4202
2025-07-03,4221,4243,4198,4218,54744,55567,4219
2025-07-04,4229,4243,4177,4180,66044,54289,4215
2025-07-07,4176,4195,4143,4189,50308,52952,4179
2025-07-08,4199,4205,4168,4170,50915,52420,4184
2025-07-09,4173,4195,4161,4192,42368,51936,4178
2025-07-10,4190,4225,4181,4214,55115,51489,4199
2025-07-11,4207,4212,4138,4156,79971,46491,4164
2025-07-14,4160,4204,4156,4190,47862,43403,4182
2025-07-15,4203,4224,4106,4111,81840,44838,4160
2025-07-16,4028,4035,4010,4018,27323,52763,4019
2025-07-17,3994,4009,3976,3985,29988,58586,3992
2025-07-18,3992,4007,3972,3990,50765,70020,3988
2025-07-21,3990,4054,3986,4034,65415,74233,4021
2025-07-22,4029,4047,3930,3969,126201,87664,3981
2025-07-23,3975,4007,3940,3967,101762,92264,3972
2025-07-24,3960,4042,3951,4023,100180,88522,3994
2025-07-25,4013,4067,4007,4047,110563,87911,4037
2025-07-28,4050,4057,3952,3992,106659,92218,3997
2025-07-29,4001,4039,4001,4028,87634,87452,4020
2025-07-30,4034,4064,4025,4052,75690,83675,4045
2025-07-31,4056,4115,3988,4003,131528,85719,4056
2025-08-01,4003,4007,3963,3965,67049,89961,3987
2025-08-04,3973,3987,3884,3896,92565,96122,3921
2025-08-05,3869,3877,3825,3845,94257,101941,3849
2025-08-06,3830,3861,3814,3855,83729,102924,3835
2025-08-07,3864,3875,3803,3823,75511,105762,3837
2025-08-08,3814,3834,3768,3774,98990,108631,3803
2025-08-11,3791,3808,3768,3799,72506,105831,3788
2025-08-12,3805,3845,3784,3826,67249,100190,3813
2025-08-13,3820,3839,3808,3828,56450,91765,3822
2025-08-14,4308,4312,4270,4308,39821,97694,4292
2025-08-15,4318,4357,4304,4332,47247,97481,4335
2025-08-18,4323,4339,4280,4319,45607,98096,4308
2025-08-19,4327,4344,4293,4301,45447,100774,4314
2025-08-20,4295,4376,4266,4354,98441,104754,4315
2025-08-21,4370,4409,4360,4393,99068,104935,4386
2025-08-22,4381,4417,4362,4387,66214,101565,4392
2025-08-25,4399,4452,4388,4447,76861,99974,4420
2025-08-26,4447,4464,4430,4435,66639,94067,4444
2025-08-27,4429,4462,4407,4408,77818,88792,4430
2025-08-28,4410,4447,4401,4409,68724,87589,4422
2025-08-29,4414,4419,4332,4411,97396,85415,4366
2025-09-01,4403,4407,4327,4392,85463,77824,4364
2025-09-02,4404,4455,4404,4421,81890,74648,4433
2025-09-03,4421,4450,4414,4416,54136,71539,4429
2025-09-04,4396,4402,4362,4368,67438,65728,4383
2025-09-05,4361,4406,4353,4376,65228,65734,4381
2025-09-08,4369,4445,4339,4440,81251,65976,4389
2025-09-09,4440,4447,4390,4403,60218,65298,4413
2025-09-10,4398,4485,4377,4462,92077,69115,4437
2025-09-11,4462,4475,4437,4470,58811,67360,4453
2025-09-12,4454,4468,4427,4449,52056,61188,4446
2025-09-15,4488,4538,4483,4519,94786,59889,4513
2025-09-16,4514,4536,4457,4459,74026,50428,4494
2025-09-17,4428,4456,4403,4443,31427,61730,4431
2025-09-18,4436,4441,4362,4385,46436,66631,4400
2025-09-19,4393,4401,4342,4360,52770,73508,4368
2025-09-22,4359,4366,4249,4274,90640,81176,4293
2025-09-23,4258,4271,4223,4235,64186,86514,4247
2025-09-24,4256,4269,4242,4245,54716,87780,4254
2025-09-25,4254,4278,4236,4267,61292,88313,4258
2025-09-26,4267,4309,4254,4290,65891,80682,4285
2025-09-29,4302,4320,4276,4293,61748,70847,4295
2025-09-30,4280,4336,4220,4237,74352,64900,4295
2025-10-09,4122,4148,4048,4072,70374,66864,4078
2025-10-10,4079,4090,4039,4070,57966,63060,4063
2025-10-13,4053,4093,4047,4082,52358,58615,4069
2025-10-14,3965,4006,3956,3980,41760,73329,3981
2025-10-15,3955,4032,3934,4019,39370,73238,3993
2025-10-16,4030,4141,4011,4138,56943,78571,4079
2025-10-17,4130,4146,4080,4083,50907,82176,4109
2025-10-20,4095,4135,4082,4096,48419,87452,4102
2025-10-21,4095,4133,4076,4091,63874,92303,4106
2025-10-22,4108,4178,4086,4174,67025,94237,4130
2025-10-23,4179,4247,4161,4236,73452,92674,4204
2025-10-24,4257,4272,4222,4258,59273,93565,4245
2025-10-27,4258,4306,4232,4252,88492,96490,4260
2025-10-28,4250,4283,4238,4266,63978,99016,4261
2025-10-29,4251,4331,4241,4312,82686,101719,4287
2025-10-30,4300,4312,4269,4286,67787,104753,4291
2025-10-31,4289,4330,4278,4293,73634,106040,4301
2025-11-03,4300,4340,4273,4311,88311,104918,4305
2025-11-04,4308,4308,4236,4243,94566,106381,4266
2025-11-05,4229,4306,4203,4278,111556,102755,4247
2025-11-06,4267,4278,4214,4265,81026,95381,4247
2025-11-07,4270,4284,4232,4272,66578,90244,4257
2025-11-10,4254,4330,4242,4323,82991,88811,4292
2025-11-11,4320,4355,4314,4324,60562,84308,4332
2025-11-12,4328,4368,4317,4358,59459,83408,4349
2025-11-13,4350,4353,4263,4324,87947,71265,4303
2025-11-14,4338,4406,4338,4350,114980,69585,4376
2025-11-17,4343,4422,4320,4410,77096,63497,4373
2025-11-18,4423,4429,4351,4351,64465,51430,4381
2025-11-19,4300,4342,4299,4327,52456,72405,4322
2025-11-20,4299,4344,4272,4322,49024,76708,4310
2025-11-21,4328,4332,4260,4272,60793,83596,4293
2025-11-24,4293,4295,4190,4205,104543,82716,4221
2025-11-25,4213,4256,4209,4230,75749,84429,4231
2025-11-26,4200,4308,4197,4288,103803,78039,4259
2025-11-27,4288,4293,4245,4259,51188,73912,4269
2025-11-28,4275,4432,4268,4412,137477,89207,4361
2025-12-01,4370,4423,4321,4342,102347,80026,4370
2025-12-02,4342,4351,4308,4312,51736,75419,4327
2025-12-03,4320,4320,4269,4289,53968,69920,4292
2025-12-04,4300,4332,4275,4317,53936,68358,4301
2025-12-05,4317,4336,4252,4268,60478,64082,4294
2025-12-08,4278,4336,4278,4291,66072,59796,4305
2025-12-09,4198,4248,4154,4175,33599,69018,4207
2025-12-10,4177,4188,4111,4155,41400,70764,4158
2025-12-11,4165,4218,4135,4143,32586,72929,4179
2025-12-12,4128,4139,3985,3986,82011,79398,4049
2025-12-15,4000,4074,4000,4051,61908,79422,4033
2025-12-16,4051,4074,4036,4066,41875,80761,4060
2025-12-17,4050,4103,4048,4084,45475,79194,4075
2025-12-18,4085,4122,4066,4109,44507,82566,4094
2025-12-19,4098,4125,4088,4099,46502,87617,4105
2025-12-22,4094,4135,4058,4125,78902,85491,4100
2025-12-23,4142,4144,3996,4031,118968,74858,4055
2025-12-24,4031,4091,4025,4082,59892,71590,4064
2025-12-25,4091,4143,4069,4076,50725,70421,4095
2025-12-26,4076,4085,4041,4080,56410,69207,4063
2025-12-29,4065,4107,4038,4046,58148,67889,4071
2025-12-30,4065,4128,4055,4097,72850,62659,4092
2025-12-31,4130,4196,4112,4132,86561,59440,4159
2026-01-05,4132,4218,4100,4136,61032,59208,4159
2026-01-06,4156,4239,4156,4232,75009,59220,4195
2026-01-07,4146,4179,4108,4139,38694,67180,4144
2026-01-08,4158,4172,4085,4103,36134,73469,4133
2026-01-09,4103,4155,4085,4136,34575,76303,4123
2026-01-12,4125,4192,4105,4155,46093,81498,4151
2026-01-13,4154,4236,4091,4224,66445,87016,4169
2026-01-14,4245,4287,4203,4225,83372,94046,4234
2026-01-15,4266,4285,4207,4233,57593,96117,4244
2026-01-16,4203,4208,4115,4137,79758,94072,4144
2026-01-19,4161,4164,4087,4092,50581,94859,4124
2026-01-20,4099,4099,4035,4054,54503,91072,4059
2026-01-21,4061,4080,4048,4069,43015,88100,4064
2026-01-22,4075,4157,4072,4134,70113,87096,4120
2026-01-23,4115,4186,4102,4174,65688,86727,4151
2026-01-26,4185,4344,4177,4340,138706,97209,4278
2026-01-27,4340,4356,4230,4248,113713,95673,4286
2026-01-28,4262,4306,4235,4286,77168,92829,4269
2026-01-29,4299,4364,4274,4348,83380,94146,4311
2026-01-30,4356,4465,4253,4290,129632,86346,4353
2026-02-02,4345,4369,4108,4155,122740,72211,4234
2026-02-03,4180,4224,4145,4194,72560,65146,4188
2026-02-04,4206,4279,4183,4251,63145,60675,4233
2026-02-05,4510,4525,4450,4463,32788,69243,4488
2026-02-06,4466,4581,4453,4561,36869,72724,4517
2026-02-09,4549,4549,4502,4531,30634,74767,4522
2026-02-10,4543,4560,4511,4560,33004,76891,4532
2026-02-11,4573,4589,4545,4561,31075,77955,4568
2026-02-12,4575,4589,4515,4529,41760,74440,4564
2026-02-13,4538,4555,4358,4416,52749,70764,4463
2026-02-24,4469,4638,4469,4582,79184,80250,4588
2026-02-25,4566,4574,4504,4510,75398,82285,4524
2026-02-26,4570,4651,4544,4566,122296,83265,4604
2026-02-27,4530,4559,4491,4519,69348,80333,4523
2026-03-02,4570,4794,4542,4794,184721,85647,4703
2026-03-03,4937,5126,4903,5126,322429,93425,5047
2026-03-04,5180,5571,5076,5304,659577,99065,5316
2026-03-05,5180,5448,5047,5127,665935,95317,5234
2026-03-06,5165,5328,5091,5301,426174,90469,5200
2026-03-09,5555,5616,5434,5616,234809,78480,5518
2026-03-10,6108,6108,5011,5272,255167,60028,5510
2026-03-11,5330,5490,5168,5447,152015,53968,5334
2026-03-12,5800,5910,5502,5641,193477,48813,5685
2026-03-13,5694,5819,5611,5734,117868,45209,5712
