日期/时间,开盘价,最高价,最低价,收盘价,成交量,持仓量
2018-03-26,440.0,447.1,426.3,429.9,40656,311400
2018-03-27,429.9,431.7,412.6,424.0,40602,3936
2018-03-28,429.0,429.2,406.5,410.4,67198,6074
2018-03-29,410.5,412.0,401.6,409.7,66668,7732
2018-03-30,407.4,421.7,405.0,420.3,58562,7058
2018-04-02,420.5,421.3,413.9,416.6,24644,6536
2018-04-03,414.3,414.3,400.5,402.5,52826,8546
2018-04-04,403.8,406.9,399.0,401.5,44234,9164
2018-04-09,398.2,403.5,397.7,402.3,15470,9504
2018-04-10,404.2,415.1,403.8,413.5,61690,8992
2018-04-11,415.0,421.8,414.1,417.8,66434,12462
2018-04-12,421.0,429.9,416.9,428.7,110076,14474
2018-04-13,425.3,428.7,423.3,427.0,63092,13480
2018-04-16,427.7,431.0,423.5,424.4,65284,13494
2018-04-17,426.0,427.4,421.5,427.4,55000,13002
2018-04-18,422.8,431.4,420.6,429.7,80338,14628
2018-04-19,435.0,444.0,432.5,440.6,84716,15928
2018-04-20,441.0,443.0,435.0,437.0,68430,15616
2018-04-23,435.0,441.0,432.0,440.0,70338,15986
2018-04-24,434.2,449.2,432.2,447.3,91590,18324
2018-04-25,447.0,448.9,436.6,438.0,98992,16184
2018-04-26,437.1,444.9,434.4,441.4,109256,16286
2018-04-27,444.0,445.5,440.4,444.2,80582,16256
2018-05-02,439.7,444.4,436.0,443.5,33454,17254
2018-05-03,441.6,448.0,439.1,447.0,111198,21392
2018-05-04,443.8,448.8,442.8,446.9,100694,20456
2018-05-07,448.3,461.5,448.3,458.3,135002,22786
2018-05-08,460.6,462.4,456.9,459.1,110926,23344
2018-05-09,466.0,466.5,464.0,465.2,244268,25760
2018-05-10,466.3,477.9,466.0,476.4,165456,30620
2018-05-11,474.2,474.3,467.0,471.2,165686,28136
2018-05-14,471.7,472.6,462.7,465.6,168258,24488
2018-05-15,467.5,474.6,467.5,472.8,150048,27872
2018-05-16,478.0,478.0,470.5,473.1,193836,25888
2018-05-17,472.0,485.3,470.5,481.9,220206,31014
2018-05-18,485.0,488.6,481.9,486.5,179326,29920
2018-05-21,484.8,486.0,477.0,482.4,175668,26892
2018-05-22,480.0,486.5,478.3,485.1,133016,29060
2018-05-23,486.0,493.8,482.6,484.6,218094,30956
2018-05-24,484.5,487.4,478.1,485.0,217168,30414
2018-05-25,481.1,483.8,476.6,477.4,180374,30964
2018-05-28,467.4,470.5,456.6,462.8,245594,30338
2018-05-29,462.5,466.0,459.2,463.8,145200,30166
2018-05-30,467.0,468.3,458.5,463.9,224162,30760
2018-05-31,466.0,476.8,465.3,472.5,234544,33824
2018-06-01,470.5,483.9,469.9,474.7,275006,33986
2018-06-04,472.9,473.1,467.6,470.9,202210,31182
2018-06-05,468.7,471.4,461.6,466.2,212376,30258
2018-06-06,461.7,466.7,455.8,465.0,238464,33080
2018-06-07,461.0,466.0,458.0,465.8,251680,33264
2018-06-08,467.7,474.2,466.6,468.3,228524,34290
2018-06-11,469.0,476.3,466.8,467.5,192790,32846
2018-06-12,466.4,473.0,463.9,472.1,235584,33878
2018-06-13,469.2,471.7,463.0,464.5,217898,32200
2018-06-14,466.3,472.0,464.4,468.1,222996,31010
2018-06-15,470.7,472.2,465.5,467.2,182254,28670
2018-06-19,463.1,465.5,458.0,460.3,75788,31970
2018-06-20,461.1,465.7,458.8,464.2,223134,32990
2018-06-21,465.0,468.7,458.8,459.8,312444,34196
2018-06-22,458.0,461.8,453.7,459.0,271166,35592
2018-06-25,464.4,472.0,464.3,466.5,254096,34400
2018-06-26,468.4,471.9,465.3,471.5,184420,35956
2018-06-27,472.2,486.1,469.6,485.0,295640,39126
2018-06-28,487.0,495.0,486.3,491.0,260304,36606
2018-06-29,490.4,498.0,490.4,494.8,252972,36364
2018-07-02,498.0,510.0,497.6,501.6,283214,36276
2018-07-03,502.4,505.2,496.8,503.5,255268,36494
2018-07-04,504.1,504.5,491.3,496.7,319660,33908
2018-07-05,496.0,501.8,494.4,497.6,212576,34278
2018-07-06,498.8,502.0,492.8,495.7,330606,34222
2018-07-09,491.0,498.6,487.0,497.7,218764,39620
2018-07-10,497.6,505.0,496.3,504.9,240444,44140
2018-07-11,506.7,511.5,502.6,507.9,291768,44978
2018-07-12,503.2,508.6,490.0,492.6,346284,36094
2018-07-13,492.5,495.8,487.6,491.1,264248,35316
2018-07-16,494.0,499.5,491.8,491.9,225268,32572
2018-07-17,486.2,488.7,478.5,479.2,293302,34326
2018-07-18,483.0,485.3,478.6,481.5,218500,33670
2018-07-19,482.6,489.1,479.0,486.1,263424,31842
2018-07-20,483.5,494.5,483.3,493.4,318348,32128
2018-07-23,493.6,494.7,489.1,490.4,211466,30746
2018-07-24,495.5,499.7,493.1,494.7,229940,30092
2018-07-25,495.0,504.3,492.9,503.1,234826,31258
2018-07-26,501.7,504.6,497.3,503.8,266060,28914
2018-07-27,501.3,508.7,501.3,506.9,193380,29372
2018-07-30,508.3,509.9,503.7,509.9,187630,30306
2018-07-31,514.1,515.5,512.6,513.2,151032,30572
2018-08-01,512.8,514.1,501.3,503.3,238068,24470
2018-08-02,497.6,504.3,497.4,503.7,235238,25200
2018-08-03,501.0,515.3,501.0,513.5,232308,24054
2018-08-06,512.7,519.6,506.0,518.6,244680,22746
2018-08-07,520.9,537.2,520.5,537.2,216280,21482
2018-08-08,545.6,550.0,510.2,523.2,367998,13342
2018-08-09,515.1,523.0,508.4,513.2,70478,25114
2018-08-10,515.3,517.6,503.9,506.3,75992,26624
2018-08-13,509.8,515.5,507.6,509.3,82664,26436
2018-08-14,510.2,519.2,505.0,516.0,170050,29554
2018-08-15,520.0,521.8,508.2,510.1,218180,31904
2018-08-16,508.8,512.3,494.0,497.9,326410,30634
2018-08-17,500.0,501.8,495.0,496.7,249986,33838
2018-08-20,501.5,503.5,480.0,491.4,327468,32764
2018-08-21,491.2,501.9,488.5,496.4,335614,35774
2018-08-22,500.0,507.6,496.8,504.6,304726,36000
2018-08-23,509.1,513.7,504.9,508.0,314562,34954
2018-08-24,508.0,514.6,504.2,511.8,287220,31622
2018-08-27,512.2,514.3,507.7,510.8,259682,31684
2018-08-28,512.5,516.2,509.6,512.0,258382,31138
2018-08-29,513.5,514.1,508.2,508.5,250278,30538
2018-08-30,513.0,523.6,510.7,522.8,318074,32796
2018-08-31,523.5,525.2,519.1,524.0,224134,33620
2018-09-03,522.9,524.4,518.0,521.2,242128,32370
2018-09-04,522.0,527.0,520.3,523.9,233514,31700
2018-09-05,530.3,532.5,520.4,521.3,348304,33730
2018-09-06,520.5,524.3,518.7,520.0,280408,35128
2018-09-07,521.8,522.6,512.0,516.8,331998,33830
2018-09-10,516.7,525.3,510.9,524.5,304954,35010
2018-09-11,523.2,525.0,518.3,524.3,292542,34716
2018-09-12,522.8,540.2,522.2,535.9,353554,37912
2018-09-13,537.1,540.5,530.3,533.3,332700,38618
2018-09-14,531.5,533.4,523.6,525.8,293498,37968
2018-09-17,525.3,530.5,521.2,527.8,335812,40108
2018-09-18,529.5,530.6,522.4,523.3,272110,43488
2018-09-19,530.0,532.9,525.9,528.7,307304,42154
2018-09-20,527.4,537.6,525.7,535.9,340108,48718
2018-09-21,533.0,534.8,529.2,532.1,267538,43742
2018-09-25,542.7,552.3,541.6,549.1,114378,46736
2018-09-26,550.8,555.5,550.6,554.2,272886,49386
2018-09-27,551.0,560.0,550.1,557.7,302500,46866
2018-09-28,556.8,564.6,551.3,563.6,246962,44052
2018-10-08,572.6,573.5,565.6,572.5,91178,43144
2018-10-09,569.2,598.0,569.2,592.9,366142,43400
2018-10-10,594.1,598.5,585.1,597.3,349738,42608
2018-10-11,595.3,597.3,567.3,574.2,421404,39928
2018-10-12,574.6,576.6,560.4,573.3,388228,38516
2018-10-15,571.7,575.3,561.3,573.1,335974,36928
2018-10-16,572.5,573.6,555.3,560.0,370396,35534
2018-10-17,557.1,566.2,553.0,566.0,341110,34298
2018-10-18,560.9,561.8,547.3,554.7,408230,33448
2018-10-19,545.6,559.7,545.6,551.8,337546,33118
2018-10-22,555.7,561.9,552.4,559.3,341894,37892
2018-10-23,555.6,557.7,551.0,554.1,339558,38158
2018-10-24,546.4,547.6,531.1,536.2,398960,39868
2018-10-25,539.8,543.7,531.1,536.3,405956,40722
2018-10-26,541.6,542.7,535.5,538.3,312086,39970
2018-10-29,538.0,545.2,535.1,536.1,330714,39042
2018-10-30,536.5,542.9,535.6,541.4,260678,38810
2018-10-31,535.0,536.6,524.7,535.1,343292,33890
2018-11-01,533.0,533.7,519.6,522.6,344550,34732
2018-11-02,521.4,524.3,503.7,510.7,396644,33362
2018-11-05,508.4,511.3,504.3,509.6,284116,35328
2018-11-06,512.0,517.4,505.2,507.6,278600,33910
2018-11-07,507.5,512.2,497.8,498.6,344536,33556
2018-11-08,505.3,507.0,499.2,503.4,326460,31924
2018-11-09,502.2,502.8,492.5,495.4,319338,31990
2018-11-12,488.8,500.2,483.9,498.6,339006,31234
2018-11-13,496.8,498.7,483.7,484.4,274046,30358
2018-11-14,483.2,486.7,468.0,468.0,296062,28962
2018-11-15,465.0,467.8,456.2,463.9,368964,26168
2018-11-16,464.5,468.9,460.7,466.7,286342,23936
2018-11-19,479.0,480.9,466.9,472.4,123006,32690
2018-11-20,468.0,471.8,462.1,465.0,310042,36896
2018-11-21,465.0,465.2,443.6,447.5,472424,38520
2018-11-22,451.0,454.4,441.0,443.1,515750,40752
2018-11-23,444.6,448.9,429.0,433.0,480796,41800
2018-11-26,427.3,427.4,418.9,418.9,154714,41346
2018-11-27,415.5,426.5,415.5,418.1,467772,37270
2018-11-28,420.0,428.9,414.0,426.7,582734,37376
2018-11-29,420.9,424.1,406.7,409.5,659578,38782
2018-11-30,414.9,419.8,411.6,418.1,586738,36168
2018-12-03,431.7,433.7,429.3,431.7,648264,32914
2018-12-04,427.9,434.3,422.8,432.2,456904,35486
2018-12-05,434.5,436.1,421.1,425.1,493992,38514
2018-12-06,430.1,435.2,420.9,422.4,506466,36994
2018-12-07,414.0,420.0,406.6,411.8,685326,37946
2018-12-10,417.3,437.3,416.7,428.9,605088,29486
2018-12-11,425.5,427.5,415.1,418.8,426988,32658
2018-12-12,422.0,426.9,420.1,425.4,357260,36306
2018-12-13,427.1,428.7,420.4,422.2,438682,31476
2018-12-14,418.0,428.6,416.8,421.8,414486,26236
2018-12-17,422.0,425.6,412.8,417.8,380772,21796
2018-12-18,430.1,430.8,414.1,415.8,226000,42796
2018-12-19,413.9,417.3,397.0,399.4,447056,47594
2018-12-20,399.0,405.7,395.6,398.1,419936,51208
2018-12-21,394.6,398.0,385.8,389.6,504434,52948
2018-12-24,382.0,389.6,375.5,384.8,518302,56670
2018-12-25,380.4,382.8,351.6,355.6,460376,59364
2018-12-26,357.1,364.9,352.7,357.3,278796,56932
2018-12-27,361.3,385.7,356.8,383.4,653032,48522
2018-12-28,378.2,383.3,373.1,379.1,483344,43220
2019-01-02,380.8,383.0,369.6,370.9,155324,47524
2019-01-03,370.9,397.3,370.2,385.4,612956,44910
2019-01-04,391.4,401.6,386.2,398.0,661536,46186
2019-01-07,401.9,411.5,398.9,407.5,703896,46310
2019-01-08,409.1,415.5,402.7,405.5,600078,46406
2019-01-09,409.0,419.8,407.3,416.3,557344,45180
2019-01-10,419.5,428.9,416.5,421.5,636884,43364
2019-01-11,424.0,427.5,419.7,426.9,508960,48972
2019-01-14,426.5,426.5,412.5,414.8,606728,49450
2019-01-15,416.1,420.2,413.1,416.3,506802,52220
2019-01-16,417.1,423.5,414.5,422.9,468574,51958
2019-01-17,420.0,425.8,418.0,425.2,548660,48976
2019-01-18,419.2,433.2,418.2,432.0,516038,48930
2019-01-21,431.0,441.5,429.4,438.8,545476,50558
2019-01-22,438.2,442.2,432.3,434.5,357922,49238
2019-01-23,430.9,433.1,423.9,432.4,456382,48142
2019-01-24,434.6,435.7,421.5,425.7,531904,48488
2019-01-25,424.0,433.0,423.2,430.8,497512,48172
2019-01-28,426.5,430.7,421.9,422.0,401152,50116
2019-01-29,421.6,423.4,413.0,418.5,373126,48580
2019-01-30,420.5,429.2,419.5,425.1,368132,44332
2019-01-31,429.4,434.0,427.2,431.6,318880,42048
2019-02-01,430.0,437.6,422.7,423.2,312950,34014
2019-02-11,424.9,430.8,423.0,429.6,72378,32460
2019-02-12,431.0,434.5,424.2,427.4,237138,31828
2019-02-13,432.4,438.4,429.1,432.5,314590,33180
2019-02-14,432.0,442.7,430.1,441.8,286410,34344
2019-02-15,441.8,447.6,434.5,444.3,289782,29098
2019-02-18,454.0,467.9,450.9,461.1,181348,41730
2019-02-19,460.0,461.9,456.1,461.2,173320,46850
2019-02-20,460.9,460.9,453.7,456.4,250302,45150
2019-02-21,453.6,462.6,450.5,457.3,291430,47000
2019-02-22,456.8,457.5,452.4,456.8,239458,47084
2019-02-25,459.6,460.7,446.2,449.0,276492,47640
2019-02-26,441.3,441.9,427.6,433.1,328414,46346
2019-02-27,437.0,440.5,433.0,438.3,254924,42476
2019-02-28,443.1,445.0,438.2,439.7,262114,43972
2019-03-01,440.4,450.1,439.8,449.3,246056,42116
2019-03-04,445.0,447.2,431.6,436.1,336684,43662
2019-03-05,438.0,443.6,433.2,434.5,251926,45128
2019-03-06,438.0,440.0,426.2,438.6,327370,40326
2019-03-07,438.2,445.7,434.9,440.0,349816,38266
2019-03-08,444.8,445.5,436.5,437.0,278732,36664
2019-03-11,431.0,440.9,426.5,439.7,286090,35130
2019-03-12,440.0,448.5,439.7,444.2,287550,36480
2019-03-13,447.5,448.0,440.8,445.5,240012,32498
2019-03-14,446.4,453.9,446.3,452.7,258524,32812
2019-03-15,453.1,457.4,448.1,455.0,257276,26774
2019-03-18,450.0,454.0,443.0,451.0,67612,34596
2019-03-19,453.0,459.0,452.0,457.0,139738,41768
2019-03-20,459.0,460.0,452.0,457.0,224314,42176
2019-03-21,454.0,465.0,453.0,464.0,309556,48976
2019-03-22,463.0,463.0,457.0,461.0,255788,44852
2019-03-25,457.0,457.0,449.0,450.0,295100,40322
2019-03-26,452.0,457.0,450.0,454.8,239912,37118
2019-03-27,458.3,460.8,456.6,458.8,214722,38798
2019-03-28,459.0,461.2,453.1,453.2,290626,40172
2019-03-29,450.0,459.6,446.9,457.9,299682,36078
2019-04-01,462.0,463.6,455.8,461.1,245490,33716
2019-04-02,463.5,473.0,460.7,470.2,315862,39900
2019-04-03,467.9,475.5,467.9,472.4,259958,42392
2019-04-04,471.5,472.5,467.0,469.0,288444,39220
2019-04-08,477.1,479.4,476.1,476.1,89040,39960
2019-04-09,475.0,481.9,475.0,478.2,277158,39856
2019-04-10,477.0,479.1,472.8,475.7,268000,37900
2019-04-11,476.0,482.8,475.6,480.1,254698,37354
2019-04-12,479.0,479.7,472.4,475.2,237404,32954
2019-04-15,479.4,480.2,467.6,471.8,240048,30204
2019-04-16,469.8,472.2,464.8,465.6,247434,26174
2019-04-17,471.3,477.5,469.1,476.3,58462,36372
2019-04-18,476.1,476.1,471.7,472.6,172316,43902
2019-04-19,476.0,476.9,473.4,475.9,187136,47534
2019-04-23,490.5,499.3,488.6,498.3,261146,52238
2019-04-24,495.4,500.3,495.2,497.0,249936,51580
2019-04-25,500.0,506.9,498.0,505.9,309824,51094
2019-04-26,507.0,508.3,497.3,498.0,240910,47170
2019-04-29,492.3,495.4,481.2,482.8,408794,40358
2019-04-30,485.3,489.1,483.1,487.7,243080,37380
2019-05-06,471.9,474.8,465.3,472.0,100108,34552
2019-05-07,478.8,486.5,476.7,485.2,263596,34914
2019-05-08,480.8,482.8,475.1,482.3,312368,33732
2019-05-09,480.7,486.6,476.8,481.7,324868,33014
2019-05-10,483.6,491.8,481.1,487.7,333746,31760
2019-05-13,487.8,497.4,486.5,496.8,260,33738
2019-05-14,500.9,511.4,491.0,496.3,380,32438
2019-05-15,500.8,503.4,498.2,500.9,249,33672
2019-05-16,499.9,510.0,499.1,506.5,266284,31598
2019-05-17,510.4,515.0,507.2,512.0,258828,27884
2019-05-20,513.8,521.5,508.6,520.5,222208,24694
2019-05-21,514.9,515.1,500.0,509.6,130408,8864
2019-05-22,509.0,509.9,501.8,504.7,224690,38154
2019-05-23,502.4,506.3,491.8,493.0,261802,38786
2019-05-24,484.5,485.0,463.6,472.5,414570,35930
2019-05-27,474.0,477.9,464.9,469.7,330574,32662
2019-05-28,472.3,481.1,469.5,476.9,235302,32918
2019-05-29,477.0,479.4,473.0,473.8,264712,33670
2019-05-30,465.2,477.0,460.7,476.1,326984,32384
2019-05-31,472.6,474.2,447.4,447.7,379962,33298
2019-06-03,443.9,445.8,429.6,429.6,309890,32942
2019-06-04,438.0,439.0,418.4,422.5,351034,34888
2019-06-05,421.0,430.4,419.3,425.0,373720,35354
2019-06-06,423.8,426.4,409.7,416.2,426258,33388
2019-06-10,434.7,437.5,430.3,434.8,88062,32728
2019-06-11,433.9,436.6,425.5,431.0,355748,32934
2019-06-12,432.0,433.8,419.1,423.0,309622,32692
2019-06-13,419.0,435.9,413.1,427.7,412346,31752
2019-06-14,431.8,433.9,420.5,425.7,342788,29220
2019-06-17,426.2,431.7,424.3,426.0,263798,23762
2019-06-18,425.0,426.2,406.0,408.1,103180,7768
2019-06-19,416.5,432.1,416.4,424.8,396952,47896
2019-06-20,422.1,436.5,418.0,433.0,472352,50544
2019-06-21,433.5,445.0,432.3,439.5,444474,46746
2019-06-24,443.1,448.8,440.9,447.6,325584,46530
2019-06-25,446.4,447.3,436.6,440.0,370744,42486
2019-06-26,441.4,451.5,440.7,450.1,352010,40604
2019-06-27,449.0,455.3,446.4,447.9,364606,38740
2019-06-28,448.8,452.0,443.1,443.5,278966,36602
2019-07-01,446.8,453.4,438.0,451.6,307400,35960
2019-07-02,451.9,452.4,434.2,444.2,369098,35584
2019-07-03,438.0,442.9,423.6,427.7,428314,37454
2019-07-04,429.5,437.4,427.0,430.4,369456,32044
2019-07-05,433.4,434.3,428.6,432.1,200982,30448
2019-07-08,429.7,442.4,429.7,441.7,297186,31084
2019-07-09,441.0,449.6,438.8,441.3,295342,30482
2019-07-10,445.8,445.8,437.2,443.8,246040,30156
2019-07-11,447.9,462.2,447.2,461.6,320884,33338
2019-07-12,459.8,462.0,454.1,458.2,246716,31092
2019-07-15,455.7,457.6,451.0,454.5,215574,29374
2019-07-16,456.0,460.4,449.1,451.6,265858,27498
2019-07-17,454.1,455.8,431.2,436.2,259566,26012
2019-07-18,439.1,441.8,428.8,430.5,241640,23120
2019-07-19,431.7,432.9,413.1,425.9,114216,13994
2019-07-22,429.7,436.8,424.3,434.7,289556,49196
2019-07-23,434.0,437.9,430.6,436.8,219738,50154
2019-07-24,433.8,442.9,432.1,440.5,229532,44556
2019-07-25,441.4,446.7,433.1,440.6,304744,42984
2019-07-26,444.5,445.3,438.8,444.2,221622,38304
2019-07-29,445.3,445.3,438.2,439.2,215918,37360
2019-07-30,441.0,445.0,436.2,444.1,226612,35642
2019-07-31,443.7,449.7,440.3,446.4,203216,31578
2019-08-01,447.7,448.7,438.1,442.9,243008,30250
2019-08-02,440.9,442.8,416.4,428.4,329664,32756
2019-08-05,430.4,437.8,429.0,433.0,294686,31020
2019-08-06,432.3,433.2,399.6,430.5,261790,30482
2019-08-07,427.3,428.4,417.4,419.1,216468,33308
2019-08-08,412.2,415.0,401.5,413.5,390538,31434
2019-08-09,410.7,413.0,405.9,412.2,217562,31490
2019-08-12,415.6,423.3,413.7,417.9,235946,28580
2019-08-13,419.5,422.7,416.8,418.0,183256,28450
2019-08-14,418.5,435.0,417.7,431.6,283820,25664
2019-08-15,424.6,426.6,415.4,422.4,266324,24912
2019-08-16,419.1,424.8,414.1,424.6,233128,23412
2019-08-19,422.7,432.4,419.6,432.0,180420,18470
2019-08-20,430.4,436.7,429.3,431.4,75246,6272
2019-08-21,426.0,428.1,418.1,426.4,253880,38510
2019-08-22,428.6,433.0,423.1,425.7,252010,37792
2019-08-23,430.0,430.2,421.3,427.1,230598,38052
2019-08-26,415.7,424.8,415.6,422.1,320820,35384
2019-08-27,427.8,429.4,419.2,421.8,222324,32202
2019-08-28,423.1,430.0,417.9,427.3,218430,30512
2019-08-29,429.0,435.9,427.8,430.4,258770,26992
2019-08-30,431.8,442.2,428.9,439.5,263684,29152
2019-09-02,440.3,441.9,429.2,431.5,251734,25884
2019-09-03,431.5,433.8,425.2,429.6,168258,25176
2019-09-04,423.5,429.9,420.3,429.9,204192,25286
2019-09-05,435.1,444.9,433.1,439.0,224896,22252
2019-09-06,444.0,451.5,441.1,443.3,237732,19978
2019-09-09,436.0,450.6,435.0,450.5,218572,17420
2019-09-10,448.6,457.6,446.6,455.9,124248,7962
2019-09-11,457.6,471.5,456.0,458.0,5372,5794
2019-09-12,449.4,451.7,433.6,436.5,293978,34164
2019-09-16,477.5,477.5,468.4,470.3,107460,37252
2019-09-17,478.0,496.0,471.6,489.9,406772,37906
2019-09-18,489.3,489.8,465.0,470.6,487338,40006
2019-09-19,464.2,468.0,457.4,458.4,297932,41740
2019-09-20,465.9,467.1,461.0,463.9,235612,40156
2019-09-23,464.6,470.3,463.0,466.5,242532,37938
2019-09-24,463.2,467.1,461.2,462.0,205690,37060
2019-09-25,460.8,463.3,452.0,452.6,231796,33806
2019-09-26,450.0,453.5,445.3,450.5,242942,31920
2019-09-27,448.6,453.5,445.1,448.5,203472,29108
2019-09-30,444.0,452.2,442.7,447.0,197200,23548
2019-10-08,432.3,441.8,431.5,440.0,44698,26974
2019-10-09,434.3,469.3,434.2,449.3,254332,25848
2019-10-10,451.9,457.1,447.9,450.4,211586,26134
2019-10-11,453.0,471.3,451.3,467.2,228592,27024
2019-10-14,466.0,476.3,465.3,474.3,211288,22478
2019-10-15,471.0,472.4,463.1,463.7,144324,20866
2019-10-16,465.8,471.0,459.5,462.2,164656,20112
2019-10-17,460.0,461.7,440.5,444.0,169120,17118
2019-10-18,445.2,448.8,441.2,448.5,94554,14028
2019-10-21,452.3,452.3,433.1,441.4,33276,7936
2019-10-22,445.0,445.5,440.3,442.3,139372,40604
2019-10-23,445.7,447.3,442.4,443.6,168554,41860
2019-10-24,440.1,450.1,439.0,448.4,189560,41548
2019-10-25,452.0,455.4,450.0,451.7,152940,35690
2019-10-28,449.2,457.3,449.1,456.3,147522,36304
2019-10-29,457.2,460.5,453.3,454.9,138400,32784
2019-10-30,451.6,458.3,450.8,452.6,136244,31892
2019-10-31,453.2,456.0,448.1,449.3,170804,31168
2019-11-01,447.1,448.3,442.0,443.6,135110,30498
2019-11-04,447.0,454.5,445.7,450.2,145370,28114
2019-11-05,456.2,460.9,453.4,458.7,151540,28532
2019-11-06,461.4,462.7,457.5,458.0,117880,28862
2019-11-07,458.4,463.4,452.9,453.8,186856,28510
2019-11-08,457.8,459.1,450.9,451.6,156504,27502
2019-11-11,450.0,457.9,445.4,452.3,178388,25400
2019-11-12,452.2,459.4,451.3,457.2,150168,26598
2019-11-13,457.3,459.2,449.1,450.1,160808,26372
2019-11-14,450.3,458.6,448.1,455.6,159752,24630
2019-11-15,456.7,458.2,449.6,449.6,135756,22050
2019-11-18,447.9,458.6,445.1,455.4,140076,18196
2019-11-19,454.9,458.5,451.2,453.4,46266,11256
2019-11-20,450.8,451.4,441.8,443.3,165824,35698
2019-11-21,446.2,453.0,444.7,452.4,180326,31362
2019-11-22,453.2,460.0,453.2,458.9,172658,34364
2019-11-25,460.6,464.9,457.5,463.3,184198,34596
2019-11-26,461.9,463.2,458.4,460.2,169044,32208
2019-11-27,462.2,465.8,459.5,463.3,153682,31740
2019-11-28,464.4,465.3,459.7,461.8,152480,32002
2019-11-29,462.2,464.0,460.5,463.5,103688,31870
2019-12-02,462.8,463.4,450.7,451.5,215772,28580
2019-12-03,453.9,455.0,449.8,450.5,168514,27036
2019-12-04,447.2,452.0,445.4,448.7,173306,27042
2019-12-05,452.4,459.2,450.4,455.7,191952,23168
2019-12-06,458.6,461.0,455.0,458.0,165356,21408
2019-12-09,457.9,469.5,455.1,467.9,200508,19802
2019-12-10,463.9,473.9,463.6,470.2,71106,10202
2019-12-11,465.0,468.5,464.6,465.4,138786,34704
2019-12-12,466.0,468.1,460.6,466.4,180602,36176
2019-12-13,467.1,470.7,464.8,466.2,188018,35280
2019-12-16,467.8,473.9,467.2,470.9,225240,38692
2019-12-17,472.3,474.2,469.7,470.7,122678,38370
2019-12-18,472.2,477.9,471.7,473.6,149050,39086
2019-12-19,474.9,479.0,473.7,478.5,163836,39930
2019-12-20,478.1,481.9,477.0,480.2,122436,41234
2019-12-23,479.1,481.0,476.2,476.8,139382,38200
2019-12-24,478.4,481.7,477.3,480.4,96150,37894
2019-12-25,481.7,488.8,480.2,484.2,104448,37548
2019-12-26,484.2,486.0,481.1,484.8,46628,34108
2019-12-27,484.2,492.0,482.8,489.6,126412,36890
2019-12-30,488.9,493.5,487.3,489.3,152836,30784
2019-12-31,491.0,494.2,481.2,483.5,166386,23718
2020-01-02,483.1,484.4,480.5,482.5,11787,10614
2020-01-03,481.4,502.9,479.3,499.7,76237,8153
2020-01-06,503.2,516.3,500.0,509.2,32949,4876
2020-01-07,511.0,513.1,498.8,502.2,90211,19100
2020-01-08,500.7,529.8,498.2,508.1,137033,19722
2020-01-09,500.0,502.7,479.1,481.5,148785,18810
2020-01-10,481.9,482.9,475.8,479.1,98522,19346
2020-01-13,480.2,480.4,473.5,476.9,84094,19966
2020-01-14,475.8,476.5,461.9,465.4,94882,21279
2020-01-15,467.6,471.0,462.6,463.3,71774,22468
2020-01-16,463.9,465.6,458.6,463.6,75761,22523
2020-01-17,461.1,468.0,461.0,464.0,72015,21731
2020-01-20,465.2,470.8,463.6,466.0,65715,19687
2020-01-21,465.0,466.4,460.1,460.9,47983,17884
2020-01-22,460.1,464.3,457.1,459.8,54377,15726
2020-01-23,458.2,459.2,443.7,447.2,66758,12402
2020-02-03,415.5,415.5,415.5,415.5,771,11922
2020-02-04,398.2,401.4,381.4,400.2,15541,12172
2020-02-05,392.5,399.6,390.9,395.8,16003,10196
2020-02-06,407.0,411.2,403.7,409.1,25588,19862
2020-02-07,406.1,407.5,402.4,404.9,21457,22730
2020-02-10,391.9,401.8,391.8,399.9,24122,25819
2020-02-11,396.6,400.5,396.3,397.8,29529,29091
2020-02-12,398.1,403.5,398.1,403.3,35605,31630
2020-02-13,406.3,410.6,405.3,406.1,33153,31478
2020-02-14,410.1,410.5,406.0,408.2,25236,30635
2020-02-17,410.5,411.2,408.5,410.4,23664,30722
2020-02-18,410.0,410.5,405.8,406.0,24445,30619
2020-02-19,409.6,415.2,407.3,413.5,33957,30238
2020-02-20,419.0,422.0,417.1,419.6,27734,29527
2020-02-21,418.0,419.3,413.6,415.4,24528,29196
2020-02-24,405.0,405.0,399.8,400.2,29599,26779
2020-02-25,397.0,399.7,395.1,399.3,29531,25393
2020-02-26,389.1,390.3,382.4,382.4,36761,24390
2020-02-27,372.5,372.9,365.5,368.7,42568,22476
2020-02-28,358.8,361.7,350.0,353.5,43327,20592
2020-03-02,348.5,364.1,348.2,361.8,57185,18725
2020-03-03,378.7,378.7,365.9,370.7,37140,16677
2020-03-04,369.2,371.5,366.5,367.7,23389,16149
2020-03-05,374.3,375.9,372.4,373.7,33329,39377
2020-03-06,365.0,366.6,354.5,357.3,65930,41188
2020-03-09,338.1,338.1,338.1,338.1,302,41059
2020-03-10,307.6,307.6,307.6,307.6,1371,40535
2020-03-11,287.0,294.2,273.7,275.0,148779,41637
2020-03-12,270.0,272.4,256.2,261.1,104010,41269
2020-03-13,257.0,269.4,250.8,267.1,97296,39007
2020-03-16,255.6,263.7,247.7,248.2,98454,38875
2020-03-17,250.0,251.6,241.5,246.5,98341,38530
2020-03-18,235.3,242.0,234.8,236.8,76856,38000
2020-03-19,220.2,234.2,214.4,229.7,106475,35492
2020-03-20,243.0,244.9,237.4,244.9,86157,33379
2020-03-23,213.2,243.3,213.2,242.9,97287,32083
2020-03-24,250.1,256.8,247.4,254.3,81376,29750
2020-03-25,256.3,261.1,255.6,259.3,49895,27383
2020-03-26,259.0,260.0,251.6,253.2,45709,25589
2020-03-27,253.0,255.0,247.1,249.4,49594,24643
2020-03-30,240.0,247.6,236.9,245.7,52014,23043
2020-03-31,253.3,271.0,253.3,265.3,100343,43960
2020-04-01,264.0,265.9,259.6,262.2,71104,43890
2020-04-02,266.0,289.0,263.8,289.0,142041,47568
2020-04-03,297.0,299.8,276.3,283.5,155096,46215
2020-04-07,298.0,298.5,292.4,297.7,90805,46206
2020-04-08,290.0,296.4,286.3,292.8,90970,47072
2020-04-09,297.0,302.9,297.0,301.6,78742,48615
2020-04-10,287.2,295.0,286.0,290.0,70584,48204
2020-04-13,295.1,304.9,284.6,285.1,115339,51621
2020-04-14,287.8,289.5,279.2,280.8,94765,55641
2020-04-15,273.0,279.0,270.4,274.5,102720,57263
2020-04-16,275.8,278.5,258.5,258.6,144437,62522
2020-04-17,262.2,263.6,242.1,253.7,203634,67631
2020-04-20,242.0,245.8,234.2,242.8,152002,65372
2020-04-21,233.0,239.6,226.8,229.2,210567,61152
2020-04-22,210.6,217.7,210.6,210.6,20657,58591
2020-04-23,210.6,238.0,205.3,227.5,220367,51631
2020-04-24,229.8,237.9,227.4,231.1,167951,48016
2020-04-27,225.0,227.0,215.0,215.2,186714,49215
2020-04-28,210.0,215.5,205.1,206.6,203672,48880
2020-04-29,215.0,227.7,214.2,224.5,224568,41253
2020-04-30,240.0,240.3,228.5,229.0,149972,38368
2020-05-06,267.3,267.3,243.6,246.4,97571,36320
2020-05-07,240.0,250.5,237.5,247.2,167485,36215
2020-05-08,259.1,259.1,237.7,248.6,204272,34898
2020-05-11,248.1,250.0,238.8,243.3,184514,33388
2020-05-12,244.6,244.6,236.3,238.4,98726,31894
2020-05-13,256.3,256.5,248.8,251.3,163824,60878
2020-05-14,252.0,252.6,240.8,245.3,207303,64551
2020-05-15,245.3,262.2,244.5,259.5,263795,65371
2020-05-18,260.3,269.5,256.2,267.6,297529,68376
2020-05-19,270.0,279.5,263.2,267.4,378163,70466
2020-05-20,268.0,270.8,265.0,268.6,218089,70339
2020-05-21,271.9,279.0,271.3,278.2,245635,70909
2020-05-22,279.3,280.0,260.1,265.7,318918,67052
2020-05-25,268.0,274.2,264.2,271.7,249897,66497
2020-05-26,271.3,275.9,270.2,274.8,145154,65163
2020-05-27,275.3,276.7,270.2,272.8,197154,61099
2020-05-28,271.3,276.8,270.2,273.1,239585,54898
2020-05-29,274.5,278.8,273.0,275.2,193600,51200
2020-06-01,274.2,279.9,273.9,278.1,157039,49546
2020-06-02,278.6,279.8,276.1,278.6,122956,47944
2020-06-03,279.7,292.6,279.1,290.6,204652,48271
2020-06-04,287.0,287.2,276.7,280.4,200082,44711
2020-06-05,281.6,286.0,279.3,284.9,140924,42850
2020-06-08,293.7,298.1,287.0,295.7,210566,39965
2020-06-09,290.0,293.5,285.4,289.2,157648,36243
2020-06-10,286.5,290.9,285.1,286.3,121846,34684
2020-06-11,286.8,289.0,279.1,281.5,142765,32708
2020-06-12,277.0,277.5,262.0,266.0,194488,29863
2020-06-15,271.0,275.5,259.5,260.6,165122,24999
2020-06-16,261.5,276.4,260.7,275.5,65322,17438
2020-06-17,296.6,299.6,290.9,294.6,233711,53464
2020-06-18,294.3,296.3,291.9,295.3,147317,54176
2020-06-19,296.5,300.6,293.9,299.3,118060,54343
2020-06-22,301.6,302.8,294.4,297.3,184688,52787
2020-06-23,297.2,301.8,295.9,298.6,153205,51311
2020-06-24,300.7,301.2,296.5,299.0,124007,46193
2020-06-29,290.8,291.8,283.6,285.7,72550,45778
2020-06-30,289.1,294.5,288.7,292.4,107528,42889
2020-07-01,291.0,294.0,288.7,293.3,105446,43110
2020-07-02,293.0,300.0,291.0,298.2,126720,43621
2020-07-03,299.5,301.5,296.3,297.8,104822,41984
2020-07-06,297.3,299.5,294.1,298.7,82133,39973
2020-07-07,298.2,299.6,294.9,295.9,89389,38742
2020-07-08,297.9,303.3,296.1,298.7,94168,37360
2020-07-09,300.2,301.0,297.8,298.9,74149,34957
2020-07-10,299.5,299.7,290.0,292.1,113440,34547
2020-07-13,294.0,297.9,293.8,295.5,84905,31393
2020-07-14,295.7,297.1,288.1,292.3,87480,30277
2020-07-15,291.0,296.6,290.3,294.6,75469,28074
2020-07-16,297.2,297.5,286.0,288.7,98245,26592
2020-07-17,302.3,305.3,300.2,300.7,83421,55941
2020-07-20,301.0,302.4,292.5,293.3,111145,62668
2020-07-21,293.5,302.7,293.0,299.4,112967,62962
2020-07-22,305.7,305.7,299.6,301.3,106156,60398
2020-07-23,300.0,301.7,297.7,301.1,89022,59014
2020-07-24,298.9,302.1,294.1,295.8,109905,60664
2020-07-27,296.7,298.5,292.8,294.8,98145,59110
2020-07-28,296.5,297.0,288.6,291.9,119902,61056
2020-07-29,290.2,292.2,288.0,291.1,87553,59686
2020-07-30,291.7,295.5,290.3,290.9,92109,56108
2020-07-31,288.8,291.3,279.5,286.1,174975,54559
2020-08-03,286.3,286.9,277.9,279.7,120129,57591
2020-08-04,281.7,284.1,279.4,281.3,96822,53007
2020-08-05,279.0,283.7,277.1,280.0,97875,50913
2020-08-06,287.0,287.4,277.8,282.9,133190,48927
2020-08-07,284.4,285.0,279.7,281.8,81399,47850
2020-08-10,281.8,287.0,279.4,284.3,85035,45408
2020-08-11,285.0,286.8,282.8,285.3,71810,42609
2020-08-12,287.0,287.4,278.8,284.2,93924,37696
2020-08-13,284.6,286.2,282.4,282.7,49570,35515
2020-08-14,283.3,284.0,280.3,282.3,38429,33260
2020-08-17,281.9,282.0,279.1,279.2,42429,27950
2020-08-18,287.9,291.9,283.8,284.1,91330,69492
2020-08-19,284.9,291.8,283.5,288.8,97471,67356
2020-08-20,288.6,290.5,287.8,288.8,65021,66287
2020-08-21,289.0,289.3,284.3,286.3,78116,67020
2020-08-24,284.8,290.8,282.2,288.7,117425,58746
2020-08-25,290.0,295.0,288.7,293.3,79578,55216
2020-08-26,295.8,296.6,293.1,294.4,77552,54670
2020-08-27,294.1,295.8,293.3,294.9,49253,52889
2020-08-28,294.1,296.2,291.4,293.6,75368,52043
2020-08-31,293.6,299.9,293.6,298.0,74943,52152
2020-09-01,297.9,298.6,292.2,294.8,65373,50094
2020-09-02,294.0,295.6,292.0,292.7,53465,50658
2020-09-03,292.8,292.9,284.1,285.8,89085,53164
2020-09-04,283.8,287.0,282.3,284.4,77223,51074
2020-09-07,285.2,285.5,272.2,272.5,123291,50044
2020-09-08,272.5,275.2,268.1,269.1,68528,45209
2020-09-09,262.9,263.0,251.0,251.0,82119,37045
2020-09-10,251.2,253.5,245.6,248.2,111942,21330
2020-09-11,246.0,250.5,242.7,243.3,46671,13910
2020-09-14,258.0,264.5,256.8,262.0,101352,54742
2020-09-15,260.1,262.6,258.7,260.7,69794,55503
2020-09-16,264.1,272.3,261.8,270.6,129009,52710
2020-09-17,271.1,273.8,268.3,270.0,110973,50992
2020-09-18,271.0,279.2,270.0,277.8,106364,49924
2020-09-21,275.1,281.3,274.4,276.7,106238,49227
2020-09-22,275.0,277.0,258.6,264.8,175306,47968
2020-09-23,267.4,269.1,262.2,265.0,102969,45711
2020-09-24,266.4,269.5,259.7,261.7,138030,45061
2020-09-25,262.0,269.1,261.5,266.7,106874,38802
2020-09-28,265.2,268.5,261.2,262.3,104302,37329
2020-09-29,265.3,267.2,262.5,265.6,77124,31357
2020-09-30,266.5,266.5,253.9,254.7,124120,30004
2020-10-09,264.0,267.2,261.4,264.5,35866,25790
2020-10-12,263.5,266.2,259.0,262.8,63448,24175
2020-10-13,262.0,263.7,256.5,259.7,69027,23039
2020-10-14,261.5,261.5,255.3,257.1,59095,22270
2020-10-15,260.0,263.0,258.6,260.2,53939,17480
2020-10-16,268.0,277.3,263.3,271.4,138129,50896
2020-10-19,271.5,276.0,269.9,271.6,107620,52765
2020-10-20,270.9,274.6,267.7,270.7,103743,56170
2020-10-21,270.4,272.3,268.5,269.8,94296,56398
2020-10-22,269.1,271.4,263.7,266.7,135217,59576
2020-10-23,267.1,268.3,264.6,265.3,99199,57236
2020-10-26,266.7,266.7,255.3,255.8,126336,59198
2020-10-27,255.8,257.6,253.4,256.4,108578,56017
2020-10-28,255.6,259.1,249.4,252.0,124164,54461
2020-10-29,245.6,247.4,235.6,237.7,173441,51848
2020-10-30,226.5,234.7,221.9,223.7,246158,45499
2020-11-02,227.2,228.4,215.0,221.0,168258,42866
2020-11-03,223.7,233.4,223.3,229.3,153542,38985
2020-11-04,235.0,239.6,231.9,238.2,154057,33329
2020-11-05,239.9,240.6,232.3,234.2,122597,30813
2020-11-06,236.1,239.7,227.7,230.7,114047,29762
2020-11-09,229.8,238.3,229.2,237.2,120189,28635
2020-11-10,250.0,252.2,243.4,248.1,128326,23172
2020-11-11,250.2,257.4,248.0,255.9,96826,21878
2020-11-12,256.8,258.1,248.6,251.9,100166,17493
2020-11-13,250.3,255.7,248.0,248.5,78380,16157
2020-11-16,257.2,261.5,254.6,260.8,118740,52389
2020-11-17,265.2,266.2,258.5,259.8,123778,55467
2020-11-18,258.9,262.9,256.4,259.7,138567,58442
2020-11-19,264.0,264.5,257.4,260.9,112660,58109
2020-11-20,260.7,264.0,259.4,260.6,96964,57646
2020-11-23,260.8,268.1,260.5,267.9,132757,58745
2020-11-24,268.5,282.6,264.9,281.4,189061,59783
2020-11-25,282.0,293.9,280.4,289.8,235797,55607
2020-11-26,289.8,297.4,287.3,288.5,180380,52849
2020-11-27,285.0,292.2,284.0,289.1,145411,50022
2020-11-30,291.3,293.2,277.4,281.6,168893,47247
2020-12-01,283.0,291.5,282.6,286.7,161983,43889
2020-12-02,287.4,288.0,279.6,284.1,130209,41724
2020-12-03,285.1,292.5,283.6,286.8,141883,40457
2020-12-04,286.7,302.6,282.3,295.9,205620,39696
2020-12-07,295.1,297.5,290.7,293.9,126004,35128
2020-12-08,292.6,296.5,281.4,283.6,115823,31476
2020-12-09,285.0,287.6,280.5,284.8,99923,24896
2020-12-10,285.1,289.8,281.6,282.6,99799,20455
2020-12-11,286.3,297.0,284.8,288.3,107277,14189
2020-12-14,301.5,305.6,300.2,304.9,113532,52978
2020-12-15,304.2,309.9,295.7,300.5,166639,53101
2020-12-16,302.9,304.9,299.8,301.8,111647,52274
2020-12-17,302.2,316.7,302.0,314.7,168455,56815
2020-12-18,313.5,319.6,311.6,315.4,127305,54191
2020-12-21,316.0,322.7,306.1,308.8,200765,51355
2020-12-22,308.0,309.5,294.5,295.2,193299,48019
2020-12-23,299.4,301.6,286.5,291.4,183681,42333
2020-12-24,294.5,308.6,293.4,307.2,197944,38799
2020-12-25,304.4,310.4,302.1,309.6,129456,36595
2020-12-28,309.6,313.0,303.8,306.6,105510,34910
2020-12-29,309.4,312.7,301.6,305.0,131801,33646
2020-12-30,306.7,308.7,299.9,305.1,136755,31171
2020-12-31,306.7,307.1,300.8,301.7,123311,31114
2021-01-04,302.9,321.5,301.6,320.1,91239,32033
2021-01-05,313.5,319.4,308.0,311.1,152795,28425
2021-01-06,316.2,326.9,311.2,323.7,158366,27801
2021-01-07,320.7,337.5,320.3,335.3,137801,28196
2021-01-08,334.3,338.7,328.1,336.5,123119,27427
2021-01-11,338.0,344.8,312.0,325.7,147644,21499
2021-01-12,326.5,339.5,324.0,336.9,104764,20129
2021-01-13,339.9,345.7,334.5,342.4,76956,18408
2021-01-14,348.5,350.0,340.2,342.4,128999,46676
2021-01-15,342.0,347.6,335.0,339.4,159692,46932
2021-01-18,338.3,339.2,326.8,333.0,161671,46064
2021-01-19,332.5,338.6,331.8,334.3,99435,45654
2021-01-20,335.4,343.8,335.1,342.7,123996,47340
2021-01-21,342.4,344.3,337.2,340.0,116187,45812
2021-01-22,339.2,341.8,332.0,332.3,130119,47164
2021-01-25,329.0,336.7,324.6,332.1,161179,43103
2021-01-26,330.5,332.8,327.7,328.0,107960,41631
2021-01-27,332.5,335.7,330.4,335.0,92348,39174
2021-01-28,332.2,339.3,329.0,333.3,140516,37516
2021-01-29,334.5,340.9,332.8,335.0,129952,36018
2021-02-01,336.5,339.8,329.7,336.3,134066,34182
2021-02-02,336.8,347.6,334.6,346.8,117873,35632
2021-02-03,351.9,351.9,344.0,347.1,109127,29003
2021-02-04,348.8,360.0,347.9,357.5,127925,25937
2021-02-05,357.5,360.6,351.6,358.1,84733,18529
2021-02-08,359.2,367.4,358.1,362.1,74007,10808
2021-02-09,362.7,378.3,361.4,376.0,34170,2950
2021-02-10,376.1,376.5,367.3,371.2,94910,47103
2021-02-18,392.1,405.3,392.1,399.0,47685,48960
2021-02-19,397.7,400.6,380.1,388.4,114593,48545
2021-02-22,387.6,396.0,384.6,392.2,122174,49205
2021-02-23,390.8,419.2,390.0,412.9,167883,48906
2021-02-24,409.2,412.3,400.3,405.8,140181,43960
2021-02-25,412.0,422.2,408.1,417.8,163926,43297
2021-02-26,418.0,419.2,402.1,405.9,157743,38669
2021-03-01,402.3,414.5,398.1,409.0,155225,34855
2021-03-02,407.3,408.1,385.4,387.1,155349,31410
2021-03-03,393.8,398.0,386.5,392.8,118187,27791
2021-03-04,395.5,402.4,390.0,399.4,143111,25044
2021-03-05,399.9,424.8,397.0,423.6,225414,25109
2021-03-08,425.0,444.6,424.2,441.4,141785,22927
2021-03-09,433.5,435.5,420.5,422.7,136609,19323
2021-03-10,427.0,427.7,405.7,412.0,133296,17125
2021-03-11,417.4,421.1,410.2,416.2,107405,15122
2021-03-12,418.3,425.5,417.5,418.8,80530,13797
2021-03-15,425.4,434.4,421.3,428.1,120400,44193
2021-03-16,422.1,422.7,414.6,416.0,129211,44371
2021-03-17,415.5,422.2,410.2,420.9,140951,46156
2021-03-18,414.0,416.2,407.4,411.5,164656,46598
2021-03-19,408.6,408.9,379.5,379.5,268668,51163
2021-03-22,378.9,393.7,377.5,390.1,224117,48345
2021-03-23,390.1,395.9,388.6,390.8,134770,48269
2021-03-24,379.6,388.2,372.7,378.1,223194,49164
2021-03-25,382.1,395.1,380.9,383.2,226464,45180
2021-03-26,379.5,386.8,374.7,384.3,227299,42184
2021-03-29,385.7,397.2,385.3,388.0,213632,38213
2021-03-30,397.2,402.7,390.1,398.6,185852,35738
2021-03-31,393.1,400.8,392.0,399.7,155362,30560
2021-04-01,395.9,399.4,383.5,392.8,171283,29285
2021-04-02,392.9,409.0,387.6,408.8,228120,29871
2021-04-06,390.7,393.1,383.6,388.1,74580,31201
2021-04-07,388.6,394.2,384.1,386.0,128994,30554
2021-04-08,387.7,388.9,379.4,383.5,151938,30577
2021-04-09,384.7,389.7,382.5,386.6,128074,28959
2021-04-12,385.9,393.2,381.9,382.4,124130,27697
2021-04-13,388.2,395.0,386.4,392.8,121917,22151
2021-04-14,394.0,398.3,389.8,397.8,92517,19985
2021-04-15,398.0,412.1,397.5,411.0,101760,16825
2021-04-16,409.2,414.1,407.3,412.8,62756,11671
2021-04-19,416.6,417.3,408.8,412.3,107549,41739
2021-04-20,414.2,418.5,410.4,414.3,117599,42473
2021-04-21,412.8,414.4,400.0,402.5,172578,41785
2021-04-22,396.2,403.5,391.7,395.2,187495,40009
2021-04-23,397.6,400.3,394.3,399.0,124231,38217
2021-04-26,395.8,405.7,394.6,396.5,147019,38743
2021-04-27,394.0,404.6,391.2,402.4,132602,39553
2021-04-28,402.4,408.2,400.3,408.1,114219,39012
2021-04-29,410.0,416.5,408.2,414.9,114970,39924
2021-04-30,421.9,423.6,415.2,420.1,128071,33686
2021-05-06,423.6,432.4,423.3,428.3,46304,35217
2021-05-07,428.1,428.5,420.2,425.7,96704,33569
2021-05-10,419.7,431.1,417.7,428.3,120656,30440
2021-05-11,426.3,427.7,416.6,418.6,102975,28206
2021-05-12,416.0,426.0,414.2,425.8,116689,25929
2021-05-13,426.6,434.5,421.9,423.8,115876,22214
2021-05-14,421.0,423.2,410.6,414.3,98175,18918
2021-05-17,418.9,431.2,418.5,427.1,75715,15512
2021-05-18,425.0,438.0,424.2,436.6,105637,53658
2021-05-19,436.6,436.6,419.0,421.2,173481,51215
2021-05-20,417.2,418.0,405.3,411.0,175018,51190
2021-05-21,408.8,410.8,399.8,400.2,157404,52740
2021-05-24,406.8,415.8,405.6,414.0,142604,46020
2021-05-25,415.7,426.2,415.0,425.0,121127,40507
2021-05-26,423.6,428.2,422.6,426.3,108974,36437
2021-05-27,421.3,427.1,420.5,421.9,111621,33934
2021-05-28,421.0,436.0,421.0,429.9,131196,37628
2021-05-31,438.0,438.0,424.5,428.8,103954,33549
2021-06-01,432.0,453.6,427.5,440.0,93810,39361
2021-06-02,445.5,447.1,435.4,438.9,115269,36796
2021-06-03,441.2,451.5,440.2,448.1,101389,40781
2021-06-04,446.0,447.3,438.6,445.2,119979,36085
2021-06-07,447.0,454.4,440.6,442.8,124786,36191
2021-06-08,444.4,448.6,437.2,443.0,96028,33260
2021-06-09,442.5,455.5,441.5,453.2,104789,39818
2021-06-10,452.6,454.4,442.5,446.4,104666,31194
2021-06-11,450.1,454.0,439.2,453.5,119805,31443
2021-06-15,458.3,463.7,451.7,454.4,46035,26885
2021-06-16,458.0,463.5,455.1,458.5,74637,17225
2021-06-17,460.8,463.2,454.3,457.9,128154,53444
2021-06-18,457.0,460.6,441.7,442.4,183534,49096
2021-06-21,440.8,457.6,440.7,451.8,138834,47093
2021-06-22,449.4,461.8,446.4,461.8,139253,49839
2021-06-23,460.5,467.2,456.5,466.0,129946,54160
2021-06-24,467.0,470.3,462.3,465.5,125224,52362
2021-06-25,460.3,471.4,460.2,466.3,136052,52741
2021-06-28,467.8,473.8,459.4,463.9,165278,49168
2021-06-29,465.9,466.1,455.2,456.3,127142,44781
2021-06-30,461.0,463.1,458.3,459.0,89149,39989
2021-07-01,462.5,464.6,454.5,459.5,110784,38050
2021-07-02,470.1,473.0,464.1,468.1,131311,38073
2021-07-05,469.2,472.4,464.6,471.6,102514,38948
2021-07-06,471.9,479.0,465.7,474.1,99543,38234
2021-07-07,468.0,468.7,448.3,450.9,162057,33755
2021-07-08,450.9,453.3,437.2,438.9,148715,33401
2021-07-09,439.9,446.7,436.1,444.6,120023,32248
2021-07-12,447.0,454.6,447.0,448.6,80511,28577
2021-07-13,444.6,455.6,444.6,454.7,67119,26277
2021-07-14,452.2,462.0,450.8,460.9,80700,22738
2021-07-15,461.5,461.8,439.0,439.3,109257,19616
2021-07-16,439.3,443.9,431.8,434.0,87634,18713
2021-07-19,437.5,438.9,424.0,427.9,68776,10688
2021-07-20,425.1,426.0,409.8,414.5,208812,46327
2021-07-21,408.1,418.1,407.2,413.1,158550,47372
2021-07-22,420.0,427.5,418.5,426.4,134823,42553
2021-07-23,426.8,440.6,426.7,436.6,126069,37300
2021-07-26,437.8,444.4,436.2,439.2,109932,36271
2021-07-27,442.4,452.2,442.3,446.0,109300,35010
2021-07-28,447.7,454.1,442.8,450.5,101602,35319
2021-07-29,452.0,453.9,448.6,452.9,76901,34708
2021-07-30,452.9,458.6,449.6,452.2,91374,32083
2021-08-02,454.0,460.4,443.8,449.3,109173,30955
2021-08-03,449.0,452.4,434.6,435.2,121153,31751
2021-08-04,427.4,436.6,424.4,436.4,130443,31769
2021-08-05,429.7,433.4,420.3,421.4,142491,33681
2021-08-06,424.4,435.6,422.5,433.2,96167,29969
2021-08-09,435.6,439.1,415.7,418.6,146352,31376
2021-08-10,414.3,424.9,413.2,424.4,107221,29463
2021-08-11,423.5,433.7,423.2,433.2,96356,26665
2021-08-12,427.1,436.1,422.8,431.4,108498,25793
2021-08-13,430.5,435.4,425.8,429.1,78862,24785
2021-08-16,429.4,435.0,421.3,423.9,69266,23242
2021-08-17,417.7,428.0,416.7,422.0,57911,18375
2021-08-18,420.9,426.0,416.6,422.5,113908,38394
2021-08-19,423.4,424.4,405.3,405.9,166260,45183
2021-08-20,402.6,406.1,398.1,405.3,155592,45308
2021-08-23,397.3,409.1,395.2,405.5,155518,44767
2021-08-24,410.0,425.4,408.8,422.6,148972,40921
2021-08-25,425.6,433.0,423.7,429.5,118644,37567
2021-08-26,433.9,435.5,429.3,432.7,111515,32844
2021-08-27,432.5,440.3,427.2,438.2,132826,33296
2021-08-30,440.7,441.5,436.5,438.3,110363,32350
2021-08-31,440.6,442.6,436.6,440.8,86694,32426
2021-09-01,438.3,446.7,436.3,446.5,101037,35403
2021-09-02,444.9,445.2,434.0,444.8,139056,33008
2021-09-03,448.8,458.8,448.6,456.0,102423,30433
2021-09-06,458.8,459.5,445.3,447.5,90290,27223
2021-09-07,451.5,459.0,450.0,456.9,69185,24270
2021-09-08,450.5,454.8,447.6,453.8,78746,17642
2021-09-09,456.3,459.2,451.8,457.1,40566,10437
2021-09-10,447.0,452.5,439.2,447.3,156877,37084
2021-09-13,452.1,462.0,451.5,460.0,108744,42007
2021-09-14,461.6,467.0,457.5,464.1,95161,42630
2021-09-15,465.6,468.8,458.0,467.3,94766,42409
2021-09-16,471.8,483.9,471.3,473.7,138888,39284
2021-09-17,471.7,478.2,468.0,474.6,93153,37058
2021-09-22,468.9,476.4,467.5,473.9,45127,37467
2021-09-23,473.3,482.7,472.1,479.4,92809,37624
2021-09-24,479.6,490.8,477.1,488.6,113626,39349
2021-09-27,486.4,501.1,483.8,494.5,114256,36651
2021-09-28,497.7,509.4,496.3,507.6,112023,36795
2021-09-29,505.0,508.1,486.0,489.2,128645,28455
2021-09-30,493.2,500.6,491.1,494.6,88967,22563
2021-10-08,523.2,529.8,522.1,528.1,49672,26062
2021-10-11,524.4,532.6,519.9,530.0,92461,24557
2021-10-12,532.0,534.3,526.8,529.5,73322,22324
2021-10-13,529.0,535.3,520.0,524.0,100048,16308
2021-10-14,519.5,530.2,514.3,526.5,67431,12804
2021-10-15,528.5,531.7,520.0,529.2,53539,9371
2021-10-18,535.0,546.5,529.3,543.0,110532,43017
2021-10-19,542.9,544.1,526.3,530.4,117269,40698
2021-10-20,529.3,530.7,521.4,524.4,118380,35789
2021-10-21,523.0,539.5,519.5,529.8,108884,34766
2021-10-22,528.0,533.3,517.6,520.2,162178,30151
2021-10-25,529.4,537.3,523.4,533.2,121021,32846
2021-10-26,536.2,537.8,530.5,531.6,100638,31921
2021-10-27,535.5,535.6,527.1,528.3,113594,29929
2021-10-28,528.2,531.4,505.5,517.5,199525,31403
2021-10-29,517.0,526.5,512.7,525.5,122257,29943
2021-11-01,520.1,526.6,515.8,520.3,115450,28659
2021-11-02,528.2,535.9,527.7,534.8,97727,30223
2021-11-03,532.3,533.6,520.3,524.3,111395,28603
2021-11-04,518.8,519.8,506.6,510.2,123377,31173
2021-11-05,525.3,530.8,501.6,508.5,174718,29199
2021-11-08,509.8,534.0,508.1,532.0,135409,27759
2021-11-09,530.0,530.6,523.2,524.9,83039,27395
2021-11-10,527.0,539.9,524.0,538.0,90866,28671
2021-11-11,531.7,536.6,517.5,519.3,114467,24947
2021-11-12,516.0,522.7,513.2,514.7,101623,25472
2021-11-15,508.7,519.3,506.2,508.1,89795,23197
2021-11-16,505.1,520.3,503.7,518.0,76643,17329
2021-11-17,517.4,519.8,510.1,519.0,53462,13577
2021-11-18,510.2,510.4,489.2,489.9,147728,37099
2021-11-19,492.8,509.9,492.2,506.3,140972,33159
2021-11-22,485.0,497.0,484.3,487.5,177130,33593
2021-11-23,487.5,496.6,484.6,491.2,146673,34114
2021-11-24,495.3,515.0,494.8,513.4,163843,35050
2021-11-25,511.1,515.3,507.6,509.1,103737,32243
2021-11-26,510.6,511.4,495.3,496.3,102288,31261
2021-11-29,485.0,487.3,464.1,473.6,256688,30055
2021-11-30,475.0,480.7,446.5,447.8,249797,30848
2021-12-01,451.1,454.9,428.7,451.4,253513,28382
2021-12-02,455.2,455.9,435.5,441.1,225346,28833
2021-12-03,435.4,449.5,417.5,446.7,305227,29333
2021-12-06,451.0,457.9,443.1,451.2,197008,26583
2021-12-07,453.7,466.9,448.3,463.8,152213,24748
2021-12-08,470.0,479.8,466.3,473.4,145878,22161
2021-12-09,476.9,481.8,470.8,477.7,110916,19033
2021-12-10,470.0,477.6,464.6,465.0,105758,14144
2021-12-13,472.0,486.5,471.0,486.0,69252,6948
2021-12-14,471.6,473.5,463.4,469.0,170125,35946
2021-12-15,467.1,469.2,456.4,460.0,196038,39154
2021-12-16,460.8,472.8,457.1,470.5,167934,36162
2021-12-17,467.5,475.0,467.2,469.2,148674,37047
2021-12-20,465.0,468.6,446.9,450.5,210591,38995
2021-12-21,445.0,457.1,438.4,454.4,210100,37715
2021-12-22,455.8,469.6,455.3,465.6,170220,37120
2021-12-23,464.6,476.0,462.7,472.6,136391,38068
2021-12-24,473.5,478.9,470.9,478.6,111904,39194
2021-12-27,475.3,484.5,470.8,472.9,92894,38552
2021-12-28,473.0,494.6,472.4,493.4,161623,44014
2021-12-29,497.0,498.0,489.3,493.4,148949,39186
2021-12-30,490.3,501.1,488.9,496.8,180901,35815
2021-12-31,496.0,501.7,490.3,499.0,141418,32206
2022-01-04,494.8,497.0,491.0,494.1,47219,30206
2022-01-05,496.8,505.2,495.4,502.8,132772,30803
2022-01-06,503.3,509.5,498.3,501.0,113525,28042
2022-01-07,512.6,519.7,511.4,519.4,120332,24669
2022-01-10,516.8,517.5,506.5,512.0,92155,14844
2022-01-11,508.9,513.1,504.2,504.6,46818,8209
2022-01-12,510.6,522.1,507.2,518.4,158691,45356
2022-01-13,519.4,527.8,519.1,524.1,124782,47714
2022-01-14,523.2,528.6,521.2,527.0,128615,51791
2022-01-17,528.8,537.7,524.3,534.8,162814,51570
2022-01-18,532.8,544.9,529.5,543.4,109890,56034
2022-01-19,541.1,552.3,538.8,544.6,169080,53224
2022-01-20,545.5,552.0,539.7,545.4,146296,53696
2022-01-21,544.4,551.6,527.7,536.4,183939,51447
2022-01-24,537.3,547.8,534.5,543.8,163670,49769
2022-01-25,540.7,540.9,522.5,533.8,240361,45387
2022-01-26,530.7,540.3,528.1,539.1,151929,36250
2022-01-27,544.0,549.7,539.5,542.6,122569,33647
2022-01-28,551.0,551.2,532.5,534.5,126580,26369
2022-02-07,560.0,571.6,558.2,566.9,41202,28773
2022-02-08,562.0,562.8,553.3,558.4,93254,27237
2022-02-09,549.0,552.3,543.7,544.4,90885,23375
2022-02-10,544.4,553.7,541.9,549.7,80044,21135
2022-02-11,554.6,560.8,544.7,546.1,78802,19384
2022-02-14,560.0,582.0,557.1,576.8,132879,45977
2022-02-15,566.0,578.0,564.0,577.7,142518,49746
2022-02-16,563.3,568.4,553.6,562.1,188973,48488
2022-02-17,568.0,573.9,550.0,565.9,173259,49402
2022-02-18,564.5,570.1,559.5,567.3,198957,50798
2022-02-21,559.5,579.1,556.2,569.5,239083,51239
2022-02-22,573.4,597.5,572.6,596.9,177226,54840
2022-02-23,593.2,596.6,584.0,590.0,178329,52079
2022-02-24,590.0,624.4,587.8,620.8,266122,49643
2022-02-25,635.0,637.0,608.3,612.3,275707,42271
2022-02-28,599.6,622.2,586.2,621.2,257846,38230
2022-03-01,609.9,625.5,608.1,622.8,173902,36771
2022-03-02,642.9,663.9,633.9,663.9,246876,42995
2022-03-03,678.0,719.9,669.1,719.9,230005,38679
2022-03-04,729.8,732.9,683.7,693.2,263674,37148
2022-03-07,706.0,761.4,700.8,761.4,136345,38441
2022-03-08,761.6,803.0,733.2,785.0,270158,37263
2022-03-09,781.9,823.6,768.2,806.6,247233,36505
2022-03-10,760.0,775.8,700.3,700.3,191044,34148
2022-03-11,712.0,731.8,660.3,683.0,268524,32714
2022-03-14,679.0,696.6,667.7,683.5,169075,29467
2022-03-15,674.4,675.6,618.0,628.1,221398,28067
2022-03-16,624.7,641.0,606.1,632.9,199261,27374
2022-03-17,629.0,635.7,604.7,619.4,140686,23523
2022-03-18,639.7,679.6,638.5,676.0,86749,18284
2022-03-21,660.5,684.9,653.2,676.1,184351,28359
2022-03-22,683.9,722.7,682.2,713.0,194842,31434
2022-03-23,704.3,712.5,690.3,699.1,226205,30722
2022-03-24,722.2,747.7,720.1,723.0,221178,31388
2022-03-25,731.2,733.8,709.5,722.6,218040,31079
2022-03-28,706.5,734.8,698.4,704.9,266981,27798
2022-03-29,697.6,697.6,673.3,677.8,245505,28431
2022-03-30,642.0,690.9,638.0,690.7,269101,27135
2022-03-31,695.0,701.5,661.1,675.1,216920,25559
2022-04-01,664.1,681.6,647.4,648.7,233864,23017
2022-04-06,663.2,680.8,660.5,677.1,57806,24393
2022-04-07,680.0,680.7,623.3,628.7,246482,28556
2022-04-08,626.7,632.0,602.4,625.6,228548,29833
2022-04-11,627.5,641.1,615.1,624.6,180592,27027
2022-04-12,610.0,636.8,606.8,635.4,176433,27307
2022-04-13,637.4,655.9,635.8,650.5,146729,25592
2022-04-14,662.2,675.0,652.7,666.0,135255,23878
2022-04-15,662.9,693.7,661.1,690.2,115528,21941
2022-04-18,693.0,704.7,683.4,695.7,60501,19421
2022-04-19,698.2,711.8,693.3,695.9,154448,35010
2022-04-20,684.9,687.0,665.0,676.6,226790,32685
2022-04-21,676.6,684.2,658.6,682.4,227251,32179
2022-04-22,675.8,693.4,665.5,674.0,233243,32082
2022-04-25,676.0,677.0,631.1,635.2,225190,30877
2022-04-26,630.0,648.1,619.0,642.1,216816,27309
2022-04-27,644.1,666.4,643.2,664.7,231518,26676
2022-04-28,656.9,662.1,639.3,652.8,228410,25187
2022-04-29,655.3,682.5,653.4,673.4,188675,22387
2022-05-05,690.0,698.8,686.6,693.1,42569,23251
2022-05-06,700.6,713.0,683.1,697.7,197279,23684
2022-05-09,701.5,716.4,692.3,702.7,210253,23787
2022-05-10,695.0,702.3,646.8,657.4,244782,22657
2022-05-11,661.0,667.5,641.5,661.2,230761,22691
2022-05-12,664.0,688.6,663.1,678.7,206364,20288
2022-05-13,678.0,703.0,676.1,690.6,169960,18970
2022-05-16,706.9,716.7,696.5,702.5,142445,18162
2022-05-17,708.1,734.5,705.4,729.9,124835,16655
2022-05-18,729.3,732.6,707.6,711.7,95093,11876
2022-05-19,711.4,714.0,682.1,694.4,260010,32677
2022-05-20,668.0,703.9,667.0,697.9,266582,32912
2022-05-23,700.4,709.1,690.2,706.0,210143,34102
2022-05-24,706.0,706.0,684.1,685.8,216242,34778
2022-05-25,696.1,713.2,692.5,709.4,213439,35794
2022-05-26,710.0,716.8,701.4,714.9,178375,36309
2022-05-27,716.1,742.7,713.4,730.3,175685,38352
2022-05-30,728.0,744.2,724.0,734.8,163744,36974
2022-05-31,736.3,760.2,734.0,757.2,122116,36731
2022-06-01,758.5,763.5,725.1,734.9,228051,33749
2022-06-02,736.0,744.6,710.0,714.5,203933,30233
2022-06-06,756.1,757.8,743.0,750.2,52101,31614
2022-06-07,744.9,755.6,741.2,753.9,138492,32627
2022-06-08,748.9,759.7,742.0,758.0,156158,33252
2022-06-09,762.8,783.4,757.2,770.1,164810,34291
2022-06-10,770.0,775.9,761.2,767.9,133797,32396
2022-06-13,770.5,771.0,747.1,753.5,199441,30633
2022-06-14,757.0,778.3,748.2,774.8,197103,30975
2022-06-15,780.0,787.2,756.1,758.0,180194,28403
2022-06-16,757.9,760.3,740.8,745.4,168045,24071
2022-06-17,733.9,738.9,717.0,738.0,146111,17438
2022-06-20,732.4,733.7,687.0,692.9,302822,36648
2022-06-21,692.9,714.3,690.0,708.2,166119,35636
2022-06-22,712.0,721.2,682.9,683.9,234871,39152
2022-06-23,676.0,703.3,672.5,694.4,284977,40444
2022-06-24,698.6,706.2,670.2,675.1,292048,41656
2022-06-27,690.5,703.7,676.3,700.5,258983,39533
2022-06-28,702.1,729.0,693.3,727.6,231393,37218
2022-06-29,728.7,736.2,719.7,727.7,219041,32812
2022-06-30,743.3,747.6,720.4,720.6,201127,29260
2022-07-01,722.1,724.1,693.9,696.6,242361,28440
2022-07-04,716.4,719.2,702.8,716.9,207050,31372
2022-07-05,723.9,736.6,719.1,723.0,138248,33871
2022-07-06,714.4,714.7,658.1,676.0,377837,34498
2022-07-07,673.8,673.8,631.7,642.3,334794,33967
2022-07-08,651.4,685.7,651.2,678.1,258762,30686
2022-07-11,681.0,695.7,677.9,680.3,244690,30454
2022-07-12,669.6,689.3,667.7,677.4,208966,29350
2022-07-13,663.8,667.4,639.6,658.5,217457,26727
2022-07-14,646.4,659.3,641.9,650.3,189891,24691
2022-07-15,647.3,655.9,621.0,648.0,202787,22682
2022-07-18,665.0,683.1,655.3,683.0,127407,15300
2022-07-19,660.0,672.4,659.5,663.1,210653,50389
2022-07-20,652.4,672.8,646.1,662.2,256974,52505
2022-07-21,660.1,669.6,656.0,659.7,218898,53574
2022-07-22,646.0,660.7,643.2,659.9,259257,53878
2022-07-25,647.0,664.2,637.2,639.6,263672,52738
2022-07-26,652.9,681.5,648.0,678.5,216500,54265
2022-07-27,679.2,682.7,652.3,659.9,214878,48352
2022-07-28,663.3,691.8,654.6,690.7,231351,46081
2022-07-29,691.2,691.3,675.7,686.6,213163,41643
2022-08-01,695.7,711.7,687.3,692.1,205426,36729
2022-08-02,680.2,681.4,663.4,681.0,238704,32378
2022-08-03,680.1,689.9,675.3,677.8,203495,31801
2022-08-04,692.8,692.8,655.0,657.7,215806,31642
2022-08-05,660.1,660.2,643.6,653.0,155469,31275
2022-08-08,646.0,668.3,642.3,665.2,165875,28455
2022-08-09,654.9,675.4,653.0,671.3,131645,27586
2022-08-10,682.0,684.4,671.4,675.5,119162,25893
2022-08-11,678.4,693.6,666.2,691.1,139603,25211
2022-08-12,698.9,705.0,691.0,703.6,92911,24585
2022-08-15,696.6,700.7,691.0,697.2,95033,21560
2022-08-16,673.5,691.6,672.0,687.6,72892,18029
2022-08-17,662.9,670.3,654.2,663.4,145434,39577
2022-08-18,661.4,682.2,660.2,679.1,168414,44106
2022-08-19,688.5,703.6,684.8,692.7,165545,47423
2022-08-22,689.6,709.6,689.2,699.3,156505,47340
2022-08-23,702.0,713.5,686.0,712.8,184052,47431
2022-08-24,715.0,734.8,711.5,734.1,162110,51209
2022-08-25,734.0,752.4,730.1,745.2,200661,48421
2022-08-26,744.5,750.8,732.1,740.0,151652,44563
2022-08-29,732.5,736.3,719.6,729.5,185577,41819
2022-08-30,733.1,747.4,729.7,736.7,130185,42524
2022-08-31,723.0,728.0,712.6,716.5,144205,37870
2022-09-01,701.8,714.4,695.4,698.9,148602,34808
2022-09-02,694.1,702.0,688.8,695.4,136378,33748
2022-09-05,701.5,704.9,687.2,703.9,135887,32923
2022-09-06,709.7,715.4,699.0,703.5,92500,32023
2022-09-07,692.6,699.0,680.0,684.1,120851,29007
2022-09-08,686.8,686.8,663.1,664.9,132491,25490
2022-09-09,665.7,675.0,661.1,672.0,105443,18446
2022-09-13,699.0,725.4,688.6,703.9,33978,8123
2022-09-14,644.9,653.6,636.7,646.5,162182,36786
2022-09-15,649.0,680.3,647.4,675.9,189650,39617
2022-09-16,671.0,672.6,661.5,663.5,148784,37385
2022-09-19,661.3,662.6,634.1,634.7,179200,38120
2022-09-20,624.8,645.4,623.5,642.1,132815,36116
2022-09-21,643.3,660.8,633.6,660.0,172332,36030
2022-09-22,655.9,660.8,640.3,652.1,163377,33859
2022-09-23,660.6,664.8,649.1,651.1,143426,34278
2022-09-26,640.4,641.3,607.1,610.3,174453,36910
2022-09-27,616.3,623.3,602.3,608.8,146265,34803
2022-09-28,610.8,620.5,605.0,608.5,145423,33218
2022-09-29,620.5,637.8,616.9,630.9,128869,28137
2022-09-30,636.1,638.0,626.0,634.4,106564,23436
2022-10-10,705.0,705.9,694.1,701.9,40468,21845
2022-10-11,701.7,709.5,693.5,695.3,81203,21281
2022-10-12,692.7,694.5,679.5,690.9,76277,20048
2022-10-13,685.7,689.5,679.6,685.3,68910,19032
2022-10-14,679.7,694.7,678.6,690.1,63913,15860
2022-10-17,677.5,678.8,665.9,671.0,114703,29106
2022-10-18,671.9,677.6,663.0,675.7,108433,30533
2022-10-19,671.8,673.0,655.7,662.6,140660,30213
2022-10-20,667.4,676.9,660.6,672.4,144985,33675
2022-10-21,672.0,680.2,663.0,664.0,135036,31988
2022-10-24,664.0,681.7,662.8,666.2,150797,31405
2022-10-25,661.9,677.2,661.7,673.1,138481,32076
2022-10-26,672.5,679.5,665.7,666.7,120391,31169
2022-10-27,674.2,686.2,671.8,678.9,132871,31520
2022-10-28,686.4,692.8,684.1,684.6,108944,32414
2022-10-31,686.9,690.4,676.6,679.8,121496,27186
2022-11-01,677.6,696.1,674.8,692.4,123793,28574
2022-11-02,696.8,703.1,690.2,698.5,92078,30311
2022-11-03,694.7,703.1,687.9,701.8,100952,31711
2022-11-04,698.4,711.9,693.5,710.5,99869,31539
2022-11-07,718.0,722.5,711.0,714.9,85884,31685
2022-11-08,718.0,721.5,712.1,714.7,77234,29797
2022-11-09,714.0,714.4,684.7,689.9,104123,24668
2022-11-10,683.9,688.0,666.8,670.7,91335,23699
2022-11-11,668.1,681.7,667.8,677.2,104577,21338
2022-11-14,680.5,684.6,661.6,665.1,90000,18584
2022-11-15,663.0,670.3,644.4,649.7,62488,16176
2022-11-16,644.7,648.7,637.2,640.2,120185,36096
2022-11-17,643.6,645.2,624.8,628.9,123145,40086
2022-11-18,625.3,629.6,615.8,618.1,131671,41746
2022-11-21,609.7,611.1,592.7,600.2,175826,44884
2022-11-22,600.2,602.4,571.1,593.5,202001,45900
2022-11-23,600.5,607.1,594.5,597.0,120610,44662
2022-11-24,586.0,586.4,569.2,570.1,163488,49334
2022-11-25,571.2,576.7,567.4,572.6,113261,46919
2022-11-28,578.7,579.7,540.8,548.2,156381,44971
2022-11-29,544.8,585.3,543.5,573.6,171353,38211
2022-11-30,576.7,580.3,562.3,570.6,149955,36550
2022-12-01,576.5,585.3,570.3,572.0,125430,35569
2022-12-02,579.5,586.4,566.0,572.5,127140,34604
2022-12-05,575.3,580.9,555.6,558.6,155965,35105
2022-12-06,569.0,574.6,536.7,544.2,163826,33121
2022-12-07,536.0,538.3,513.3,515.0,173994,30868
2022-12-08,518.7,525.4,502.1,511.7,176450,28012
2022-12-09,518.6,519.0,495.6,501.0,163639,23214
2022-12-12,501.8,508.7,495.0,499.3,83837,12260
2022-12-13,503.9,528.5,501.4,527.4,201066,44871
2022-12-14,525.8,534.5,522.4,529.4,170471,43973
2022-12-15,531.5,543.0,531.1,536.9,153268,40450
2022-12-16,540.8,543.2,529.5,536.2,175222,39609
2022-12-19,529.2,539.9,518.6,533.5,190648,36435
2022-12-20,533.5,544.3,530.3,535.7,148353,35048
2022-12-21,535.8,543.2,527.9,542.3,143531,35052
2022-12-22,550.2,552.9,544.2,546.4,115488,34674
2022-12-23,552.1,554.5,540.1,544.4,127914,34126
2022-12-26,549.8,566.0,549.4,559.4,113580,34215
2022-12-27,559.0,568.9,555.7,566.4,63122,32283
2022-12-28,564.4,571.6,559.6,559.7,98327,31209
2022-12-29,560.0,562.4,547.5,552.2,106694,27967
2022-12-30,553.6,563.0,546.9,562.8,104157,24285
2023-01-03,568.2,571.5,563.3,567.1,29554,19216
2023-01-04,562.1,563.0,533.6,538.0,57189,10648
2023-01-05,530.0,534.2,522.5,524.1,143079,36733
2023-01-06,526.9,531.8,519.4,528.8,143323,36664
2023-01-09,523.5,534.1,522.0,526.3,145187,36737
2023-01-10,534.0,534.8,519.1,522.1,124944,38502
2023-01-11,525.5,528.2,517.1,519.8,132225,39089
2023-01-12,525.0,536.4,523.6,530.8,148651,38061
2023-01-13,535.6,539.8,530.8,538.0,133595,38796
2023-01-16,538.5,545.3,536.7,542.3,112955,35671
2023-01-17,543.9,550.6,538.9,547.3,92113,33014
2023-01-18,553.0,566.1,552.9,563.5,107287,30256
2023-01-19,568.2,568.2,544.1,549.3,106186,25953
2023-01-20,551.3,564.5,549.5,563.9,94329,23212
2023-01-30,562.0,563.7,550.0,552.4,29861,22809
2023-01-31,554.9,557.0,539.6,540.5,99183,22771
2023-02-01,539.2,554.1,538.1,551.4,81967,21961
2023-02-02,551.5,553.7,531.7,534.2,108105,22421
2023-02-03,531.7,538.8,525.3,531.9,109375,22800
2023-02-06,532.9,545.8,515.4,518.6,147318,24262
2023-02-07,522.0,532.9,513.8,530.3,114848,22967
2023-02-08,529.2,545.3,527.1,544.6,102355,22347
2023-02-09,546.0,556.8,543.9,554.8,90668,19332
2023-02-10,552.8,556.3,546.6,554.0,85904,15648
2023-02-13,565.0,567.8,557.0,563.0,66578,12677
2023-02-14,559.9,568.9,556.9,566.9,115083,33799
2023-02-15,565.1,566.3,552.9,562.3,149425,33795
2023-02-16,562.1,575.2,555.8,574.2,143508,35845
2023-02-17,571.5,574.6,563.2,564.3,117885,35442
2023-02-20,557.8,558.6,547.4,556.6,155136,35298
2023-02-21,557.7,559.5,546.5,548.0,108280,37293
2023-02-22,550.1,553.5,542.4,546.0,149224,35856
2023-02-23,546.2,551.2,533.8,534.9,142040,39034
2023-02-24,539.5,552.9,537.6,551.9,137993,35262
2023-02-27,551.1,555.3,541.5,547.9,157155,30485
2023-02-28,548.5,549.0,542.0,548.2,113646,29050
2023-03-01,551.8,559.8,551.7,557.6,109880,30820
2023-03-02,552.7,562.0,549.0,559.0,135838,30537
2023-03-03,562.0,569.6,561.0,568.3,99499,30338
2023-03-06,568.1,575.2,555.3,570.6,146784,30309
2023-03-07,568.4,589.7,568.0,582.8,106989,32084
2023-03-08,580.3,580.9,563.6,564.7,139616,30287
2023-03-09,563.7,565.2,556.7,560.7,122331,30060
2023-03-10,560.2,568.2,545.4,546.0,138094,32483
2023-03-13,546.9,558.3,545.1,552.6,151469,29579
2023-03-14,522.3,544.8,522.2,529.5,155340,28201
2023-03-15,528.5,536.6,517.5,522.6,142152,28183
2023-03-16,506.3,507.8,485.2,493.8,189747,25192
2023-03-17,493.6,505.2,483.2,498.5,133987,21370
2023-03-20,497.0,502.9,480.6,481.5,268331,54567
2023-03-21,491.0,497.5,485.4,492.8,239170,53664
2023-03-22,499.9,505.4,498.1,503.5,186406,51179
2023-03-23,507.0,513.3,502.1,507.0,186045,46534
2023-03-24,509.0,515.6,500.5,508.0,189666,43012
2023-03-27,497.0,507.8,494.0,507.7,211047,44245
2023-03-28,510.1,522.6,509.2,519.7,155048,38543
2023-03-29,519.7,527.5,517.6,526.2,136532,35259
2023-03-30,528.8,530.2,519.3,523.3,154668,33156
2023-03-31,525.0,529.8,521.5,527.4,128679,32585
2023-04-03,529.2,572.7,527.6,569.7,167776,32259
2023-04-04,573.8,583.7,570.0,583.4,124832,29304
2023-04-06,580.0,585.7,577.4,584.2,36211,28070
2023-04-07,585.4,593.6,581.4,592.0,102563,27497
2023-04-10,592.0,595.3,585.3,587.9,56885,25782
2023-04-11,582.0,590.5,580.9,588.6,84712,24326
2023-04-12,585.0,596.3,583.8,593.8,78427,23252
2023-04-13,596.9,606.5,594.4,601.0,81029,20357
2023-04-14,600.3,602.5,592.0,596.2,63761,17086
2023-04-17,596.9,602.8,592.4,601.3,48270,13544
2023-04-18,590.1,591.9,580.5,587.1,125631,33882
2023-04-19,582.4,588.3,578.3,580.8,132831,34252
2023-04-20,576.4,576.7,564.7,567.0,155160,35254
2023-04-21,564.1,565.6,554.1,554.2,142993,32638
2023-04-24,558.4,564.4,553.0,553.9,131135,30550
2023-04-25,556.2,571.0,554.8,567.9,123376,29940
2023-04-26,563.6,564.6,549.3,556.9,152278,25216
2023-04-27,549.1,550.1,524.5,526.1,169283,30827
2023-04-28,525.9,532.3,523.8,531.7,130659,25644
2023-05-04,488.0,499.2,488.0,496.9,55392,28465
2023-05-05,494.0,497.8,485.3,495.1,142121,31999
2023-05-08,500.3,514.0,499.8,513.9,120936,31724
2023-05-09,518.0,523.3,515.0,515.6,91175,28910
2023-05-10,516.0,524.5,508.4,519.4,121994,27766
2023-05-11,523.1,523.8,505.2,513.0,137222,28223
2023-05-12,505.7,508.2,494.5,494.8,134261,28481
2023-05-15,501.8,506.3,489.7,494.4,131400,26139
2023-05-16,497.2,510.3,497.2,503.6,82244,20653
2023-05-17,505.6,511.2,496.9,498.0,72466,16486
2023-05-18,506.8,520.5,506.0,518.0,168648,38442
2023-05-19,514.9,525.8,512.4,523.9,154783,40406
2023-05-22,529.0,529.6,505.7,507.0,181386,40109
2023-05-23,511.5,520.0,509.8,515.5,146257,37001
2023-05-24,522.7,529.4,518.3,527.0,122708,36007
2023-05-25,528.4,534.7,523.2,531.5,144900,33033
2023-05-26,526.9,527.2,513.3,521.9,153732,30376
2023-05-29,525.5,535.6,524.5,532.1,125189,27747
2023-05-30,526.0,538.6,522.7,529.7,90852,26886
2023-05-31,520.6,521.4,502.7,503.9,148615,29434
2023-06-01,491.5,506.9,489.9,505.9,143677,29362
2023-06-02,502.8,518.8,497.8,518.3,141943,28539
2023-06-05,523.2,530.0,517.9,527.8,131352,27140
2023-06-06,532.0,532.4,523.2,525.0,131848,26515
2023-06-07,521.8,528.3,518.2,523.7,124563,27987
2023-06-08,531.0,537.2,527.8,535.6,112035,28733
2023-06-09,537.6,538.1,514.7,525.5,174376,26904
2023-06-12,529.8,533.4,513.8,514.5,130611,28016
2023-06-13,506.7,510.8,501.5,507.9,119427,26860
2023-06-14,515.0,524.7,514.0,524.4,83262,23133
2023-06-15,526.5,527.9,512.5,516.0,87466,19560
2023-06-16,520.0,531.8,519.4,531.1,131950,28550
2023-06-19,534.3,535.3,525.0,529.9,142107,27689
2023-06-20,535.0,538.2,531.1,534.8,96381,27606
2023-06-21,532.7,554.8,527.8,551.2,203331,29787
2023-06-26,543.1,546.1,535.7,543.3,46544,28596
2023-06-27,540.0,546.3,536.6,543.2,122037,26605
2023-06-28,536.0,541.5,530.3,534.0,141623,27332
2023-06-29,531.9,545.1,530.0,542.6,143196,25971
2023-06-30,542.8,549.4,540.2,546.1,127943,26528
2023-07-03,549.6,555.5,547.4,550.6,107108,26655
2023-07-04,556.1,557.0,546.5,549.0,128267,26938
2023-07-05,553.7,556.6,551.1,553.0,84514,26538
2023-07-06,555.5,561.4,553.9,557.9,119658,26919
2023-07-07,555.8,563.8,549.7,560.8,144662,27276
2023-07-10,560.0,570.6,555.7,567.2,117129,28435
2023-07-11,566.0,571.9,565.1,567.6,102699,27832
2023-07-12,568.6,578.3,568.0,574.3,101429,26967
2023-07-13,577.4,580.9,575.5,580.0,98419,24586
2023-07-14,578.4,591.5,576.3,586.5,97919,21562
2023-07-17,587.5,588.2,574.8,576.7,75383,19060
2023-07-18,573.2,577.9,570.9,573.6,136176,40003
2023-07-19,573.7,584.7,573.4,584.0,150647,42705
2023-07-20,587.3,594.4,582.0,583.7,170738,40655
2023-07-21,584.7,589.6,576.8,588.8,174451,41693
2023-07-24,591.0,592.5,585.1,589.6,147832,40195
2023-07-25,595.5,603.1,592.1,601.5,154301,43463
2023-07-26,598.2,606.2,596.0,602.7,136968,41890
2023-07-27,599.9,606.7,599.1,603.2,156766,40245
2023-07-28,606.3,610.2,602.6,607.4,178659,40904
2023-07-31,608.4,612.1,602.4,610.8,174456,40135
2023-08-01,614.6,621.3,613.8,619.5,136304,41694
2023-08-02,618.0,627.6,615.6,625.0,149916,40395
2023-08-03,623.9,624.1,605.4,605.5,195458,33616
2023-08-04,612.0,624.2,610.5,622.1,159984,35232
2023-08-07,623.2,632.2,620.1,628.7,146552,37540
2023-08-08,625.8,628.5,621.1,621.4,121615,34352
2023-08-09,614.6,633.8,614.6,631.3,155055,36001
2023-08-10,636.6,642.8,633.2,640.2,151652,37525
2023-08-11,637.8,642.6,635.0,642.2,140154,35661
2023-08-14,647.4,673.6,644.0,656.7,211880,30838
2023-08-15,655.9,665.7,651.9,662.9,127967,27618
2023-08-16,656.0,661.2,652.4,654.2,103464,23623
2023-08-17,658.0,661.0,649.2,654.4,81869,19426
2023-08-18,639.8,643.7,636.3,638.7,117187,35553
2023-08-21,634.0,655.8,630.5,652.9,214602,39893
2023-08-22,654.1,654.6,639.5,640.1,140193,38675
2023-08-23,640.0,643.2,632.6,633.1,153434,38061
2023-08-24,627.0,630.6,618.4,623.1,184375,35649
2023-08-25,623.1,636.1,619.4,632.1,165408,33929
2023-08-28,636.0,640.7,625.8,637.1,189455,34280
2023-08-29,636.0,642.5,632.3,633.8,137758,32007
2023-08-30,637.9,645.4,630.0,644.5,147918,32571
2023-08-31,642.9,647.0,640.6,643.4,128111,30724
2023-09-01,649.6,655.5,644.1,654.1,133192,32944
2023-09-04,659.6,671.9,657.6,664.8,150426,32778
2023-09-05,664.7,672.4,662.4,670.2,86878,31766
2023-09-06,669.3,696.7,668.6,686.6,164838,32169
2023-09-07,686.0,698.8,682.4,691.7,142437,32026
2023-09-08,691.6,700.8,687.2,690.6,148294,31936
2023-09-11,697.3,703.2,685.4,686.4,168919,30600
2023-09-12,688.0,699.3,687.5,696.4,123058,28776
2023-09-13,702.2,712.5,702.2,707.9,97029,26985
2023-09-14,708.5,730.0,704.0,728.3,162649,22803
2023-09-15,735.0,758.0,730.4,735.8,112222,17272
2023-09-18,733.0,750.2,721.2,743.7,51228,9200
2023-09-19,705.8,708.5,693.3,699.6,138277,37851
2023-09-20,704.5,705.9,688.0,690.7,160745,37562
2023-09-21,691.7,699.5,683.9,685.2,154675,36838
2023-09-22,692.3,700.5,692.1,695.7,164831,35444
2023-09-25,700.3,701.5,684.4,692.2,193801,34468
2023-09-26,687.8,690.8,681.4,682.3,156135,31371
2023-09-27,684.6,708.7,683.1,701.3,147352,29634
2023-09-28,709.3,723.9,706.1,717.0,142313,28001
2023-10-09,668.5,689.0,653.0,656.8,71287,25471
2023-10-10,658.1,665.5,654.4,657.2,127860,23246
2023-10-11,659.9,663.1,651.5,662.4,128902,22861
2023-10-12,653.7,660.7,643.9,648.4,152394,20506
2023-10-13,658.0,660.7,645.1,656.7,146780,17891
2023-10-16,677.3,689.3,666.8,678.3,130556,15065
2023-10-17,682.8,682.8,668.4,674.2,98748,13767
2023-10-18,674.5,694.0,670.5,688.1,93053,10610
2023-10-19,681.2,688.3,678.8,683.4,147328,28738
2023-10-20,681.0,700.7,677.0,695.8,178372,32243
2023-10-23,698.6,699.4,682.6,685.6,172123,30869
2023-10-24,687.7,689.3,670.6,677.2,192011,29108
2023-10-25,676.4,676.5,660.0,661.4,187600,31337
2023-10-26,665.2,678.0,656.5,668.4,234521,29092
2023-10-27,659.8,670.8,656.6,670.0,197140,27699
2023-10-30,668.8,675.7,661.0,667.2,229563,25670
2023-10-31,665.5,666.0,649.1,653.8,200197,29626
2023-11-01,652.7,659.1,644.3,646.5,211653,29368
2023-11-02,655.5,657.6,641.5,649.0,195583,29159
2023-11-03,647.8,658.6,641.6,656.8,202328,27035
2023-11-06,660.1,661.0,641.0,645.8,233980,28086
2023-11-07,647.0,650.0,621.9,623.0,229693,29989
2023-11-08,618.8,621.2,601.9,607.9,204687,29789
2023-11-09,600.0,605.2,588.6,594.6,238224,30039
2023-11-10,596.4,604.6,592.1,596.6,181991,28778
2023-11-13,599.9,607.4,590.5,594.7,168088,27366
2023-11-14,599.0,607.8,596.8,604.7,121809,23792
2023-11-15,601.9,611.1,597.8,603.1,131730,19753
2023-11-16,600.0,601.0,582.7,588.6,136726,18146
2023-11-17,586.1,590.0,556.4,562.2,146098,14038
2023-11-20,570.6,587.6,569.0,586.7,213948,41801
2023-11-21,591.5,596.4,586.3,587.5,175958,41189
2023-11-22,588.4,595.8,584.8,591.2,212846,40430
2023-11-23,580.0,584.7,563.2,579.0,267460,40280
2023-11-24,579.0,584.7,572.2,583.6,185597,40426
2023-11-27,583.4,587.6,567.6,571.5,212988,40666
2023-11-28,572.5,579.2,566.6,571.2,211225,39095
2023-11-29,574.6,584.4,570.1,578.6,197861,35986
2023-11-30,588.6,590.8,574.1,589.4,247629,33714
2023-12-01,592.0,598.8,566.1,569.7,320353,36235
2023-12-04,571.9,579.4,549.2,553.2,252903,37727
2023-12-05,552.7,565.1,550.3,555.1,232415,34477
2023-12-06,554.0,562.3,546.6,554.1,241029,33694
2023-12-07,549.3,549.4,529.6,535.4,206523,36192
2023-12-08,536.6,558.4,536.3,548.5,255490,29631
2023-12-11,549.7,556.5,546.0,556.1,173958,28503
2023-12-12,551.8,555.6,543.5,554.6,162462,27136
2023-12-13,548.0,548.1,519.7,521.1,176577,27720
2023-12-14,527.0,534.3,524.5,529.6,130888,20876
2023-12-15,537.0,547.4,536.3,543.9,74458,17294
2023-12-18,549.5,552.6,537.5,552.1,208988,35175
2023-12-19,552.8,564.6,551.7,555.8,192060,35086
2023-12-20,553.0,564.1,552.9,563.0,172180,36796
2023-12-21,568.0,571.7,559.7,565.0,212287,36855
2023-12-22,559.0,569.4,551.0,566.6,231374,35078
2023-12-25,566.5,569.7,540.8,553.7,240761,35005
2023-12-26,553.8,562.7,552.5,558.9,112420,33828
2023-12-27,562.5,576.6,562.2,574.8,185793,33874
2023-12-28,572.0,573.5,561.9,564.3,200599,31079
2023-12-29,558.7,558.8,542.0,542.7,213612,31928
2024-01-02,544.0,556.5,544.0,555.7,52295,30105
2024-01-03,557.0,562.0,535.6,538.6,201184,32725
2024-01-04,543.8,561.4,540.3,560.1,189938,32004
2024-01-05,560.7,561.7,543.4,552.7,216914,30881
2024-01-08,554.4,562.7,549.2,550.2,204984,31009
2024-01-09,543.4,544.1,533.5,540.0,193381,28372
2024-01-10,552.9,558.3,546.4,558.1,195162,27341
2024-01-11,561.6,566.0,553.0,556.7,181810,25212
2024-01-12,564.2,576.5,558.0,570.0,186614,25343
2024-01-15,577.9,579.1,553.9,555.6,191012,25575
2024-01-16,546.0,556.9,544.6,556.1,120611,20885
2024-01-17,560.0,563.6,549.8,552.5,128959,18966
2024-01-18,545.8,556.6,543.9,555.8,101839,15121
2024-01-19,558.1,566.8,551.6,566.3,199105,30001
2024-01-22,562.8,569.0,557.2,559.9,224449,28139
2024-01-23,562.2,573.3,562.0,570.9,172861,31219
2024-01-24,567.5,572.0,562.1,569.6,218987,28883
2024-01-25,567.0,576.8,566.4,572.4,225172,30914
2024-01-26,574.4,591.1,573.3,588.4,206661,34162
2024-01-29,587.5,599.5,583.6,596.5,232052,30617
2024-01-30,594.5,594.8,585.3,586.1,210821,30439
2024-01-31,580.5,588.8,575.5,585.3,214968,26795
2024-02-01,581.0,585.3,574.8,575.7,265894,25672
2024-02-02,578.1,582.2,560.7,562.7,288718,23911
2024-02-05,560.0,561.2,552.7,556.1,229565,23153
2024-02-06,554.4,560.3,551.4,559.5,175535,19398
2024-02-07,562.3,565.2,557.2,561.8,141099,14791
2024-02-08,564.9,572.8,563.4,572.4,108100,10661
2024-02-19,589.8,597.0,589.8,595.0,16436,4796
2024-02-20,604.0,606.2,601.9,603.8,92005,27419
2024-02-21,598.7,603.7,594.3,595.6,174911,27261
2024-02-22,594.3,601.9,593.7,601.1,176267,30434
2024-02-23,598.7,607.6,596.7,603.7,160646,30495
2024-02-26,598.8,602.9,591.3,593.4,178995,27712
2024-02-27,592.4,602.6,592.1,602.1,120455,30576
2024-02-28,600.0,609.8,599.6,606.8,116403,35033
2024-02-29,605.0,614.1,604.5,606.0,160766,31297
2024-03-01,607.0,610.8,603.4,606.1,170151,30657
2024-03-04,614.6,626.2,611.9,619.0,173404,34546
2024-03-05,618.1,621.6,609.8,610.2,139699,31453
2024-03-06,608.0,613.6,603.5,609.2,201620,29596
2024-03-07,611.2,619.2,611.0,613.3,146004,29971
2024-03-08,611.0,618.0,608.2,617.8,162906,32642
2024-03-11,610.6,615.4,604.0,608.4,187378,28320
2024-03-12,609.3,622.7,607.4,621.6,156136,30897
2024-03-13,618.6,623.4,618.0,622.2,131399,28242
2024-03-14,631.6,634.3,625.6,631.9,106412,27821
2024-03-15,636.8,655.7,634.8,644.6,133847,25087
2024-03-18,642.8,644.2,630.6,631.7,100305,20255
2024-03-19,630.3,637.0,626.1,634.5,40683,12147
2024-03-20,634.1,641.3,633.5,637.2,111482,39083
2024-03-21,631.8,635.5,628.5,633.3,143521,38085
2024-03-22,631.0,632.2,623.7,627.4,123711,35130
2024-03-25,632.0,635.4,627.7,629.0,131447,34103
2024-03-26,628.5,639.9,628.4,634.3,124269,34827
2024-03-27,636.3,637.6,626.1,626.9,127408,30181
2024-03-28,628.0,637.5,627.6,634.8,119807,29966
2024-03-29,640.2,649.2,639.4,645.5,104991,29878
2024-04-01,645.3,647.5,641.8,645.9,51715,27735
2024-04-02,644.9,651.7,640.6,650.3,118681,28958
2024-04-03,655.0,660.9,650.6,660.9,121401,27741
2024-04-08,660.0,666.4,650.3,660.7,56993,26796
2024-04-09,664.0,671.9,659.4,667.3,138969,27090
2024-04-10,665.2,668.7,658.1,662.5,103087,25265
2024-04-11,664.7,673.0,658.4,668.5,128693,24513
2024-04-12,664.0,673.5,662.8,669.7,97660,22596
2024-04-15,675.6,682.8,660.8,663.5,99235,19513
2024-04-16,661.6,671.0,656.5,667.4,64860,15781
2024-04-17,661.3,667.1,659.6,661.6,87930,35210
2024-04-18,657.6,660.2,641.8,642.4,143139,34908
2024-04-19,643.5,670.5,638.5,651.7,213683,35659
2024-04-22,641.6,648.4,632.5,633.2,156936,34169
2024-04-23,634.7,642.9,631.5,637.8,116141,32679
2024-04-24,632.0,651.9,630.1,651.2,119665,32048
2024-04-25,650.1,653.7,647.0,650.3,114863,30679
2024-04-26,648.2,655.4,642.1,653.3,119604,28984
2024-04-29,655.9,658.0,646.4,647.9,99542,25310
2024-04-30,649.8,652.3,642.6,645.8,80950,20916
2024-05-06,615.9,619.9,611.0,619.4,39380,22088
2024-05-07,618.3,620.8,612.7,617.8,84866,21728
2024-05-08,613.3,620.9,610.5,611.3,89338,23057
2024-05-09,611.1,618.5,609.5,617.0,77995,22182
2024-05-10,618.8,624.8,615.6,624.6,77649,21020
2024-05-13,623.3,623.7,608.7,615.0,77332,21534
2024-05-14,618.5,620.9,615.8,618.0,55311,20154
2024-05-15,613.9,617.4,609.4,614.4,82542,17829
2024-05-16,610.0,615.7,600.8,614.7,77713,15425
2024-05-17,616.0,620.5,613.0,620.5,49670,12056
2024-05-20,618.4,623.8,613.4,622.9,94832,35730
2024-05-21,617.3,623.6,611.9,612.6,127521,36661
2024-05-22,608.9,617.3,604.6,605.6,122491,37940
2024-05-23,605.2,610.2,596.8,602.5,120095,35158
2024-05-24,609.9,611.1,596.1,599.0,119974,36497
2024-05-27,600.3,608.0,598.6,606.8,95421,34601
2024-05-28,609.2,613.3,608.6,610.5,68721,31182
2024-05-29,614.5,622.3,612.2,619.7,90866,28264
2024-05-30,619.5,621.6,611.2,611.5,91017,27069
2024-05-31,611.0,613.7,599.3,602.8,119718,26757
2024-06-03,607.5,607.8,592.5,595.8,114952,27160
2024-06-04,595.5,596.5,571.0,571.9,146285,30120
2024-06-05,570.3,573.3,566.5,570.3,108285,31229
2024-06-06,574.5,579.3,568.7,577.0,100378,29917
2024-06-07,574.8,587.7,574.4,583.9,90435,27095
2024-06-11,598.8,599.0,595.1,597.6,31495,24790
2024-06-12,597.8,606.4,595.9,605.3,75497,24087
2024-06-13,610.4,611.1,601.9,604.5,82978,21849
2024-06-14,604.9,610.6,601.7,602.8,78949,19878
2024-06-17,610.0,611.0,600.5,602.0,70459,16247
2024-06-18,606.1,617.9,604.7,613.5,34099,10756
2024-06-19,609.0,618.2,608.8,614.7,86119,27282
2024-06-20,619.2,620.8,615.1,617.9,77047,27704
2024-06-21,620.9,623.5,617.6,617.6,89968,28933
2024-06-24,619.1,624.1,613.4,617.4,105365,28099
2024-06-25,617.0,625.2,614.6,622.1,84975,27987
2024-06-26,620.2,623.8,615.5,620.3,80913,25910
2024-06-27,619.0,623.4,614.1,618.3,122461,24473
2024-06-28,623.7,628.6,620.5,628.3,107859,26686
2024-07-01,626.8,627.4,619.3,626.9,92905,24952
2024-07-02,626.2,634.7,623.5,634.0,90912,28226
2024-07-03,638.2,639.0,631.1,636.3,88173,27531
2024-07-04,635.3,639.7,629.7,633.3,95820,26667
2024-07-05,634.0,639.1,633.7,635.5,70925,28170
2024-07-08,637.2,641.1,627.7,628.0,88718,27153
2024-07-09,628.5,629.7,624.5,626.2,64823,26344
2024-07-10,624.4,626.7,612.8,614.5,93995,25113
2024-07-11,616.2,627.8,614.5,625.3,87964,24487
2024-07-12,622.7,624.2,616.5,623.3,76767,24312
2024-07-15,623.7,624.4,613.7,619.0,75013,24588
2024-07-16,619.9,620.5,611.5,612.8,60382,22751
2024-07-17,605.9,611.7,604.3,606.5,53386,20059
2024-07-18,611.0,619.2,609.7,618.6,86366,29975
2024-07-19,612.6,616.0,609.1,611.2,98355,29327
2024-07-22,613.9,614.4,594.5,597.4,133262,33069
2024-07-23,591.9,597.3,590.3,593.1,81899,31226
2024-07-24,588.6,592.7,583.5,588.7,108787,27120
2024-07-25,591.2,592.7,583.2,585.5,111033,26333
2024-07-26,582.0,594.6,578.2,592.9,123766,25268
2024-07-29,588.7,590.5,579.5,586.7,133504,23783
2024-07-30,585.0,588.6,573.6,573.9,111349,24093
2024-07-31,572.0,581.2,569.6,580.4,112459,21902
2024-08-01,586.0,594.0,580.9,593.1,107984,21891
2024-08-02,593.7,594.6,579.2,581.7,108712,22024
2024-08-05,567.8,569.7,542.7,546.9,174281,28933
2024-08-06,544.2,557.6,541.1,548.0,129859,27493
2024-08-07,540.8,550.7,540.3,545.0,128206,29120
2024-08-08,555.0,559.6,551.0,552.4,116524,24892
2024-08-09,556.7,564.9,554.5,561.4,90723,22951
2024-08-12,562.5,568.6,558.6,568.1,78770,22115
2024-08-13,570.8,584.0,569.0,579.7,80478,20980
2024-08-14,579.0,585.8,571.0,574.3,102302,21499
2024-08-15,574.3,575.7,565.0,567.9,80170,19104
2024-08-16,569.9,578.1,569.9,571.7,54687,16480
2024-08-19,563.3,567.9,557.4,560.2,54949,13630
2024-08-20,560.6,563.9,545.0,547.7,127146,29473
2024-08-21,549.7,554.6,542.9,547.4,130721,28345
2024-08-22,548.4,552.3,534.6,537.8,145603,31134
2024-08-23,541.5,547.3,539.2,545.3,112486,29453
2024-08-26,551.4,562.8,550.1,562.7,103094,26050
2024-08-27,570.9,572.2,566.1,570.4,87464,24455
2024-08-28,566.6,567.6,557.7,559.3,97408,23242
2024-08-29,555.1,556.9,549.6,550.1,114208,23871
2024-08-30,554.0,561.5,553.0,558.9,128574,19042
2024-09-02,556.8,556.8,538.6,540.6,137884,22799
2024-09-03,543.8,551.9,543.2,550.1,88900,20242
2024-09-04,538.0,538.3,520.7,522.8,130648,24409
2024-09-05,526.0,528.7,518.8,521.4,128610,24346
2024-09-06,523.6,528.4,515.8,522.1,144467,23130
2024-09-09,520.1,524.1,502.6,512.6,171834,22342
2024-09-10,510.4,516.6,504.3,510.2,126733,21119
2024-09-11,510.9,513.6,492.2,503.1,163916,17258
2024-09-12,504.9,513.1,494.0,512.5,145558,14827
2024-09-13,511.2,518.8,507.1,513.1,96946,10492
2024-09-18,523.6,523.6,513.2,513.6,17337,5746
2024-09-19,516.2,522.7,511.6,522.7,150589,33738
2024-09-20,526.1,527.5,520.4,523.1,129530,32742
2024-09-23,520.9,527.4,518.2,525.1,126691,32528
2024-09-24,523.6,529.4,515.4,527.4,172409,30731
2024-09-25,529.5,536.1,526.8,535.0,151947,32269
2024-09-26,530.9,541.2,516.0,523.2,225797,28048
2024-09-27,523.0,530.5,515.2,524.4,170635,23250
2024-09-30,521.8,544.0,518.5,543.5,152214,20968
2024-10-08,580.1,580.1,580.1,580.1,2336,19816
2024-10-09,563.6,566.2,544.8,551.6,63767,18484
2024-10-10,557.4,559.7,546.4,556.7,143632,23272
2024-10-11,561.9,577.9,558.4,570.4,142454,23524
2024-10-14,571.0,587.5,564.4,566.5,155561,19618
2024-10-15,561.5,571.4,540.1,546.5,126534,19310
2024-10-16,544.0,545.5,535.4,536.9,106089,17384
2024-10-17,538.4,541.8,533.0,534.0,74335,14825
2024-10-18,534.0,538.1,526.9,537.4,126870,26864
2024-10-21,532.6,533.4,522.6,527.9,163214,27932
2024-10-22,532.9,537.4,530.4,532.8,129231,26833
2024-10-23,538.3,548.8,536.4,544.7,148979,27157
2024-10-24,540.0,546.9,537.7,543.6,136098,27005
2024-10-25,541.0,544.4,532.0,537.4,121572,28142
2024-10-28,541.8,548.0,520.6,523.8,162206,29032
2024-10-29,514.0,519.1,511.7,512.1,118139,31294
2024-10-30,517.6,518.2,510.6,516.5,124948,27111
2024-10-31,520.2,524.4,516.5,523.6,118357,24426
2024-11-01,524.9,535.2,522.1,532.6,120228,22483
2024-11-04,534.9,535.9,526.2,531.9,108126,20889
2024-11-05,535.9,538.9,532.5,536.0,102444,21196
2024-11-06,539.8,542.8,527.0,532.7,112086,21366
2024-11-07,530.4,547.1,526.3,542.7,157514,22524
2024-11-08,535.9,543.0,533.5,538.1,135286,20479
2024-11-11,533.9,538.7,528.5,533.3,117885,19944
2024-11-12,522.2,525.0,519.4,521.5,92388,21019
2024-11-13,524.6,528.8,522.9,525.2,93238,17602
2024-11-14,526.0,527.6,516.2,523.5,105385,15940
2024-11-15,528.6,533.0,519.7,520.3,78960,14480
2024-11-18,525.0,526.3,515.0,518.6,64644,11954
2024-11-19,515.1,529.8,513.4,528.6,129119,28995
2024-11-20,526.3,531.3,523.6,528.6,133528,27401
2024-11-21,532.0,533.5,526.7,528.6,115604,25377
2024-11-22,534.6,540.9,532.3,538.0,133254,26586
2024-11-25,535.6,546.0,531.8,539.1,130868,25283
2024-11-26,541.3,541.8,525.7,528.9,147926,22256
2024-11-27,530.1,537.4,524.1,530.0,142804,20671
2024-11-28,532.6,532.6,523.8,526.7,118810,18995
2024-11-29,529.6,531.2,525.9,530.4,90213,17521
2024-12-02,531.8,534.6,523.6,530.9,123475,17493
2024-12-03,532.9,534.0,526.1,531.0,107890,17758
2024-12-04,536.6,541.3,533.0,540.5,101168,20620
2024-12-05,539.1,542.3,528.5,529.5,107830,18106
2024-12-06,530.3,532.5,524.8,526.0,90187,18034
2024-12-09,522.0,526.5,518.6,526.5,90731,18601
2024-12-10,528.9,532.3,524.9,526.7,76880,16284
2024-12-11,527.3,533.3,526.8,532.9,66345,17340
2024-12-12,535.2,545.0,533.1,543.0,80367,18330
2024-12-13,543.5,546.8,536.6,546.0,89317,20161
2024-12-16,547.1,552.9,544.2,549.6,62333,19173
2024-12-17,547.4,550.6,546.5,549.7,34624,15997
2024-12-18,541.3,543.4,537.2,540.8,91873,29925
2024-12-19,544.9,549.0,540.1,543.4,95719,31079
2024-12-20,543.4,546.9,536.2,537.6,107963,30990
2024-12-23,538.4,543.5,533.7,542.3,103421,30971
2024-12-24,538.2,542.5,535.5,540.7,83612,29181
2024-12-25,542.2,549.6,541.2,547.5,80975,33439
2024-12-26,548.8,549.0,545.7,546.8,38190,32963
2024-12-27,548.7,551.6,543.3,544.9,99660,30169
2024-12-30,549.2,552.4,547.3,549.8,95785,30218
2024-12-31,551.2,562.1,550.6,559.9,107317,31391
2025-01-02,563.0,566.7,559.4,560.7,32063,29562
2025-01-03,566.5,574.3,565.3,572.1,96574,32260
2025-01-06,572.5,582.4,570.8,577.0,89272,29887
2025-01-07,581.1,585.0,575.5,580.7,112019,30120
2025-01-08,584.4,594.8,583.0,589.1,107511,31130
2025-01-09,589.5,590.6,576.1,580.5,101596,27615
2025-01-10,581.7,589.5,581.0,588.3,71720,25079
2025-01-13,591.0,614.9,590.4,614.9,109638,29569
2025-01-14,616.0,616.3,605.5,609.2,93263,31339
2025-01-15,610.9,628.1,608.8,626.7,172492,39124
2025-01-16,626.5,639.5,624.4,633.9,194800,37642
2025-01-17,628.0,634.6,623.5,631.8,180274,37704
2025-01-20,628.5,630.2,619.7,622.0,168015,35852
2025-01-21,625.0,627.4,614.5,620.7,175373,36683
2025-01-22,614.7,622.0,612.3,618.3,136363,37232
2025-01-23,620.5,622.9,607.1,609.0,151903,33361
2025-01-24,613.9,617.4,602.9,605.5,141388,28938
2025-01-27,608.5,609.7,596.5,602.4,115726,22139
2025-02-05,597.9,606.6,592.6,605.5,49864,25571
2025-02-06,599.5,601.5,594.5,599.1,90020,24594
2025-02-07,599.5,604.0,593.7,603.8,117925,25268
2025-02-10,603.5,614.2,599.8,607.0,112033,24498
2025-02-11,609.7,621.4,608.9,619.8,83534,26043
2025-02-12,625.0,625.4,617.9,620.8,68019,24557
2025-02-13,588.0,589.2,564.2,565.2,61818,24898
2025-02-14,563.5,569.3,563.2,567.5,37396,26176
2025-02-17,570.1,571.0,557.3,557.9,63192,30149
2025-02-18,557.0,563.5,556.1,561.8,61882,31433
2025-02-19,559.9,566.0,558.3,565.4,98503,32519
2025-02-20,566.4,571.6,561.9,564.0,92646,34102
2025-02-21,566.8,568.4,559.8,562.0,83665,33089
2025-02-24,559.6,561.5,543.3,545.9,113067,35616
2025-02-25,546.0,552.6,544.6,551.7,83150,32455
2025-02-26,545.0,547.4,535.3,539.1,113090,31794
2025-02-27,536.9,539.6,533.6,537.2,105012,30448
2025-02-28,540.8,546.9,538.6,540.0,100897,26931
2025-03-03,537.4,545.1,535.2,538.6,97978,27444
2025-03-04,540.4,541.0,519.3,521.3,122559,28163
2025-03-05,514.5,519.4,512.8,518.5,121045,27201
2025-03-06,513.0,515.0,502.3,509.6,140979,27674
2025-03-07,509.9,512.9,507.6,512.5,109610,25905
2025-03-10,519.0,525.5,516.0,520.8,126226,23729
2025-03-11,524.8,525.4,507.4,516.5,101088,23605
2025-03-12,520.0,520.7,514.2,515.1,93314,22041
2025-03-13,516.5,522.7,516.1,519.7,43286,23826
2025-03-14,518.2,519.2,512.4,519.2,61503,25192
2025-03-17,518.2,528.5,512.4,523.4,73656,27586
2025-03-18,525.0,526.7,520.3,526.2,80382,30048
2025-03-19,528.6,528.8,515.0,516.2,112886,33118
2025-03-20,518.1,527.3,517.8,527.1,114895,32608
2025-03-21,524.8,537.4,522.6,534.5,143923,33286
2025-03-24,533.2,536.7,530.3,534.4,105476,32461
2025-03-25,535.0,540.1,533.4,538.3,104318,31764
2025-03-26,541.5,542.7,535.1,541.8,104965,32010
2025-03-27,543.8,545.9,540.7,540.7,100852,30335
2025-03-28,542.6,545.0,537.5,542.3,110549,29420
2025-03-31,544.0,544.1,532.6,537.5,124692,25018
2025-04-01,540.2,556.7,538.8,556.1,118614,28499
2025-04-02,555.4,558.5,551.3,552.2,93023,26731
2025-04-03,550.5,556.4,540.9,542.0,117384,23044
2025-04-07,510.1,510.1,510.1,510.1,771,22612
2025-04-08,486.7,494.3,473.2,478.6,246352,19593
2025-04-09,477.2,482.6,447.9,458.1,217111,19011
2025-04-10,444.5,488.6,444.0,478.4,143097,20474
2025-04-11,465.4,475.0,459.5,472.5,103749,20738
2025-04-14,468.0,476.1,464.4,474.0,75684,21544
2025-04-15,480.0,480.8,471.1,476.8,83255,21654
2025-04-16,472.3,477.3,463.5,467.2,111052,26795
2025-04-17,476.2,487.8,473.9,482.7,149939,27079
2025-04-18,487.0,496.8,484.1,490.7,165162,28654
2025-04-21,489.9,493.7,484.5,489.2,89503,29738
2025-04-22,486.3,494.9,482.1,494.0,159937,31108
2025-04-23,495.0,506.0,492.4,503.8,161586,29526
2025-04-24,496.0,498.5,484.3,493.4,200840,28111
2025-04-25,493.6,498.1,489.4,496.1,150921,27428
2025-04-28,489.0,500.8,486.7,498.0,166600,27708
2025-04-29,495.7,496.0,480.3,483.6,137568,26227
2025-04-30,480.1,481.7,469.0,471.1,128314,22867
2025-05-06,455.3,460.5,455.0,458.9,59247,23637
2025-05-07,461.0,469.5,460.5,468.2,106678,21739
2025-05-08,464.1,465.1,457.4,461.0,113932,21747
2025-05-09,452.1,463.3,452.1,462.4,42532,24405
2025-05-12,465.6,473.1,460.3,472.6,52249,23477
2025-05-13,480.0,480.6,468.1,470.5,52260,24340
2025-05-14,475.1,483.5,472.4,479.3,61758,24856
2025-05-15,477.8,480.8,460.2,460.7,81461,26762
2025-05-16,462.5,465.0,456.1,456.2,95791,30281
2025-05-19,459.7,464.5,457.5,462.8,111464,30835
2025-05-20,464.6,468.0,461.4,465.4,129178,30310
2025-05-21,464.6,475.6,462.1,470.1,155010,29076
2025-05-22,470.1,470.5,452.3,453.7,161053,30906
2025-05-23,454.0,456.9,452.3,452.8,126299,33430
2025-05-26,451.7,460.1,449.5,459.7,156979,31330
2025-05-27,458.5,460.3,454.4,458.3,111919,29488
2025-05-28,456.0,457.4,449.4,453.0,136370,28965
2025-05-29,457.6,468.1,456.6,467.1,180346,26374
2025-05-30,459.5,459.9,447.5,447.9,161097,27305
2025-06-03,462.8,468.7,461.3,462.5,64117,22683
2025-06-04,466.0,470.7,463.8,468.2,109921,23116
2025-06-05,466.7,469.8,460.5,463.7,134999,20707
2025-06-06,468.0,470.2,464.7,466.1,109196,21135
2025-06-09,468.8,476.8,467.7,474.3,120628,22536
2025-06-10,478.2,482.4,474.8,479.8,92412,22829
2025-06-11,481.1,485.0,476.9,478.1,101043,21387
2025-06-12,486.6,500.7,484.7,495.7,139341,22711
2025-06-13,492.9,535.2,490.8,529.9,165385,19611
2025-06-16,530.4,536.7,520.1,532.9,131524,29864
2025-06-17,518.0,531.8,508.3,524.9,182080,33094
2025-06-18,533.4,556.3,530.2,552.7,315667,38030
2025-06-19,554.5,571.0,546.1,570.9,479375,41225
2025-06-20,570.9,582.9,560.6,566.6,455538,41211
2025-06-23,562.8,588.6,557.8,574.5,422702,43660
2025-06-24,566.9,572.1,518.6,518.6,526467,42731
2025-06-25,513.0,516.8,500.2,508.6,303969,35409
2025-06-26,506.7,511.6,498.6,502.9,283709,35444
2025-06-27,501.0,506.5,496.5,498.5,210677,31946
2025-06-30,498.6,502.4,488.2,496.7,238738,30055
2025-07-01,498.0,500.2,492.8,499.4,141645,30335
2025-07-02,503.1,503.8,495.6,498.2,137513,29708
2025-07-03,501.6,509.4,499.0,506.3,179412,27063
2025-07-04,508.3,509.2,502.4,503.5,135161,25655
2025-07-07,501.6,505.6,493.6,502.3,133485,26345
2025-07-08,505.5,513.8,505.4,510.7,151790,24526
2025-07-09,513.0,521.0,511.7,519.7,128915,24507
2025-07-10,519.7,523.6,517.6,522.5,113989,23431
2025-07-11,519.0,519.7,511.1,513.9,129173,20068
2025-07-14,506.1,515.3,505.5,513.0,48322,24552
2025-07-15,515.4,516.0,504.5,506.1,57385,26153
2025-07-16,508.0,509.2,504.8,507.9,52146,28091
2025-07-17,503.0,508.5,499.3,505.4,77721,30501
2025-07-18,506.7,518.2,505.3,515.8,103875,35773
2025-07-21,517.7,520.4,511.3,512.3,150393,38281
2025-07-22,511.6,512.1,501.6,504.3,143753,36584
2025-07-23,503.2,509.1,501.2,503.7,128828,36294
2025-07-24,502.0,511.0,500.0,508.9,123664,38719
2025-07-25,509.0,513.1,503.1,512.9,152592,39971
2025-07-28,513.4,513.7,501.0,505.9,117652,37812
2025-07-29,510.3,517.5,509.8,515.0,126393,38672
2025-07-30,518.1,530.7,517.6,528.6,136653,37673
2025-07-31,529.7,535.9,529.2,531.3,107487,35066
2025-08-01,529.6,532.6,524.5,527.9,119348,32526
2025-08-04,527.6,527.7,509.7,514.3,145837,28232
2025-08-05,502.7,513.2,502.2,508.8,107222,28256
2025-08-06,504.5,506.3,501.0,505.9,110664,30722
2025-08-07,508.4,510.9,497.5,501.0,147561,31576
2025-08-08,500.5,501.0,488.6,489.8,97489,32724
2025-08-11,494.5,497.5,488.1,489.4,135666,29970
2025-08-12,495.4,496.6,492.3,495.2,80612,26528
2025-08-13,490.0,492.3,488.2,490.6,40926,30917
2025-08-14,490.6,490.7,482.8,485.5,61943,33455
2025-08-15,487.0,490.9,485.4,488.1,57157,32519
2025-08-18,486.4,488.2,480.5,486.5,110520,34937
2025-08-19,487.9,490.4,480.9,484.2,117329,36350
2025-08-20,482.2,484.7,479.0,482.8,114618,37855
2025-08-21,483.9,491.0,483.2,490.9,116216,36440
2025-08-22,488.7,494.6,487.1,493.6,109851,37322
2025-08-25,494.0,495.8,491.1,492.9,102824,37424
2025-08-26,494.5,500.8,494.0,496.1,95625,37040
2025-08-27,491.7,493.3,478.0,479.7,125394,39460
2025-08-28,482.5,483.6,478.4,481.7,93352,35837
2025-08-29,483.4,486.8,479.8,485.2,98280,31928
2025-09-01,487.0,487.2,479.3,483.5,81087,32147
2025-09-02,487.0,492.5,487.0,490.4,79803,30151
2025-09-03,487.7,496.0,486.4,493.2,90876,28983
2025-09-04,487.0,487.7,479.9,481.0,117976,27643
2025-09-05,480.2,484.8,478.5,482.0,88629,25244
2025-09-08,475.6,491.4,468.8,490.5,130328,24608
2025-09-09,490.5,492.6,479.3,482.8,111072,24849
2025-09-10,483.0,489.4,481.9,486.2,103341,23689
2025-09-11,485.1,492.8,485.1,489.2,88071,21916
2025-09-12,485.0,485.4,475.7,476.7,44262,26745
2025-09-15,488.5,491.3,484.7,489.3,51752,25870
2025-09-16,489.1,496.5,488.4,494.0,49598,27657
2025-09-17,499.5,502.5,496.3,499.3,95493,34848
2025-09-18,498.3,500.5,491.7,491.8,95903,33886
2025-09-19,496.0,496.8,484.1,487.0,108898,33781
2025-09-22,485.2,487.4,481.8,483.0,96133,35314
2025-09-23,476.6,478.7,471.6,473.1,102117,37823
2025-09-24,479.2,485.3,478.5,482.3,90734,33039
2025-09-25,486.3,491.3,485.8,490.6,82583,32112
2025-09-26,489.1,493.1,485.2,491.3,88721,29079
2025-09-29,492.1,499.2,490.0,492.6,95916,27883
2025-09-30,487.6,487.7,476.7,479.7,82293,24643
2025-10-09,470.9,472.5,465.8,471.0,44433,26214
2025-10-10,471.0,472.1,461.6,461.9,67796,28500
2025-10-13,455.5,457.3,444.5,453.7,130018,25613
2025-10-14,451.7,456.1,447.6,449.6,43565,30951
2025-10-15,443.3,448.3,442.2,446.0,48540,34417
2025-10-16,449.6,449.8,441.6,445.9,51519,35705
2025-10-17,444.0,445.6,433.0,435.0,89404,40343
2025-10-20,438.6,441.9,435.5,435.8,92978,44145
2025-10-21,435.0,440.2,431.8,437.7,97283,44704
2025-10-22,441.4,452.0,434.0,447.2,176213,46980
2025-10-23,446.5,463.7,445.8,459.7,151649,43154
2025-10-24,464.0,471.3,462.5,464.9,162707,41065
2025-10-27,467.1,470.6,465.7,468.9,109341,39325
2025-10-28,467.7,469.3,462.5,462.7,101862,36126
2025-10-29,458.5,463.2,455.0,462.6,120627,32997
2025-10-30,461.5,466.1,458.0,458.9,108667,31505
2025-10-31,458.4,463.2,456.3,458.7,80193,29622
2025-11-03,462.6,469.7,460.3,467.9,124085,30457
2025-11-04,464.7,468.4,462.9,463.5,78050,29025
2025-11-05,460.5,465.6,459.0,463.7,81798,27156
2025-11-06,462.3,465.8,456.0,460.4,92739,27991
2025-11-07,461.5,461.5,452.9,460.6,100853,26307
2025-11-10,459.5,463.9,457.3,461.8,92380,25681
2025-11-11,463.0,464.0,460.0,461.3,25838,28058
2025-11-12,465.0,472.2,464.9,469.1,35302,30259
2025-11-13,466.9,467.0,450.0,452.9,74343,34266
2025-11-14,455.5,465.1,454.3,459.5,69725,34038
2025-11-17,459.4,464.8,458.2,459.2,60902,37714
2025-11-18,462.8,466.2,457.8,458.8,77617,38629
2025-11-19,462.0,469.4,458.5,464.5,112595,41058
2025-11-20,456.0,458.4,451.8,455.5,119095,39074
2025-11-21,459.1,460.4,445.6,447.4,141488,41969
2025-11-24,449.1,449.5,442.5,447.9,108095,41574
2025-11-25,447.9,450.6,443.3,448.6,86242,40610
2025-11-26,442.1,446.8,438.8,445.0,116740,38698
2025-11-27,442.8,448.1,442.8,447.6,77681,36011
2025-11-28,450.2,455.0,448.1,453.9,65822,33652
2025-12-01,451.9,458.4,449.5,455.7,74267,33224
2025-12-02,452.0,456.0,450.1,453.8,65837,31766
2025-12-03,452.2,452.8,444.6,448.1,89287,31517
2025-12-04,451.5,453.3,448.7,452.6,66483,29819
2025-12-05,452.5,456.8,449.5,453.7,66819,29337
2025-12-08,453.7,459.2,452.3,457.6,67558,29341
2025-12-09,451.6,453.3,444.4,446.1,74986,29784
2025-12-10,447.4,447.8,442.3,443.7,53544,29090
2025-12-11,444.7,445.8,438.2,439.7,66170,28139
2025-12-12,437.8,440.4,433.5,437.6,60520,26445
2025-12-15,436.6,438.5,435.0,437.3,32989,31767
2025-12-16,434.5,436.9,428.6,430.6,48483,34553
2025-12-17,427.0,428.4,419.6,426.7,94714,39057
2025-12-18,427.3,432.5,425.1,429.4,82779,39043
2025-12-19,426.8,430.3,424.8,426.6,71483,40686
2025-12-22,428.9,438.3,428.2,437.9,81884,39797
2025-12-23,441.4,445.5,439.7,440.9,79792,36910
2025-12-24,442.9,444.8,439.7,444.7,65801,36678
2025-12-25,444.0,444.5,440.9,442.7,45862,34826
2025-12-26,442.5,447.6,440.2,441.8,46549,32823
2025-12-29,441.5,441.8,431.9,434.8,73241,32180
2025-12-30,439.7,441.1,434.9,436.1,66125,30384
2025-12-31,438.5,439.6,428.4,432.2,51990,29568
2026-01-05,436.0,436.3,421.5,421.7,44486,34239
2026-01-06,427.5,429.9,425.0,428.2,68944,31596
2026-01-07,430.5,437.3,411.0,416.3,110999,32970
2026-01-08,421.4,422.5,414.1,416.2,70283,33068
2026-01-09,419.8,433.9,419.3,432.7,85331,29929
2026-01-12,431.7,440.1,429.8,437.5,86570,25051
2026-01-13,436.6,446.7,433.3,446.7,51190,33792
