ts_code,M0_code,trade_date,pre_close,pre_settle,open,high,low,close,settle,vol,amount,oi
RS.ZCE,RS1507.ZCE,2015-01-05,4051.5267397685784,4047.897965259157,4068.7634186883283,4069.6706123156832,4051.5267397685784,4051.5267397685784,4063.3202569241967,6.0,26.87,66.0
RS.ZCE,RS1509.ZCE,2015-01-06,4058.8350179913855,4051.5267397685784,4202.259978113971,4202.259978113971,3947.38377509358,4058.8350179913855,4069.797435325596,6.0,26.73,6.0
RS.ZCE,RS1509.ZCE,2015-01-07,4074.3651092148502,4069.797435325596,4019.5530225437983,4074.3651092148502,4019.5530225437983,4074.3651092148502,4046.959065879324,4.0,17.72,6.0
RS.ZCE,RS1509.ZCE,2015-01-08,4074.3651092148502,4046.959065879324,,,,,4046.959065879324,0.0,0.0,6.0
RS.ZCE,RS1509.ZCE,2015-01-09,,4046.959065879324,,,,,4046.959065879324,0.0,0.0,6.0
RS.ZCE,RS1509.ZCE,2015-01-12,4109.992965551034,4046.959065879324,4109.992965551034,4109.992965551034,4109.992965551034,4109.992965551034,4109.992965551034,2.0,9.0,4.0
RS.ZCE,RS1509.ZCE,2015-01-13,4109.992965551034,4109.992965551034,,,,,4109.992965551034,0.0,0.0,4.0
RS.ZCE,RS1509.ZCE,2015-01-14,,4109.992965551034,,,,,4109.992965551034,0.0,0.0,4.0
RS.ZCE,RS1509.ZCE,2015-01-15,4165.718586999937,4109.992965551034,4165.718586999937,4165.718586999937,4165.718586999937,4165.718586999937,4165.718586999937,2.0,9.12,6.0
RS.ZCE,RS1509.ZCE,2015-01-16,4165.718586999937,4165.718586999937,,,,,4165.718586999937,0.0,0.0,6.0
RS.ZCE,RS1509.ZCE,2015-01-19,,4165.718586999937,,,,,4165.718586999937,0.0,0.0,6.0
RS.ZCE,RS1509.ZCE,2015-01-20,,4165.718586999937,,,,,4165.718586999937,0.0,0.0,6.0
RS.ZCE,RS1509.ZCE,2015-01-21,,4165.718586999937,,,,,4156.583239221428,0.0,0.0,6.0
RS.ZCE,RS1509.ZCE,2015-01-22,,4156.583239221428,,,,,4156.583239221428,0.0,0.0,6.0
RS.ZCE,RS1509.ZCE,2015-01-23,,4156.583239221428,,,,,4156.583239221428,0.0,0.0,6.0
RS.ZCE,RS1509.ZCE,2015-01-26,,4156.583239221428,,,,,4156.583239221428,0.0,0.0,6.0
RS.ZCE,RS1509.ZCE,2015-01-27,,4156.583239221428,,,,,4156.583239221428,0.0,0.0,6.0
RS.ZCE,RS1509.ZCE,2015-01-28,,4156.583239221428,,,,,4156.583239221428,0.0,0.0,6.0
RS.ZCE,RS1509.ZCE,2015-01-29,4037.8237181008153,4156.583239221428,4174.853934778445,4174.853934778445,4037.8237181008153,4037.8237181008153,4106.33882643963,4.0,17.98,8.0
RS.ZCE,RS1509.ZCE,2015-01-30,4037.8237181008153,4106.33882643963,,,,,4106.33882643963,0.0,0.0,8.0
RS.ZCE,RS1509.ZCE,2015-02-02,,4106.33882643963,,,,,4106.33882643963,0.0,0.0,8.0
RS.ZCE,RS1509.ZCE,2015-02-03,4033.256044211561,4106.33882643963,4033.256044211561,4033.256044211561,4033.256044211561,4033.256044211561,4033.256044211561,2.0,8.83,8.0
RS.ZCE,RS1509.ZCE,2015-02-04,4001.282326986781,4033.256044211561,4001.282326986781,4001.282326986781,4001.282326986781,4001.282326986781,4001.282326986781,2.0,8.76,8.0
RS.ZCE,RS1509.ZCE,2015-02-05,4106.33882643963,4001.282326986781,4162.064447888533,4162.064447888533,4019.5530225437983,4106.33882643963,4126.4365915523495,38.0,171.66,8.0
RS.ZCE,RS1509.ZCE,2015-02-06,4046.959065879324,4126.4365915523495,4046.959065879324,4046.959065879324,4046.959065879324,4046.959065879324,4046.959065879324,2.0,8.86,8.0
RS.ZCE,RS1509.ZCE,2015-02-09,4046.959065879324,4046.959065879324,,,,,4046.959065879324,0.0,0.0,8.0
RS.ZCE,RS1509.ZCE,2015-02-10,,4046.959065879324,,,,,4046.959065879324,0.0,0.0,8.0
RS.ZCE,RS1509.ZCE,2015-02-11,4137.399008886559,4046.959065879324,4193.124630335462,4201.34644333612,4075.278643992701,4137.399008886559,4141.966682775814,14.0,63.48,10.0
RS.ZCE,RS1509.ZCE,2015-02-12,4137.399008886559,4141.966682775814,,,,,4141.966682775814,0.0,0.0,10.0
RS.ZCE,RS1509.ZCE,2015-02-13,4183.989282556953,4141.966682775814,4183.989282556953,4183.989282556953,4183.989282556953,4183.989282556953,4183.989282556953,2.0,9.16,8.0
RS.ZCE,RS1509.ZCE,2015-02-16,4183.989282556953,4183.989282556953,,,,,4326.500707901689,0.0,0.0,8.0
RS.ZCE,RS1509.ZCE,2015-02-17,,4326.500707901689,,,,,4326.500707901689,0.0,0.0,8.0
RS.ZCE,RS1509.ZCE,2015-02-25,,4326.500707901689,,,,,4326.500707901689,0.0,0.0,8.0
RS.ZCE,RS1509.ZCE,2015-02-26,4341.117264347302,4326.500707901689,4152.929100110025,4448.914368133704,4152.929100110025,4341.117264347302,4297.26759501046,18.0,84.68,6.0
RS.ZCE,RS1509.ZCE,2015-02-27,4282.651038564847,4297.26759501046,4282.651038564847,4282.651038564847,4282.651038564847,4282.651038564847,4282.651038564847,2.0,9.38,4.0
RS.ZCE,RS1509.ZCE,2015-03-02,4430.643672576687,4282.651038564847,4430.643672576687,4430.643672576687,4430.643672576687,4430.643672576687,4430.643672576687,2.0,9.7,4.0
RS.ZCE,RS1509.ZCE,2015-03-03,4430.643672576687,4430.643672576687,,,,,4430.643672576687,0.0,0.0,4.0
RS.ZCE,RS1509.ZCE,2015-03-04,,4430.643672576687,,,,,4430.643672576687,0.0,0.0,4.0
RS.ZCE,RS1511.ZCE,2015-03-05,,4320.97427474063,,,,,4389.407978990329,0.0,0.0,0.0
RS.ZCE,RS1511.ZCE,2015-03-06,,4389.407978990329,,,,,4321.851629923318,0.0,0.0,0.0
RS.ZCE,RS1511.ZCE,2015-03-09,,4321.851629923318,,,,,4156.908855577889,0.0,0.0,0.0
RS.ZCE,RS1511.ZCE,2015-03-10,,4156.908855577889,,,,,4156.908855577889,0.0,0.0,0.0
RS.ZCE,RS1511.ZCE,2015-03-11,,4156.908855577889,,,,,4156.908855577889,0.0,0.0,0.0
RS.ZCE,RS1511.ZCE,2015-03-12,,4156.908855577889,,,,,4290.266843346533,0.0,0.0,0.0
RS.ZCE,RS1511.ZCE,2015-03-13,,4290.266843346533,,,,,4310.446012548368,0.0,0.0,0.0
RS.ZCE,RS1511.ZCE,2015-03-16,,4310.446012548368,,,,,4298.16303999073,0.0,0.0,0.0
RS.ZCE,RS1511.ZCE,2015-03-17,,4298.16303999073,,,,,4157.786210760577,0.0,0.0,0.0
RS.ZCE,RS1511.ZCE,2015-03-18,,4157.786210760577,,,,,4157.786210760577,0.0,0.0,0.0
RS.ZCE,RS1511.ZCE,2015-03-19,,4157.786210760577,,,,,4157.786210760577,0.0,0.0,0.0
RS.ZCE,RS1511.ZCE,2015-03-20,,4157.786210760577,,,,,4183.229511058543,0.0,0.0,0.0
RS.ZCE,RS1511.ZCE,2015-03-23,,4183.229511058543,,,,,4183.229511058543,0.0,0.0,0.0
RS.ZCE,RS1511.ZCE,2015-03-24,,4183.229511058543,,,,,4178.8427351451,0.0,0.0,0.0
RS.ZCE,RS1511.ZCE,2015-03-25,,4178.8427351451,,,,,4174.455959231658,0.0,0.0,0.0
RS.ZCE,RS1511.ZCE,2015-03-26,,4174.455959231658,,,,,4174.455959231658,0.0,0.0,0.0
RS.ZCE,RS1511.ZCE,2015-03-27,,4174.455959231658,,,,,4074.4374684051745,0.0,0.0,0.0
RS.ZCE,RS1511.ZCE,2015-03-30,,4074.4374684051745,,,,,4069.1733373090437,0.0,0.0,0.0
RS.ZCE,RS1511.ZCE,2015-03-31,,4069.1733373090437,,,,,4134.974976010678,0.0,0.0,0.0
RS.ZCE,RS1511.ZCE,2015-04-01,,4134.974976010678,,,,,4182.352155875854,0.0,0.0,0.0
RS.ZCE,RS1511.ZCE,2015-04-02,,4182.352155875854,,,,,4101.635479068516,0.0,0.0,0.0
RS.ZCE,RS1511.ZCE,2015-04-03,,4101.635479068516,,,,,4101.635479068516,0.0,0.0,0.0
RS.ZCE,RS1511.ZCE,2015-04-07,,4101.635479068516,,,,,4075.314823587863,0.0,0.0,0.0
RS.ZCE,RS1511.ZCE,2015-04-08,,4075.314823587863,,,,,4146.380593385627,0.0,0.0,0.0
RS.ZCE,RS1511.ZCE,2015-04-09,,4146.380593385627,,,,,4174.455959231658,0.0,0.0,0.0
RS.ZCE,RS1511.ZCE,2015-04-10,,4174.455959231658,,,,,4174.455959231658,0.0,0.0,0.0
RS.ZCE,RS1511.ZCE,2015-04-13,4323.606340288695,4174.455959231658,4334.134602480956,4334.134602480956,4033.201774818817,4323.606340288695,4230.606690923719,6.0,28.93,0.0
RS.ZCE,RS1511.ZCE,2015-04-14,4323.606340288695,4230.606690923719,,,,,4230.606690923719,0.0,0.0,0.0
RS.ZCE,RS1511.ZCE,2015-04-15,,4230.606690923719,,,,,4184.106866241231,0.0,0.0,0.0
RS.ZCE,RS1511.ZCE,2015-04-16,,4184.106866241231,,,,,4184.106866241231,0.0,0.0,0.0
RS.ZCE,RS1511.ZCE,2015-04-17,,4184.106866241231,,,,,4184.106866241231,0.0,0.0,0.0
RS.ZCE,RS1511.ZCE,2015-04-20,,4184.106866241231,,,,,4184.106866241231,0.0,0.0,0.0
RS.ZCE,RS1511.ZCE,2015-04-21,,4184.106866241231,,,,,4195.51248361618,0.0,0.0,0.0
RS.ZCE,RS1511.ZCE,2015-04-22,,4195.51248361618,,,,,4195.51248361618,0.0,0.0,0.0
RS.ZCE,RS1511.ZCE,2015-04-23,,4195.51248361618,,,,,4188.493642154674,0.0,0.0,0.0
RS.ZCE,RS1511.ZCE,2015-04-24,,4188.493642154674,,,,,4227.974625375654,0.0,0.0,0.0
RS.ZCE,RS1511.ZCE,2015-04-27,,4227.974625375654,,,,,4227.974625375654,0.0,0.0,0.0
RS.ZCE,RS1511.ZCE,2015-04-28,,4227.974625375654,,,,,4227.974625375654,0.0,0.0,0.0
RS.ZCE,RS1511.ZCE,2015-04-29,,4227.974625375654,,,,,4227.974625375654,0.0,0.0,0.0
RS.ZCE,RS1511.ZCE,2015-04-30,,4227.974625375654,,,,,4227.974625375654,0.0,0.0,0.0
RS.ZCE,RS1511.ZCE,2015-05-04,,4227.974625375654,,,,,4186.738931789297,0.0,0.0,0.0
RS.ZCE,RS1511.ZCE,2015-05-05,,4186.738931789297,,,,,4298.16303999073,0.0,0.0,0.0
RS.ZCE,RS1511.ZCE,2015-05-06,,4298.16303999073,,,,,4343.785509490529,0.0,0.0,0.0
RS.ZCE,RS1511.ZCE,2015-05-07,,4343.785509490529,,,,,4323.606340288695,0.0,0.0,0.0
RS.ZCE,RS1511.ZCE,2015-05-08,,4323.606340288695,,,,,4317.464854009876,0.0,0.0,0.0
RS.ZCE,RS1511.ZCE,2015-05-11,,4317.464854009876,,,,,4317.464854009876,0.0,0.0,0.0
RS.ZCE,RS1511.ZCE,2015-05-12,,4317.464854009876,,,,,4317.464854009876,0.0,0.0,0.0
RS.ZCE,RS1511.ZCE,2015-05-13,,4317.464854009876,,,,,4218.32371836608,0.0,0.0,0.0
RS.ZCE,RS1511.ZCE,2015-05-14,,4218.32371836608,,,,,4264.823543048568,0.0,0.0,0.0
RS.ZCE,RS1511.ZCE,2015-05-15,,4264.823543048568,,,,,4264.823543048568,0.0,0.0,0.0
RS.ZCE,RS1511.ZCE,2015-05-18,,4264.823543048568,,,,,4184.98422142392,0.0,0.0,0.0
RS.ZCE,RS1511.ZCE,2015-05-19,,4184.98422142392,,,,,4143.7485278375625,0.0,0.0,0.0
RS.ZCE,RS1511.ZCE,2015-05-20,,4143.7485278375625,,,,,4138.484396741432,0.0,0.0,0.0
RS.ZCE,RS1511.ZCE,2015-05-21,,4138.484396741432,,,,,4100.758123885827,0.0,0.0,0.0
RS.ZCE,RS1511.ZCE,2015-05-22,,4100.758123885827,,,,,4093.73928242432,0.0,0.0,0.0
RS.ZCE,RS1511.ZCE,2015-05-25,,4093.73928242432,,,,,4093.73928242432,0.0,0.0,0.0
RS.ZCE,RS1511.ZCE,2015-05-26,,4093.73928242432,,,,,4103.390189433893,0.0,0.0,0.0
RS.ZCE,RS1511.ZCE,2015-05-27,,4103.390189433893,,,,,4117.427872356909,0.0,0.0,0.0
RS.ZCE,RS1511.ZCE,2015-05-28,,4117.427872356909,,,,,4142.871172654874,0.0,0.0,0.0
RS.ZCE,RS1511.ZCE,2015-05-29,,4142.871172654874,,,,,4124.446713818416,0.0,0.0,0.0
RS.ZCE,RS1511.ZCE,2015-06-01,,4124.446713818416,,,,,4098.1260583377625,0.0,0.0,0.0
RS.ZCE,RS1511.ZCE,2015-06-02,,4098.1260583377625,,,,,4061.2771406648476,0.0,0.0,0.0
RS.ZCE,RS1511.ZCE,2015-06-03,,4061.2771406648476,,,,,4060.399785482159,0.0,0.0,0.0
RS.ZCE,RS1511.ZCE,2015-06-04,,4060.399785482159,,,,,4066.5412717609784,0.0,0.0,0.0
RS.ZCE,RS1511.ZCE,2015-06-05,,4066.5412717609784,,,,,4080.5789546839933,0.0,0.0,0.0
RS.ZCE,RS1511.ZCE,2015-06-08,,4080.5789546839933,,,,,3982.315174222887,0.0,0.0,0.0
RS.ZCE,RS1511.ZCE,2015-06-09,,3982.315174222887,,,,,3913.004114790499,0.0,0.0,0.0
RS.ZCE,RS1511.ZCE,2015-06-10,,3913.004114790499,,,,,3878.7872626656495,0.0,0.0,0.0
RS.ZCE,RS1511.ZCE,2015-06-11,,3878.7872626656495,,,,,3795.4385203102465,0.0,0.0,0.0
RS.ZCE,RS1511.ZCE,2015-06-12,,3795.4385203102465,,,,,3683.1370569261244,0.0,0.0,0.0
RS.ZCE,RS1511.ZCE,2015-06-15,,3683.1370569261244,,,,,3594.5241834745907,0.0,0.0,0.0
RS.ZCE,RS1511.ZCE,2015-06-16,,3594.5241834745907,,,,,3539.250806965218,0.0,0.0,0.0
RS.ZCE,RS1511.ZCE,2015-06-17,,3539.250806965218,,,,,3527.845189590268,0.0,0.0,0.0
RS.ZCE,RS1511.ZCE,2015-06-18,,3527.845189590268,,,,,3527.845189590268,0.0,0.0,0.0
RS.ZCE,RS1511.ZCE,2015-06-19,,3527.845189590268,,,,,3481.34536490778,0.0,0.0,0.0
RS.ZCE,RS1511.ZCE,2015-06-23,,3481.34536490778,,,,,3476.08123381165,0.0,0.0,0.0
RS.ZCE,RS1511.ZCE,2015-06-24,,3476.08123381165,,,,,3475.2038786289613,0.0,0.0,0.0
RS.ZCE,RS1511.ZCE,2015-06-25,,3475.2038786289613,,,,,3472.571813080896,0.0,0.0,0.0
RS.ZCE,RS1511.ZCE,2015-06-26,,3472.571813080896,,,,,3464.6756164367,0.0,0.0,0.0
RS.ZCE,RS1511.ZCE,2015-06-29,,3464.6756164367,,,,,3405.8928191965733,0.0,0.0,0.0
RS.ZCE,RS1511.ZCE,2015-06-30,,3405.8928191965733,,,,,3290.9592902643863,0.0,0.0,0.0
RS.ZCE,RS1511.ZCE,2015-07-01,,3290.9592902643863,,,,,3369.0439015236584,0.0,0.0,0.0
RS.ZCE,RS1511.ZCE,2015-07-02,,3369.0439015236584,,,,,3355.006218600643,0.0,0.0,0.0
RS.ZCE,RS1511.ZCE,2015-07-03,,3355.006218600643,,,,,3400.6286881004426,0.0,0.0,0.0
RS.ZCE,RS1511.ZCE,2015-07-06,,3400.6286881004426,,,,,3383.9589396293622,0.0,0.0,0.0
RS.ZCE,RS1511.ZCE,2015-07-07,,3383.9589396293622,,,,,3363.7797704275276,0.0,0.0,0.0
RS.ZCE,RS1511.ZCE,2015-07-08,,3363.7797704275276,,,,,3253.2330174087824,0.0,0.0,0.0
RS.ZCE,RS1511.ZCE,2015-07-09,,3253.2330174087824,,,,,3326.9308527546127,0.0,0.0,0.0
RS.ZCE,RS1511.ZCE,2015-07-10,,3326.9308527546127,,,,,3398.8739777350656,0.0,0.0,0.0
RS.ZCE,RS1511.ZCE,2015-07-13,,3398.8739777350656,,,,,3405.015464013885,0.0,0.0,0.0
RS.ZCE,RS1511.ZCE,2015-07-14,,3405.015464013885,,,,,3426.9493435810964,0.0,0.0,0.0
RS.ZCE,RS1511.ZCE,2015-07-15,,3426.9493435810964,,,,,3365.5344807929046,0.0,0.0,0.0
RS.ZCE,RS1511.ZCE,2015-07-16,,3365.5344807929046,,,,,3318.157300927728,0.0,0.0,0.0
RS.ZCE,RS1511.ZCE,2015-07-17,,3318.157300927728,,,,,3313.770525014286,0.0,0.0,0.0
RS.ZCE,RS1511.ZCE,2015-07-20,,3313.770525014286,,,,,3331.317628668055,0.0,0.0,0.0
RS.ZCE,RS1511.ZCE,2015-07-21,,3331.317628668055,,,,,3344.4779564083815,0.0,0.0,0.0
RS.ZCE,RS1511.ZCE,2015-07-22,,3344.4779564083815,,,,,3319.912011293105,0.0,0.0,0.0
RS.ZCE,RS1511.ZCE,2015-07-23,,3319.912011293105,,,,,3323.421432023859,0.0,0.0,0.0
RS.ZCE,RS1511.ZCE,2015-07-24,,3323.421432023859,,,,,3302.364907639336,0.0,0.0,0.0
RS.ZCE,RS1511.ZCE,2015-07-27,,3302.364907639336,,,,,3290.081935081698,0.0,0.0,0.0
RS.ZCE,RS1511.ZCE,2015-07-28,3191.818154620591,3290.081935081698,3183.0446027937064,3191.818154620591,3183.0446027937064,3191.818154620591,3188.308733889837,6.0,21.81,2.0
RS.ZCE,RS1511.ZCE,2015-07-29,3199.714351264787,3188.308733889837,3199.714351264787,3199.714351264787,3199.714351264787,3199.714351264787,3199.714351264787,2.0,7.29,0.0
RS.ZCE,RS1511.ZCE,2015-07-30,3199.714351264787,3199.714351264787,,,,,3207.610547908983,0.0,0.0,0.0
RS.ZCE,RS1511.ZCE,2015-07-31,,3207.610547908983,,,,,3211.997323822425,0.0,0.0,0.0
RS.ZCE,RS1511.ZCE,2015-08-03,,3211.997323822425,,,,,3257.6197933222247,0.0,0.0,0.0
RS.ZCE,RS1511.ZCE,2015-08-04,,3257.6197933222247,,,,,3326.9308527546127,0.0,0.0,0.0
RS.ZCE,RS1511.ZCE,2015-08-05,,3326.9308527546127,,,,,3376.9400981678546,0.0,0.0,0.0
RS.ZCE,RS1511.ZCE,2015-08-06,,3376.9400981678546,,,,,3356.76092896602,0.0,0.0,0.0
RS.ZCE,RS1511.ZCE,2015-08-07,,3356.76092896602,,,,,3373.4306774371007,0.0,0.0,0.0
RS.ZCE,RS1511.ZCE,2015-08-10,,3373.4306774371007,,,,,3365.5344807929046,0.0,0.0,0.0
RS.ZCE,RS1511.ZCE,2015-08-11,,3365.5344807929046,,,,,3352.3741530525776,0.0,0.0,0.0
RS.ZCE,RS1511.ZCE,2015-08-12,,3352.3741530525776,,,,,3352.3741530525776,0.0,0.0,0.0
RS.ZCE,RS1511.ZCE,2015-08-13,,3352.3741530525776,,,,,3333.9496942161204,0.0,0.0,0.0
RS.ZCE,RS1511.ZCE,2015-08-14,,3333.9496942161204,,,,,3331.317628668055,0.0,0.0,0.0
RS.ZCE,RS1511.ZCE,2015-08-17,,3331.317628668055,,,,,3324.2987872065473,0.0,0.0,0.0
RS.ZCE,RS1511.ZCE,2015-08-18,,3324.2987872065473,,,,,3327.808207937301,0.0,0.0,0.0
RS.ZCE,RS1511.ZCE,2015-08-19,,3327.808207937301,,,,,3309.3837491008435,0.0,0.0,0.0
RS.ZCE,RS1511.ZCE,2015-08-20,,3309.3837491008435,,,,,3227.7897171108175,0.0,0.0,0.0
RS.ZCE,RS1511.ZCE,2015-08-21,,3227.7897171108175,,,,,3224.2802963800636,0.0,0.0,0.0
RS.ZCE,RS1511.ZCE,2015-08-24,,3224.2802963800636,,,,,3251.4783070434055,0.0,0.0,0.0
RS.ZCE,RS1511.ZCE,2015-08-25,,3251.4783070434055,,,,,3259.3745036876016,0.0,0.0,0.0
RS.ZCE,RS1511.ZCE,2015-08-26,,3259.3745036876016,,,,,3304.1196180047127,0.0,0.0,0.0
RS.ZCE,RS1511.ZCE,2015-08-27,,3304.1196180047127,,,,,3331.317628668055,0.0,0.0,0.0
RS.ZCE,RS1511.ZCE,2015-08-28,,3331.317628668055,,,,,3293.5913558124516,0.0,0.0,0.0
RS.ZCE,RS1511.ZCE,2015-08-31,,3293.5913558124516,,,,,3206.7331927262944,0.0,0.0,0.0
RS.ZCE,RS1511.ZCE,2015-09-01,,3206.7331927262944,,,,,3181.2898924283295,0.0,0.0,0.0
RS.ZCE,RS1511.ZCE,2015-09-02,,3181.2898924283295,,,,,3181.2898924283295,0.0,0.0,0.0
RS.ZCE,RS1511.ZCE,2015-09-07,,3181.2898924283295,,,,,3181.2898924283295,0.0,0.0,0.0
RS.ZCE,RS1511.ZCE,2015-09-08,,3181.2898924283295,,,,,3181.2898924283295,0.0,0.0,0.0
RS.ZCE,RS1511.ZCE,2015-09-09,,3181.2898924283295,,,,,3181.2898924283295,0.0,0.0,0.0
RS.ZCE,RS1607.ZCE,2015-09-10,3199.447076118765,3198.6905267983298,3237.2745421405048,3237.2745421405048,3157.080314174416,3163.1327087378945,3181.2898924283295,14.0,58.87,454.0
RS.ZCE,RS1607.ZCE,2015-09-11,3163.1327087378945,3181.2898924283295,3264.5103176761572,3264.5103176761572,3152.541018251807,3178.26369514659,3212.3084145661564,8.0,33.97,454.0
RS.ZCE,RS1607.ZCE,2015-09-14,3178.26369514659,3212.3084145661564,,,,,3212.3084145661564,0.0,0.0,454.0
RS.ZCE,RS1607.ZCE,2015-09-15,3172.9678499035467,3212.3084145661564,3248.622781947027,3248.622781947027,3170.6982019422426,3172.9678499035467,3186.585737671373,22.0,92.66,446.0
RS.ZCE,RS1607.ZCE,2015-09-16,3172.9678499035467,3186.585737671373,3141.192778445285,3220.630457090939,3141.192778445285,3183.559540389634,3176.7505965057208,30.0,125.96,442.0
RS.ZCE,RS1609.ZCE,2015-09-17,3192.6967598310775,3122.894454245417,3300.4351010611185,3300.4351010611185,3171.4525798702243,3172.211300583112,3217.7345433563687,18.0,76.33,8.0
RS.ZCE,RS1609.ZCE,2015-09-18,3172.211300583112,3217.7345433563687,3116.0659678294282,3239.7374440301096,3116.0659678294282,3194.2142012568524,3196.4903633955155,10.0,42.13,8.0
RS.ZCE,RS1609.ZCE,2015-09-21,3194.2142012568524,3196.4903633955155,,,,,3196.4903633955155,0.0,0.0,8.0
RS.ZCE,RS1609.ZCE,2015-09-22,,3196.4903633955155,,,,,3196.4903633955155,0.0,0.0,8.0
RS.ZCE,RS1609.ZCE,2015-09-23,,3196.4903633955155,,,,,3196.4903633955155,0.0,0.0,8.0
RS.ZCE,RS1609.ZCE,2015-09-24,,3196.4903633955155,,,,,3196.4903633955155,0.0,0.0,8.0
RS.ZCE,RS1609.ZCE,2015-09-25,3163.865372741348,3196.4903633955155,3163.865372741348,3163.865372741348,3163.865372741348,3163.865372741348,3163.865372741348,2.0,8.34,8.0
RS.ZCE,RS1609.ZCE,2015-09-28,3163.865372741348,3163.865372741348,,,,,3163.865372741348,0.0,0.0,8.0
RS.ZCE,RS1609.ZCE,2015-09-29,,3163.865372741348,,,,,3163.865372741348,0.0,0.0,8.0
RS.ZCE,RS1609.ZCE,2015-09-30,,3163.865372741348,,,,,3163.865372741348,0.0,0.0,8.0
RS.ZCE,RS1609.ZCE,2015-10-08,3201.801408385729,3163.865372741348,3201.801408385729,3201.801408385729,3201.801408385729,3201.801408385729,3201.801408385729,6.0,25.32,12.0
RS.ZCE,RS1609.ZCE,2015-10-09,3201.801408385729,3201.801408385729,3163.865372741348,3163.865372741348,3147.1735170578204,3147.1735170578204,3155.5194448995844,4.0,16.64,8.0
RS.ZCE,RS1609.ZCE,2015-10-12,3147.1735170578204,3155.5194448995844,,,,,3155.5194448995844,0.0,0.0,8.0
RS.ZCE,RS1609.ZCE,2015-10-13,,3155.5194448995844,,,,,3155.5194448995844,0.0,0.0,8.0
RS.ZCE,RS1609.ZCE,2015-10-14,,3155.5194448995844,,,,,3155.5194448995844,0.0,0.0,8.0
RS.ZCE,RS1609.ZCE,2015-10-15,,3155.5194448995844,,,,,3155.5194448995844,0.0,0.0,8.0
RS.ZCE,RS1609.ZCE,2015-10-16,,3155.5194448995844,,,,,3155.5194448995844,0.0,0.0,8.0
RS.ZCE,RS1609.ZCE,2015-10-19,,3155.5194448995844,,,,,3155.5194448995844,0.0,0.0,8.0
RS.ZCE,RS1609.ZCE,2015-10-20,3182.074669850651,3155.5194448995844,3073.5776079077223,3182.074669850651,3073.5776079077223,3182.074669850651,3128.20549923563,4.0,16.49,10.0
RS.ZCE,RS1609.ZCE,2015-10-21,3182.074669850651,3128.20549923563,3081.923535749486,3081.923535749486,3081.923535749486,3081.923535749486,3081.923535749486,2.0,8.12,10.0
RS.ZCE,RS1609.ZCE,2015-10-22,3081.923535749486,3081.923535749486,3081.164815036598,3169.1764177315613,3081.164815036598,3169.1764177315613,3125.17061638408,4.0,16.48,10.0
RS.ZCE,RS1609.ZCE,2015-10-23,3169.1764177315613,3125.17061638408,,,,,3125.17061638408,0.0,0.0,10.0
RS.ZCE,RS1609.ZCE,2015-10-26,3169.935138444449,3125.17061638408,3169.935138444449,3169.935138444449,3169.935138444449,3169.935138444449,3169.935138444449,6.0,25.07,14.0
RS.ZCE,RS1609.ZCE,2015-10-27,3169.935138444449,3169.935138444449,3099.374112145901,3116.824688542316,3099.374112145901,3116.824688542316,3103.9264364232267,8.0,32.73,10.0
RS.ZCE,RS1609.ZCE,2015-10-28,3116.824688542316,3103.9264364232267,,,,,3103.9264364232267,0.0,0.0,10.0
RS.ZCE,RS1609.ZCE,2015-10-29,,3103.9264364232267,,,,,3110.754922839215,0.0,0.0,10.0
RS.ZCE,RS1609.ZCE,2015-10-30,3196.4903633955155,3110.754922839215,3196.4903633955155,3196.4903633955155,3196.4903633955155,3196.4903633955155,3196.4903633955155,2.0,8.43,10.0
RS.ZCE,RS1609.ZCE,2015-11-02,3196.4903633955155,3196.4903633955155,3111.5136435521026,3111.5136435521026,3111.5136435521026,3111.5136435521026,3111.5136435521026,4.0,16.4,8.0
RS.ZCE,RS1609.ZCE,2015-11-03,3111.5136435521026,3111.5136435521026,3156.278165612472,3156.278165612472,3156.278165612472,3156.278165612472,3156.278165612472,2.0,8.32,8.0
RS.ZCE,RS1609.ZCE,2015-11-04,3156.278165612472,3156.278165612472,,,,,3131.999102800068,0.0,0.0,8.0
RS.ZCE,RS1609.ZCE,2015-11-05,,3131.999102800068,,,,,3125.17061638408,0.0,0.0,8.0
RS.ZCE,RS1609.ZCE,2015-11-06,,3125.17061638408,,,,,3125.17061638408,0.0,0.0,8.0
RS.ZCE,RS1609.ZCE,2015-11-09,,3125.17061638408,,,,,3125.17061638408,0.0,0.0,8.0
RS.ZCE,RS1609.ZCE,2015-11-10,,3125.17061638408,,,,,3125.17061638408,0.0,0.0,8.0
RS.ZCE,RS1609.ZCE,2015-11-11,,3125.17061638408,,,,,3125.17061638408,0.0,0.0,8.0
RS.ZCE,RS1609.ZCE,2015-11-12,3080.4060943237105,3125.17061638408,3080.4060943237105,3080.4060943237105,3080.4060943237105,3080.4060943237105,3080.4060943237105,2.0,8.12,8.0
RS.ZCE,RS1609.ZCE,2015-11-13,3080.4060943237105,3080.4060943237105,,,,,3080.4060943237105,0.0,0.0,8.0
RS.ZCE,RS1609.ZCE,2015-11-16,,3080.4060943237105,,,,,3080.4060943237105,0.0,0.0,8.0
RS.ZCE,RS1609.ZCE,2015-11-17,,3080.4060943237105,,,,,3080.4060943237105,0.0,0.0,8.0
RS.ZCE,RS1609.ZCE,2015-11-18,3169.1764177315613,3080.4060943237105,3169.1764177315613,3169.1764177315613,3169.1764177315613,3169.1764177315613,3169.1764177315613,2.0,8.35,8.0
RS.ZCE,RS1609.ZCE,2015-11-19,3169.1764177315613,3169.1764177315613,3041.7113379664424,3041.7113379664424,3041.7113379664424,3041.7113379664424,3041.7113379664424,2.0,8.02,10.0
RS.ZCE,RS1609.ZCE,2015-11-20,3041.7113379664424,3041.7113379664424,3087.234580739699,3087.234580739699,3087.234580739699,3087.234580739699,3087.234580739699,2.0,8.14,10.0
RS.ZCE,RS1609.ZCE,2015-11-23,3087.234580739699,3087.234580739699,3181.3159491377633,3181.3159491377633,3181.3159491377633,3181.3159491377633,3181.3159491377633,2.0,8.39,10.0
RS.ZCE,RS1609.ZCE,2015-11-24,3181.3159491377633,3181.3159491377633,,,,,3176.00490414755,0.0,0.0,10.0
RS.ZCE,RS1609.ZCE,2015-11-25,,3176.00490414755,,,,,3176.00490414755,0.0,0.0,10.0
RS.ZCE,RS1609.ZCE,2015-11-26,3176.00490414755,3176.00490414755,3176.00490414755,3176.00490414755,3176.00490414755,3176.00490414755,3176.00490414755,2.0,8.37,12.0
RS.ZCE,RS1609.ZCE,2015-11-27,3176.00490414755,3176.00490414755,3201.801408385729,3201.801408385729,3201.801408385729,3201.801408385729,3201.801408385729,2.0,8.44,12.0
RS.ZCE,RS1609.ZCE,2015-11-30,3201.801408385729,3201.801408385729,,,,,3184.3508319893135,0.0,0.0,12.0
RS.ZCE,RS1609.ZCE,2015-12-01,,3184.3508319893135,,,,,3174.4874627217746,0.0,0.0,12.0
RS.ZCE,RS1609.ZCE,2015-12-02,,3174.4874627217746,,,,,3174.4874627217746,0.0,0.0,12.0
RS.ZCE,RS1609.ZCE,2015-12-03,,3174.4874627217746,,,,,3174.4874627217746,0.0,0.0,12.0
RS.ZCE,RS1609.ZCE,2015-12-04,,3174.4874627217746,,,,,3174.4874627217746,0.0,0.0,12.0
RS.ZCE,RS1609.ZCE,2015-12-07,3204.836291237279,3174.4874627217746,3204.836291237279,3204.836291237279,3204.836291237279,3204.836291237279,3204.836291237279,2.0,8.45,12.0
RS.ZCE,RS1609.ZCE,2015-12-08,3204.836291237279,3204.836291237279,,,,,3204.836291237279,0.0,0.0,12.0
RS.ZCE,RS1609.ZCE,2015-12-09,,3204.836291237279,,,,,3179.0397869991,0.0,0.0,12.0
RS.ZCE,RS1609.ZCE,2015-12-10,,3179.0397869991,,,,,3179.0397869991,0.0,0.0,12.0
RS.ZCE,RS1609.ZCE,2015-12-11,3113.031084977878,3179.0397869991,3096.3392292943504,3113.031084977878,3096.3392292943504,3113.031084977878,3104.6851571361144,4.0,16.37,12.0
RS.ZCE,RS1609.ZCE,2015-12-14,3113.031084977878,3104.6851571361144,3170.6938591573366,3170.6938591573366,3170.6938591573366,3170.6938591573366,3170.6938591573366,2.0,8.36,12.0
RS.ZCE,RS1609.ZCE,2015-12-15,3170.6938591573366,3170.6938591573366,,,,,3170.6938591573366,0.0,0.0,12.0
RS.ZCE,RS1609.ZCE,2015-12-16,,3170.6938591573366,,,,,3164.6240934542357,0.0,0.0,12.0
RS.ZCE,RS1609.ZCE,2015-12-17,,3164.6240934542357,,,,,3164.6240934542357,0.0,0.0,12.0
RS.ZCE,RS1609.ZCE,2015-12-18,3291.3304525064673,3164.6240934542357,3291.3304525064673,3291.3304525064673,3291.3304525064673,3291.3304525064673,3291.3304525064673,2.0,8.68,12.0
RS.ZCE,RS1609.ZCE,2015-12-21,3291.3304525064673,3291.3304525064673,,,,,3280.7083625260407,0.0,0.0,12.0
RS.ZCE,RS1609.ZCE,2015-12-22,3260.981623990963,3280.7083625260407,3260.981623990963,3260.981623990963,3260.981623990963,3260.981623990963,3260.981623990963,2.0,8.6,14.0
RS.ZCE,RS1609.ZCE,2015-12-23,3260.981623990963,3260.981623990963,,,,,3238.2200026043342,0.0,0.0,14.0
RS.ZCE,RS1609.ZCE,2015-12-24,3110.754922839215,3238.2200026043342,3110.754922839215,3110.754922839215,3110.754922839215,3110.754922839215,3110.754922839215,12.0,49.2,8.0
RS.ZCE,RS1609.ZCE,2015-12-25,3110.754922839215,3110.754922839215,,,,,3110.754922839215,0.0,0.0,8.0
RS.ZCE,RS1609.ZCE,2015-12-28,,3110.754922839215,,,,,3091.028184304137,0.0,0.0,8.0
RS.ZCE,RS1609.ZCE,2015-12-29,,3091.028184304137,,,,,3091.028184304137,0.0,0.0,8.0
RS.ZCE,RS1609.ZCE,2015-12-30,,3091.028184304137,,,,,3091.028184304137,0.0,0.0,8.0
RS.ZCE,RS1609.ZCE,2015-12-31,,3091.028184304137,,,,,3091.028184304137,0.0,0.0,8.0
RS.ZCE,RS2607.ZCE,2016-01-04,3008.3276265993873,3008.3276265993873,3020.6253378987208,3062.8987204901787,2960.673995314471,3008.3276265993873,3008.3276265993873,73.0,285722.0,0.0
RS.ZCE,RS2607.ZCE,2016-01-05,3008.3276265993873,3008.3276265993873,3010.6334474680125,3108.2465309064696,2982.194990088304,3034.4602631104704,3034.4602631104704,109.0,430332.0,381.0
RS.ZCE,RS2607.ZCE,2016-01-06,3034.4602631104704,3034.4602631104704,3009.096233555596,3063.667327446387,3009.096233555596,3041.3777257163456,3041.3777257163456,14.0,55398.0,348.0
RS.ZCE,RS2607.ZCE,2016-01-07,3041.3777257163456,3041.3777257163456,3062.8987204901787,3063.667327446387,3041.3777257163456,3041.3777257163456,3041.3777257163456,9.0,35613.0,347.0
RS.ZCE,RS2607.ZCE,2016-01-08,3041.3777257163456,3041.3777257163456,3011.4020544242208,3024.468372679762,2969.897278788971,3002.1787709497207,3002.1787709497207,29.0,113274.0,345.0
RS.ZCE,RS2607.ZCE,2016-01-11,3002.1787709497207,3002.1787709497207,3004.484591818346,3004.484591818346,2984.5008109569294,2984.5008109569294,2984.5008109569294,7.0,27181.0,357.0
RS.ZCE,RS2607.ZCE,2016-01-12,2984.5008109569294,2984.5008109569294,2921.4750405478467,2980.6577761758876,2921.4750405478467,2980.6577761758876,2980.6577761758876,3.0,11634.0,356.0
RS.ZCE,RS2607.ZCE,2016-01-13,2980.6577761758876,2980.6577761758876,2997.5671292124707,2997.5671292124707,2956.062353577221,2975.2775274824294,2975.2775274824294,9.0,34839.0,356.0
RS.ZCE,RS2607.ZCE,2016-01-14,2975.2775274824294,2975.2775274824294,2975.2775274824294,3073.659217877095,2950.682104883763,2988.343845737971,2988.343845737971,28.0,108864.0,361.0
RS.ZCE,RS2607.ZCE,2016-01-15,2988.343845737971,2988.343845737971,2992.1868805190124,2992.1868805190124,2973.740313570013,2973.740313570013,2973.740313570013,5.0,19345.0,347.0
RS.ZCE,RS2607.ZCE,2016-01-19,2973.740313570013,2973.740313570013,2986.038024869346,2991.418273562804,2965.285637051721,2976.0461344386376,2976.0461344386376,9.0,34848.0,348.0
RS.ZCE,RS2607.ZCE,2016-01-20,2976.0461344386376,2976.0461344386376,2978.351955307263,2983.732204000721,2978.351955307263,2983.732204000721,2983.732204000721,4.0,15528.0,347.0
RS.ZCE,RS2607.ZCE,2016-01-22,2983.732204000721,2983.732204000721,3024.468372679762,3024.468372679762,2978.351955307263,3009.8648405118042,3009.8648405118042,39.0,152724.0,347.0
RS.ZCE,RS2607.ZCE,2016-01-25,3009.8648405118042,3009.8648405118042,3029.080014417012,3029.8486213732203,2981.426383132096,2981.426383132096,2981.426383132096,6.0,23274.0,349.0
RS.ZCE,RS2607.ZCE,2016-01-26,2981.426383132096,2981.426383132096,3016.0136961614708,3016.0136961614708,3016.0136961614708,3016.0136961614708,3016.0136961614708,1.0,3924.0,348.0
RS.ZCE,RS2607.ZCE,2016-01-27,3016.0136961614708,3016.0136961614708,3016.782303117679,3024.468372679762,2984.5008109569294,3012.9392683366373,3012.9392683366373,19.0,74480.0,349.0
RS.ZCE,RS2607.ZCE,2016-01-28,3012.9392683366373,3012.9392683366373,3074.4278248333035,3074.4278248333035,2999.872950081096,3018.3195170300955,3018.3195170300955,58.0,227766.0,348.0
RS.ZCE,RS2607.ZCE,2016-02-01,3018.3195170300955,3018.3195170300955,3002.1787709497207,3009.8648405118042,3002.1787709497207,3009.8648405118042,3009.8648405118042,4.0,15664.0,373.0
RS.ZCE,RS2607.ZCE,2016-02-04,3009.8648405118042,3009.8648405118042,2973.740313570013,3012.9392683366373,2973.740313570013,3012.9392683366373,3012.9392683366373,3.0,11760.0,371.0
RS.ZCE,RS2607.ZCE,2016-02-05,3012.9392683366373,3012.9392683366373,2980.6577761758876,2999.1043431248877,2980.6577761758876,2986.038024869346,2986.038024869346,4.0,15540.0,371.0
RS.ZCE,RS2607.ZCE,2016-02-16,2986.038024869346,2986.038024869346,2996.029915300054,3007.559019643179,2982.963597044513,2982.963597044513,2982.963597044513,6.0,23286.0,372.0
RS.ZCE,RS2607.ZCE,2016-02-17,2982.963597044513,2982.963597044513,2996.7985222562625,2996.7985222562625,2974.508920526221,2989.8810596503877,2989.8810596503877,4.0,15560.0,371.0
RS.ZCE,RS2607.ZCE,2016-02-18,2989.8810596503877,2989.8810596503877,2999.872950081096,3025.236979635971,2999.872950081096,3007.559019643179,3007.559019643179,11.0,43043.0,372.0
RS.ZCE,RS2607.ZCE,2016-02-22,3007.559019643179,3007.559019643179,3019.8567309425125,3023.699765723554,3004.484591818346,3023.699765723554,3023.699765723554,5.0,19670.0,371.0
RS.ZCE,RS2607.ZCE,2016-02-23,3023.699765723554,3023.699765723554,3112.8581726437196,3112.8581726437196,2922.243647504055,3024.468372679762,3024.468372679762,11.0,43285.0,371.0
RS.ZCE,RS2607.ZCE,2016-02-24,3024.468372679762,3024.468372679762,3012.170661380429,3018.3195170300955,2990.649666606596,3018.3195170300955,3018.3195170300955,6.0,23562.0,371.0
RS.ZCE,RS2607.ZCE,2016-02-25,3018.3195170300955,3018.3195170300955,2995.261308343846,2995.261308343846,2991.418273562804,2991.418273562804,2991.418273562804,3.0,11676.0,369.0
RS.ZCE,RS2607.ZCE,2016-03-01,2991.418273562804,2991.418273562804,3019.088123986304,3019.088123986304,3019.088123986304,3019.088123986304,3019.088123986304,2.0,7856.0,368.0
RS.ZCE,RS2607.ZCE,2016-03-03,3019.088123986304,3019.088123986304,2995.261308343846,2995.261308343846,2995.261308343846,2995.261308343846,2995.261308343846,1.0,3897.0,367.0
RS.ZCE,RS2607.ZCE,2016-03-04,2995.261308343846,2995.261308343846,3035.228870066679,3041.3777257163456,2979.8891692196794,2996.029915300054,2996.029915300054,7.0,27286.0,366.0
RS.ZCE,RS2607.ZCE,2016-03-07,2996.029915300054,2996.029915300054,2991.418273562804,3069.047576139845,2991.418273562804,3044.4521535411786,3044.4521535411786,27.0,106947.0,367.0
RS.ZCE,RS2607.ZCE,2016-03-08,3044.4521535411786,3044.4521535411786,3027.5428005045956,3112.8581726437196,2975.2775274824294,3075.1964317895117,3075.1964317895117,79.0,316079.0,367.0
RS.ZCE,RS2607.ZCE,2016-03-09,3075.1964317895117,3075.1964317895117,3001.4101639935125,3045.220760497387,3001.4101639935125,3041.3777257163456,3041.3777257163456,8.0,31656.0,381.0
RS.ZCE,RS2607.ZCE,2016-03-10,3041.3777257163456,3041.3777257163456,3104.4034961254283,3104.4034961254283,3029.080014417012,3047.526581366012,3047.526581366012,16.0,63440.0,379.0
RS.ZCE,RS2607.ZCE,2016-03-11,3047.526581366012,3047.526581366012,3025.236979635971,3082.1138943953865,3025.236979635971,3069.047576139845,3069.047576139845,6.0,23958.0,379.0
RS.ZCE,RS2607.ZCE,2016-03-14,3069.047576139845,3069.047576139845,3061.3615065777617,3066.74175527122,3042.146332672554,3043.6835465849704,3043.6835465849704,14.0,55440.0,381.0
RS.ZCE,RS2607.ZCE,2016-03-15,3043.6835465849704,3043.6835465849704,3071.35339700847,3071.35339700847,3018.3195170300955,3022.1625518111373,3022.1625518111373,18.0,70776.0,377.0
RS.ZCE,RS2607.ZCE,2016-03-16,3022.1625518111373,3022.1625518111373,3003.7159848621377,3035.9974770228873,3003.7159848621377,3024.468372679762,3024.468372679762,16.0,62960.0,375.0
RS.ZCE,RS2607.ZCE,2016-03-18,3024.468372679762,3024.468372679762,3001.4101639935125,3051.369616147054,3000.641557037304,3028.311407460804,3028.311407460804,41.0,161540.0,368.0
RS.ZCE,RS2607.ZCE,2016-03-21,3028.311407460804,3028.311407460804,3016.0136961614708,3032.1544422418456,3007.559019643179,3024.468372679762,3024.468372679762,46.0,181010.0,350.0
RS.ZCE,RS2607.ZCE,2016-03-22,3024.468372679762,3024.468372679762,3024.468372679762,3032.1544422418456,3016.0136961614708,3032.1544422418456,3032.1544422418456,18.0,71010.0,333.0
RS.ZCE,RS2607.ZCE,2016-03-23,3032.1544422418456,3032.1544422418456,3027.5428005045956,3057.5184717967204,3027.5428005045956,3034.4602631104704,3034.4602631104704,29.0,114492.0,331.0
RS.ZCE,RS2607.ZCE,2016-03-24,3034.4602631104704,3034.4602631104704,2989.1124526941794,3026.005586592179,2987.5752387817624,3013.7078752928455,3013.7078752928455,23.0,90183.0,329.0
RS.ZCE,RS2607.ZCE,2016-03-25,3013.7078752928455,3013.7078752928455,3015.2450892052625,3083.6511083078035,2997.5671292124707,3073.659217877095,3073.659217877095,509.0,2035491.0,327.0
RS.ZCE,RS2607.ZCE,2016-03-28,3073.659217877095,3073.659217877095,3063.667327446387,3072.890610920887,3052.9068300594704,3053.6754370156787,3053.6754370156787,27.0,107271.0,375.0
RS.ZCE,RS2607.ZCE,2016-03-29,3053.6754370156787,3053.6754370156787,3053.6754370156787,3053.6754370156787,3012.9392683366373,3042.146332672554,3042.146332672554,16.0,63328.0,374.0
RS.ZCE,RS2607.ZCE,2016-03-30,3042.146332672554,3042.146332672554,3028.311407460804,3032.923049198054,3028.311407460804,3032.923049198054,3032.923049198054,4.0,15784.0,367.0
RS.ZCE,RS2607.ZCE,2016-03-31,3032.923049198054,3032.923049198054,3020.6253378987208,3020.6253378987208,2999.1043431248877,3009.096233555596,3009.096233555596,24.0,93960.0,366.0
RS.ZCE,RS2607.ZCE,2016-04-01,3009.096233555596,3009.096233555596,3005.253198774554,3021.393944854929,2986.806631825554,3021.393944854929,3021.393944854929,44.0,172964.0,365.0
RS.ZCE,RS2607.ZCE,2016-04-05,3021.393944854929,3021.393944854929,3058.2870787529287,3058.2870787529287,3009.8648405118042,3047.526581366012,3047.526581366012,20.0,79300.0,353.0
RS.ZCE,RS2607.ZCE,2016-04-06,3047.526581366012,3047.526581366012,3012.9392683366373,3042.146332672554,3006.0218057307625,3013.7078752928455,3013.7078752928455,14.0,54894.0,353.0
RS.ZCE,RS2607.ZCE,2016-04-07,3013.7078752928455,3013.7078752928455,3006.0218057307625,3007.559019643179,3004.484591818346,3007.559019643179,3007.559019643179,5.0,19565.0,352.0
RS.ZCE,RS2607.ZCE,2016-04-08,3007.559019643179,3007.559019643179,2987.5752387817624,3005.253198774554,2987.5752387817624,2997.5671292124707,2997.5671292124707,8.0,31200.0,352.0
RS.ZCE,RS2607.ZCE,2016-04-11,2997.5671292124707,2997.5671292124707,2999.872950081096,3060.5928996215534,2999.872950081096,3020.6253378987208,3020.6253378987208,22.0,86460.0,352.0
RS.ZCE,RS2607.ZCE,2016-04-12,3020.6253378987208,3020.6253378987208,3002.947377905929,3042.914939628762,3002.947377905929,3007.559019643179,3007.559019643179,21.0,82173.0,354.0
RS.ZCE,RS2607.ZCE,2016-04-13,3007.559019643179,3007.559019643179,3002.947377905929,3090.5685709136783,3002.947377905929,3051.369616147054,3051.369616147054,115.0,456550.0,354.0
RS.ZCE,RS2607.ZCE,2016-04-14,3051.369616147054,3051.369616147054,3024.468372679762,3049.832402234637,3022.9311587673456,3022.9311587673456,3022.9311587673456,57.0,224181.0,343.0
RS.ZCE,RS2607.ZCE,2016-04-15,3022.9311587673456,3022.9311587673456,3020.6253378987208,3034.4602631104704,2986.806631825554,3006.0218057307625,3006.0218057307625,57.0,222927.0,340.0
RS.ZCE,RS2607.ZCE,2016-04-18,3006.0218057307625,3006.0218057307625,3019.8567309425125,3024.468372679762,2996.7985222562625,3016.782303117679,3016.782303117679,77.0,302225.0,341.0
RS.ZCE,RS2607.ZCE,2016-04-19,3016.782303117679,3016.782303117679,3007.559019643179,3019.8567309425125,2980.6577761758876,3000.641557037304,3000.641557037304,73.0,284992.0,339.0
RS.ZCE,RS2607.ZCE,2016-04-20,3000.641557037304,3000.641557037304,3018.3195170300955,3083.6511083078035,3001.4101639935125,3008.3276265993873,3008.3276265993873,400.0,1565600.0,340.0
RS.ZCE,RS2607.ZCE,2016-04-21,3008.3276265993873,3008.3276265993873,3042.146332672554,3164.3548387096776,3042.146332672554,3114.3953865561366,3114.3953865561366,1358.0,5502616.0,342.0
RS.ZCE,RS2607.ZCE,2016-04-22,3114.3953865561366,3114.3953865561366,3092.874391782303,3112.8581726437196,2996.029915300054,3034.4602631104704,3034.4602631104704,682.0,2692536.0,1043.0
RS.ZCE,RS2607.ZCE,2016-04-25,3034.4602631104704,3034.4602631104704,3036.7660839790956,3047.526581366012,3012.9392683366373,3029.080014417012,3029.080014417012,208.0,819728.0,1042.0
RS.ZCE,RS2607.ZCE,2016-04-26,3029.080014417012,3029.080014417012,3054.444043971887,3097.486033519553,2988.343845737971,3035.9974770228873,3035.9974770228873,713.0,2816350.0,980.0
RS.ZCE,RS2607.ZCE,2016-04-27,3035.9974770228873,3035.9974770228873,3036.7660839790956,3048.2951883222204,3024.468372679762,3035.9974770228873,3035.9974770228873,215.0,849250.0,946.0
RS.ZCE,RS2607.ZCE,2016-04-28,3035.9974770228873,3035.9974770228873,3030.617228329429,3047.526581366012,3021.393944854929,3034.4602631104704,3034.4602631104704,194.0,765912.0,851.0
RS.ZCE,RS2607.ZCE,2016-04-29,3034.4602631104704,3034.4602631104704,3039.0719048477204,3039.0719048477204,3029.8486213732203,3037.534690935304,3037.534690935304,169.0,667888.0,781.0
RS.ZCE,RS2607.ZCE,2016-05-03,3037.534690935304,3037.534690935304,3055.212650928095,3070.5847900522617,3029.080014417012,3042.146332672554,3042.146332672554,270.0,1068660.0,670.0
RS.ZCE,RS2607.ZCE,2016-05-04,3042.146332672554,3042.146332672554,3046.757974409804,3050.601009190845,3032.1544422418456,3040.6091187601373,3040.6091187601373,138.0,545928.0,674.0
RS.ZCE,RS2607.ZCE,2016-05-05,3040.6091187601373,3040.6091187601373,3042.146332672554,3054.444043971887,3033.691656154262,3052.138223103262,3052.138223103262,258.0,1024518.0,675.0
RS.ZCE,RS2607.ZCE,2016-05-06,3052.138223103262,3052.138223103262,3035.228870066679,3035.9974770228873,3003.7159848621377,3033.691656154262,3033.691656154262,156.0,615732.0,687.0
RS.ZCE,RS2607.ZCE,2016-05-09,3033.691656154262,3033.691656154262,3041.3777257163456,3065.2045413588035,3029.080014417012,3049.0637952784286,3049.0637952784286,207.0,821169.0,685.0
RS.ZCE,RS2607.ZCE,2016-05-10,3049.0637952784286,3049.0637952784286,3035.9974770228873,3052.9068300594704,3029.8486213732203,3042.914939628762,3042.914939628762,87.0,344433.0,691.0
RS.ZCE,RS2607.ZCE,2016-05-11,3042.914939628762,3042.914939628762,3067.5103622274287,3116.7012074247614,3057.5184717967204,3062.8987204901787,3062.8987204901787,933.0,3718005.0,680.0
RS.ZCE,RS2607.ZCE,2016-05-12,3062.8987204901787,3062.8987204901787,3051.369616147054,3081.3452874391783,3044.4521535411786,3061.3615065777617,3061.3615065777617,277.0,1103291.0,703.0
RS.ZCE,RS2607.ZCE,2016-05-13,3061.3615065777617,3061.3615065777617,3045.9893674535956,3054.444043971887,2999.1043431248877,3009.096233555596,3009.096233555596,282.0,1104030.0,707.0
RS.ZCE,RS2607.ZCE,2016-05-16,3009.096233555596,3009.096233555596,3006.0218057307625,3028.311407460804,3005.253198774554,3022.9311587673456,3022.9311587673456,109.0,428697.0,703.0
RS.ZCE,RS2607.ZCE,2016-05-17,3022.9311587673456,3022.9311587673456,3028.311407460804,3032.923049198054,3020.6253378987208,3032.923049198054,3032.923049198054,70.0,276220.0,707.0
RS.ZCE,RS2607.ZCE,2016-05-18,3032.923049198054,3032.923049198054,3043.6835465849704,3068.278969183637,3029.8486213732203,3029.8486213732203,3029.8486213732203,252.0,993384.0,708.0
RS.ZCE,RS2607.ZCE,2016-05-19,3029.8486213732203,3029.8486213732203,3029.080014417012,3047.526581366012,3011.4020544242208,3020.6253378987208,3020.6253378987208,105.0,412650.0,703.0
RS.ZCE,RS2607.ZCE,2016-05-20,3020.6253378987208,3020.6253378987208,2939.153000540638,3022.1625518111373,2939.153000540638,3019.8567309425125,3019.8567309425125,108.0,424332.0,704.0
RS.ZCE,RS2607.ZCE,2016-05-23,3019.8567309425125,3019.8567309425125,3011.4020544242208,3057.5184717967204,2959.905388358263,3034.4602631104704,3034.4602631104704,328.0,1294944.0,702.0
RS.ZCE,RS2607.ZCE,2016-05-24,3034.4602631104704,3034.4602631104704,3019.8567309425125,3074.4278248333035,3016.0136961614708,3073.659217877095,3073.659217877095,348.0,1391652.0,643.0
RS.ZCE,RS2607.ZCE,2016-05-25,3073.659217877095,3073.659217877095,3072.890610920887,3092.105784826095,3065.2045413588035,3072.890610920887,3072.890610920887,156.0,623688.0,655.0
RS.ZCE,RS2607.ZCE,2016-05-26,3072.890610920887,3072.890610920887,3103.63488916922,3109.0151378626783,3074.4278248333035,3109.0151378626783,3109.0151378626783,183.0,740235.0,630.0
RS.ZCE,RS2607.ZCE,2016-05-27,3109.0151378626783,3109.0151378626783,3095.1802126509283,3115.932600468553,3082.8825013515952,3104.4034961254283,3104.4034961254283,175.0,706825.0,631.0
RS.ZCE,RS2607.ZCE,2016-05-30,3104.4034961254283,3104.4034961254283,3119.775635249595,3172.8095152279693,3113.626779599928,3151.2885204541362,3151.2885204541362,336.0,1377600.0,595.0
RS.ZCE,RS2607.ZCE,2016-05-31,3151.2885204541362,3151.2885204541362,3127.461704811678,3168.9664804469276,3105.940710037845,3132.073346548928,3132.073346548928,246.0,1002450.0,519.0
RS.ZCE,RS2607.ZCE,2016-06-01,3132.073346548928,3132.073346548928,3104.4034961254283,3202.7851865200937,3104.4034961254283,3186.644440439719,3186.644440439719,208.0,862368.0,505.0
RS.ZCE,RS2607.ZCE,2016-06-02,3186.644440439719,3186.644440439719,3203.5537934763024,3289.6377725716347,3185.1072265273024,3280.4144890971347,3280.4144890971347,337.0,1438316.0,542.0
RS.ZCE,RS2607.ZCE,2016-06-03,3280.4144890971347,3280.4144890971347,3351.126329068301,3356.506577761759,3245.8271760677603,3264.27374301676,3264.27374301676,349.0,1482203.0,581.0
RS.ZCE,RS2607.ZCE,2016-06-06,3264.27374301676,3264.27374301676,3264.27374301676,3280.4144890971347,3215.082897819427,3231.9922508560103,3231.9922508560103,184.0,773720.0,642.0
RS.ZCE,RS2607.ZCE,2016-06-07,3231.9922508560103,3231.9922508560103,3255.05045954226,3255.05045954226,3203.5537934763024,3231.223643899802,3231.223643899802,136.0,571744.0,626.0
RS.ZCE,RS2607.ZCE,2016-06-08,3231.223643899802,3231.223643899802,3228.1492160749685,3265.042349972968,3208.9340421697607,3224.306181293927,3224.306181293927,80.0,335600.0,621.0
RS.ZCE,RS2607.ZCE,2016-06-13,3224.306181293927,3224.306181293927,3224.306181293927,3286.5633447468012,3206.6282213011355,3224.306181293927,3224.306181293927,277.0,1162015.0,607.0
RS.ZCE,RS2607.ZCE,2016-06-14,3224.306181293927,3224.306181293927,3205.859614344927,3247.364389980177,3151.2885204541362,3193.561903045594,3193.561903045594,350.0,1454250.0,597.0
RS.ZCE,RS2607.ZCE,2016-06-15,3193.561903045594,3193.561903045594,3200.479365651469,3247.364389980177,3176.6525500090106,3203.5537934763024,3203.5537934763024,136.0,566848.0,527.0
RS.ZCE,RS2607.ZCE,2016-06-16,3203.5537934763024,3203.5537934763024,3182.032798702469,3192.7932960893854,3165.892052622094,3173.5781221841776,3173.5781221841776,46.0,189934.0,524.0
RS.ZCE,RS2607.ZCE,2016-06-17,3173.5781221841776,3173.5781221841776,3188.181654352136,3210.471256082177,3174.346729140386,3210.471256082177,3210.471256082177,59.0,246443.0,524.0
RS.ZCE,RS2607.ZCE,2016-06-20,3210.471256082177,3210.471256082177,3211.2398630383855,3211.2398630383855,3178.1897639214276,3189.7188682645524,3189.7188682645524,28.0,116200.0,502.0
RS.ZCE,RS2607.ZCE,2016-06-21,3189.7188682645524,3189.7188682645524,3181.2641917462606,3203.5537934763024,3172.8095152279693,3189.7188682645524,3189.7188682645524,29.0,120350.0,499.0
RS.ZCE,RS2607.ZCE,2016-06-22,3189.7188682645524,3189.7188682645524,3227.3806091187603,3242.752748242927,3178.958370877636,3196.636330870427,3196.636330870427,27.0,112293.0,484.0
RS.ZCE,RS2607.ZCE,2016-06-23,3196.636330870427,3196.636330870427,3175.115336096594,3192.7932960893854,3173.5781221841776,3176.6525500090106,3176.6525500090106,19.0,78527.0,472.0
RS.ZCE,RS2607.ZCE,2016-06-24,3176.6525500090106,3176.6525500090106,3158.205983060011,3195.867723914219,3147.4454856730945,3175.115336096594,3175.115336096594,14.0,57834.0,471.0
RS.ZCE,RS2607.ZCE,2016-06-27,3175.115336096594,3175.115336096594,3175.115336096594,3280.4144890971347,3134.3791674175527,3237.3724995494686,3237.3724995494686,98.0,412776.0,470.0
RS.ZCE,RS2607.ZCE,2016-06-28,3237.3724995494686,3237.3724995494686,3228.917823031177,3239.6783204180933,3212.777076950802,3235.835285637052,3235.835285637052,45.0,189450.0,474.0
RS.ZCE,RS2607.ZCE,2016-06-29,3235.835285637052,3235.835285637052,3212.0084699945937,3228.1492160749685,3199.7107586952607,3202.0165795638854,3202.0165795638854,62.0,258292.0,469.0
RS.ZCE,RS2607.ZCE,2016-06-30,3202.0165795638854,3202.0165795638854,3155.900162191386,3298.8610560461348,3101.329068300595,3298.8610560461348,3298.8610560461348,96.0,412032.0,468.0
RS.ZCE,RS2607.ZCE,2016-07-01,3298.8610560461348,3298.8610560461348,3235.835285637052,3295.018021265093,3235.835285637052,3295.018021265093,3295.018021265093,3.0,12861.0,471.0
RS.ZCE,RS2607.ZCE,2016-07-07,3295.018021265093,3295.018021265093,3151.2885204541362,3151.2885204541362,3128.230311767886,3128.230311767886,3128.230311767886,6.0,24420.0,468.0
RS.ZCE,RS2607.ZCE,2016-07-08,3128.230311767886,3128.230311767886,3128.230311767886,3128.230311767886,3128.230311767886,3128.230311767886,3128.230311767886,17.0,69190.0,331.0
RS.ZCE,RS2609.ZCE,2025-09-15,4265.0,4265.0,4265.0,4265.0,4265.0,4265.0,4265.0,0.0,0.0,0.0
RS.ZCE,RS2609.ZCE,2025-09-16,4265.0,4265.0,4265.0,4265.0,4265.0,4265.0,4265.0,0.0,0.0,0.0
RS.ZCE,RS2609.ZCE,2025-09-17,4265.0,4265.0,4265.0,4265.0,4265.0,4265.0,4265.0,0.0,0.0,0.0
RS.ZCE,RS2609.ZCE,2025-09-18,4265.0,4265.0,4265.0,4265.0,4265.0,4265.0,4265.0,0.0,0.0,0.0
RS.ZCE,RS2609.ZCE,2025-09-19,4265.0,4265.0,5601.0,5601.0,5571.0,5578.0,5578.0,8.0,44624.0,0.0
RS.ZCE,RS2609.ZCE,2025-09-22,5578.0,5578.0,5578.0,5578.0,5578.0,5578.0,5578.0,0.0,0.0,0.0
RS.ZCE,RS2609.ZCE,2025-09-23,5578.0,5578.0,5534.0,5584.0,5527.0,5557.0,5557.0,22.0,122254.0,0.0
RS.ZCE,RS2609.ZCE,2025-09-24,5557.0,5557.0,5519.0,5577.0,5519.0,5553.0,5553.0,22.0,122166.0,1.0
RS.ZCE,RS2609.ZCE,2025-09-25,5553.0,5553.0,5576.0,5579.0,5532.0,5555.0,5555.0,24.0,133320.0,2.0
RS.ZCE,RS2609.ZCE,2025-09-26,5555.0,5555.0,5575.0,5583.0,5534.0,5579.0,5579.0,34.0,189686.0,2.0
RS.ZCE,RS2609.ZCE,2025-09-29,5579.0,5579.0,5543.0,5583.0,5539.0,5565.0,5565.0,14.0,77910.0,2.0
RS.ZCE,RS2609.ZCE,2025-09-30,5565.0,5565.0,5587.0,5587.0,5535.0,5535.0,5535.0,2.0,11070.0,1.0
RS.ZCE,RS2609.ZCE,2025-10-09,5535.0,5535.0,5535.0,5535.0,5535.0,5535.0,5535.0,0.0,0.0,0.0
RS.ZCE,RS2609.ZCE,2025-10-10,5535.0,5535.0,5535.0,5535.0,5535.0,5535.0,5535.0,0.0,0.0,0.0
RS.ZCE,RS2609.ZCE,2025-10-13,5535.0,5535.0,5460.0,5466.0,5460.0,5466.0,5466.0,2.0,10932.0,0.0
RS.ZCE,RS2609.ZCE,2025-10-14,5466.0,5466.0,5468.0,5468.0,5452.0,5452.0,5452.0,2.0,10904.0,2.0
RS.ZCE,RS2609.ZCE,2025-10-15,5452.0,5452.0,5452.0,5452.0,5452.0,5452.0,5452.0,0.0,0.0,2.0
RS.ZCE,RS2609.ZCE,2025-10-16,5452.0,5452.0,5452.0,5452.0,5452.0,5452.0,5452.0,0.0,0.0,2.0
RS.ZCE,RS2609.ZCE,2025-10-17,5452.0,5452.0,5452.0,5452.0,5452.0,5452.0,5452.0,0.0,0.0,2.0
RS.ZCE,RS2609.ZCE,2025-10-20,5452.0,5452.0,5452.0,5452.0,5452.0,5452.0,5452.0,0.0,0.0,2.0
RS.ZCE,RS2609.ZCE,2025-10-21,5452.0,5452.0,5452.0,5452.0,5452.0,5452.0,5452.0,0.0,0.0,2.0
RS.ZCE,RS2609.ZCE,2025-10-22,5452.0,5452.0,5452.0,5452.0,5452.0,5452.0,5452.0,0.0,0.0,2.0
RS.ZCE,RS2609.ZCE,2025-10-23,5452.0,5452.0,5452.0,5452.0,5452.0,5452.0,5452.0,0.0,0.0,2.0
RS.ZCE,RS2609.ZCE,2025-10-24,5452.0,5452.0,5452.0,5452.0,5452.0,5452.0,5452.0,0.0,0.0,2.0
RS.ZCE,RS2609.ZCE,2025-10-27,5452.0,5452.0,5452.0,5452.0,5452.0,5452.0,5452.0,0.0,0.0,2.0
RS.ZCE,RS2609.ZCE,2025-10-28,5452.0,5452.0,5452.0,5452.0,5452.0,5452.0,5452.0,0.0,0.0,2.0
RS.ZCE,RS2609.ZCE,2025-10-29,5452.0,5452.0,5452.0,5452.0,5452.0,5452.0,5452.0,0.0,0.0,2.0
RS.ZCE,RS2609.ZCE,2025-10-30,5452.0,5452.0,5452.0,5452.0,5452.0,5452.0,5452.0,0.0,0.0,2.0
RS.ZCE,RS2609.ZCE,2025-10-31,5452.0,5452.0,5452.0,5452.0,5452.0,5452.0,5452.0,0.0,0.0,2.0
RS.ZCE,RS2609.ZCE,2025-11-03,5452.0,5452.0,5452.0,5452.0,5452.0,5452.0,5452.0,0.0,0.0,2.0
RS.ZCE,RS2609.ZCE,2025-11-04,5452.0,5452.0,5452.0,5452.0,5452.0,5452.0,5452.0,0.0,0.0,2.0
RS.ZCE,RS2609.ZCE,2025-11-05,5452.0,5452.0,5452.0,5452.0,5452.0,5452.0,5452.0,0.0,0.0,2.0
RS.ZCE,RS2609.ZCE,2025-11-06,5452.0,5452.0,5452.0,5452.0,5452.0,5452.0,5452.0,0.0,0.0,2.0
RS.ZCE,RS2609.ZCE,2025-11-07,5452.0,5452.0,5452.0,5452.0,5452.0,5452.0,5452.0,0.0,0.0,2.0
RS.ZCE,RS2609.ZCE,2025-11-10,5452.0,5452.0,5452.0,5452.0,5452.0,5452.0,5452.0,0.0,0.0,2.0
RS.ZCE,RS2609.ZCE,2025-11-11,5452.0,5452.0,5452.0,5452.0,5452.0,5452.0,5452.0,0.0,0.0,2.0
RS.ZCE,RS2609.ZCE,2025-11-12,5452.0,5452.0,5452.0,5452.0,5452.0,5452.0,5452.0,0.0,0.0,2.0
RS.ZCE,RS2609.ZCE,2025-11-13,5452.0,5452.0,5452.0,5452.0,5452.0,5452.0,5452.0,0.0,0.0,2.0
RS.ZCE,RS2609.ZCE,2025-11-14,5452.0,5452.0,5452.0,5452.0,5452.0,5452.0,5452.0,0.0,0.0,2.0
RS.ZCE,RS2609.ZCE,2025-11-17,5452.0,5452.0,5452.0,5452.0,5452.0,5452.0,5452.0,0.0,0.0,2.0
RS.ZCE,RS2609.ZCE,2025-11-18,5452.0,5452.0,5452.0,5452.0,5452.0,5452.0,5452.0,0.0,0.0,2.0
RS.ZCE,RS2609.ZCE,2025-11-19,5452.0,5452.0,5452.0,5452.0,5452.0,5452.0,5452.0,0.0,0.0,2.0
RS.ZCE,RS2609.ZCE,2025-11-20,5452.0,5452.0,5452.0,5452.0,5452.0,5452.0,5452.0,0.0,0.0,2.0
RS.ZCE,RS2609.ZCE,2025-11-21,5452.0,5452.0,5392.0,5530.0,5392.0,5450.0,5450.0,24.0,130800.0,2.0
RS.ZCE,RS2609.ZCE,2025-11-24,5450.0,5450.0,5450.0,5450.0,5450.0,5450.0,5450.0,0.0,0.0,10.0
RS.ZCE,RS2609.ZCE,2025-11-25,5450.0,5450.0,5470.0,5470.0,5390.0,5442.0,5442.0,7.0,38094.0,10.0
RS.ZCE,RS2609.ZCE,2025-11-26,5442.0,5442.0,5442.0,5442.0,5442.0,5442.0,5442.0,0.0,0.0,8.0
RS.ZCE,RS2609.ZCE,2025-11-27,5442.0,5442.0,5392.0,5420.0,5392.0,5392.0,5392.0,3.0,16176.0,8.0
RS.ZCE,RS2609.ZCE,2025-11-28,5392.0,5392.0,5392.0,5392.0,5392.0,5392.0,5392.0,0.0,0.0,8.0
RS.ZCE,RS2609.ZCE,2025-12-01,5392.0,5392.0,5384.0,5460.0,5384.0,5405.0,5405.0,4.0,21620.0,8.0
RS.ZCE,RS2609.ZCE,2025-12-02,5405.0,5405.0,5405.0,5405.0,5405.0,5405.0,5405.0,0.0,0.0,9.0
RS.ZCE,RS2609.ZCE,2025-12-03,5405.0,5405.0,5530.0,5576.0,5420.0,5420.0,5420.0,14.0,75880.0,9.0
RS.ZCE,RS2609.ZCE,2025-12-04,5420.0,5420.0,5420.0,5420.0,5420.0,5420.0,5420.0,0.0,0.0,2.0
RS.ZCE,RS2609.ZCE,2025-12-05,5420.0,5420.0,5420.0,5420.0,5420.0,5420.0,5420.0,0.0,0.0,2.0
RS.ZCE,RS2609.ZCE,2025-12-08,5420.0,5420.0,5420.0,5420.0,5420.0,5420.0,5420.0,0.0,0.0,2.0
RS.ZCE,RS2609.ZCE,2025-12-09,5420.0,5420.0,5420.0,5420.0,5420.0,5420.0,5420.0,0.0,0.0,2.0
RS.ZCE,RS2609.ZCE,2025-12-10,5420.0,5420.0,5420.0,5420.0,5420.0,5420.0,5420.0,0.0,0.0,2.0
RS.ZCE,RS2609.ZCE,2025-12-11,5420.0,5420.0,5300.0,5580.0,5300.0,5392.0,5392.0,6.0,32352.0,2.0
RS.ZCE,RS2609.ZCE,2025-12-12,5392.0,5392.0,5520.0,5520.0,5437.0,5450.0,5450.0,5.0,27250.0,4.0
RS.ZCE,RS2609.ZCE,2025-12-15,5450.0,5450.0,5450.0,5450.0,5450.0,5450.0,5450.0,0.0,0.0,5.0
RS.ZCE,RS2609.ZCE,2025-12-16,5450.0,5450.0,5458.0,5458.0,5458.0,5458.0,5458.0,2.0,10916.0,5.0
RS.ZCE,RS2609.ZCE,2025-12-17,5458.0,5458.0,5458.0,5458.0,5458.0,5458.0,5458.0,0.0,0.0,3.0
RS.ZCE,RS2609.ZCE,2025-12-18,5458.0,5458.0,5458.0,5458.0,5458.0,5458.0,5458.0,0.0,0.0,3.0
RS.ZCE,RS2609.ZCE,2025-12-19,5458.0,5458.0,5458.0,5458.0,5458.0,5458.0,5458.0,0.0,0.0,3.0
RS.ZCE,RS2609.ZCE,2025-12-22,5458.0,5458.0,5458.0,5458.0,5458.0,5458.0,5458.0,0.0,0.0,3.0
RS.ZCE,RS2609.ZCE,2025-12-23,5458.0,5458.0,5388.0,5388.0,5388.0,5388.0,5388.0,2.0,10776.0,3.0
RS.ZCE,RS2609.ZCE,2025-12-24,5388.0,5388.0,5388.0,5388.0,5388.0,5388.0,5388.0,0.0,0.0,4.0
RS.ZCE,RS2609.ZCE,2025-12-25,5388.0,5388.0,5388.0,5388.0,5388.0,5388.0,5388.0,0.0,0.0,4.0
RS.ZCE,RS2609.ZCE,2025-12-26,5388.0,5388.0,5500.0,5500.0,5380.0,5479.0,5479.0,4.0,21916.0,4.0
RS.ZCE,RS2609.ZCE,2025-12-29,5479.0,5479.0,5415.0,5460.0,5338.0,5338.0,5338.0,6.0,32028.0,4.0
RS.ZCE,RS2609.ZCE,2025-12-30,5338.0,5338.0,5359.0,5434.0,5331.0,5352.0,5352.0,15.0,80280.0,7.0
RS.ZCE,RS2609.ZCE,2025-12-31,5352.0,5352.0,5400.0,5400.0,5298.0,5298.0,5298.0,13.0,68874.0,7.0
RS.ZCE,RS2609.ZCE,2026-01-05,5298.0,5298.0,5291.0,5380.0,5290.0,5332.0,5332.0,8.0,42656.0,10.0
RS.ZCE,RS2609.ZCE,2026-01-06,5332.0,5332.0,5418.0,5448.0,5418.0,5448.0,5448.0,5.0,27240.0,10.0
RS.ZCE,RS2609.ZCE,2026-01-07,5448.0,5448.0,5333.0,5453.0,5333.0,5449.0,5449.0,20.0,108980.0,8.0
RS.ZCE,RS2609.ZCE,2026-01-08,5449.0,5449.0,5430.0,5430.0,5430.0,5430.0,5430.0,1.0,5430.0,6.0
RS.ZCE,RS2609.ZCE,2026-01-09,5430.0,5430.0,5517.0,5517.0,5517.0,5517.0,5517.0,1.0,5517.0,5.0
RS.ZCE,RS2609.ZCE,2026-01-12,5517.0,5517.0,5530.0,5530.0,5350.0,5447.0,5447.0,17.0,92599.0,5.0
RS.ZCE,RS2609.ZCE,2026-01-13,5447.0,5447.0,5408.0,5483.0,5270.0,5483.0,5483.0,36.0,197388.0,3.0
RS.ZCE,RS2609.ZCE,2026-01-14,5483.0,5483.0,5390.0,5519.0,5390.0,5483.0,5483.0,6.0,32898.0,6.0
RS.ZCE,RS2609.ZCE,2026-01-15,5483.0,5483.0,5620.0,5620.0,5461.0,5526.0,5526.0,6.0,33156.0,3.0
RS.ZCE,RS2609.ZCE,2026-01-16,5526.0,5526.0,5496.0,5559.0,5485.0,5520.0,5520.0,6.0,33120.0,3.0
RS.ZCE,RS2609.ZCE,2026-01-19,5520.0,5520.0,5451.0,5559.0,5451.0,5463.0,5463.0,10.0,54630.0,2.0
RS.ZCE,RS2609.ZCE,2026-01-20,5463.0,5463.0,5462.0,5544.0,5462.0,5544.0,5544.0,7.0,38808.0,3.0
RS.ZCE,RS2609.ZCE,2026-01-21,5544.0,5544.0,5507.0,5576.0,5507.0,5534.0,5534.0,9.0,49806.0,2.0
RS.ZCE,RS2609.ZCE,2026-01-22,5534.0,5534.0,5503.0,5537.0,5503.0,5537.0,5537.0,2.0,11074.0,1.0
RS.ZCE,RS2609.ZCE,2026-01-23,5537.0,5537.0,5537.0,5537.0,5537.0,5537.0,5537.0,0.0,0.0,1.0
RS.ZCE,RS2609.ZCE,2026-01-26,5537.0,5537.0,5476.0,5610.0,5462.0,5480.0,5480.0,30.0,164400.0,1.0
RS.ZCE,RS2609.ZCE,2026-01-27,5480.0,5480.0,5509.0,5560.0,5479.0,5560.0,5560.0,6.0,33360.0,7.0
RS.ZCE,RS2609.ZCE,2026-01-28,5560.0,5560.0,5480.0,5776.0,5480.0,5776.0,5776.0,18.0,103968.0,4.0
RS.ZCE,RS2609.ZCE,2026-01-29,5776.0,5776.0,5670.0,5900.0,5670.0,5900.0,5900.0,16.0,94400.0,17.0
RS.ZCE,RS2609.ZCE,2026-01-30,5900.0,5900.0,5901.0,6135.0,5858.0,6076.0,6076.0,321.0,1950396.0,21.0
RS.ZCE,RS2609.ZCE,2026-02-02,6076.0,6076.0,6053.0,6070.0,5936.0,5975.0,5975.0,171.0,1021725.0,70.0
RS.ZCE,RS2609.ZCE,2026-02-03,5975.0,5975.0,6043.0,6169.0,5981.0,6007.0,6007.0,76.0,456532.0,79.0
RS.ZCE,RS2609.ZCE,2026-02-04,6007.0,6007.0,6026.0,6029.0,5911.0,5990.0,5990.0,76.0,455240.0,77.0
RS.ZCE,RS2609.ZCE,2026-02-05,5990.0,5990.0,6005.0,6005.0,5735.0,5806.0,5806.0,56.0,325136.0,69.0
RS.ZCE,RS2609.ZCE,2026-02-06,5806.0,5806.0,5806.0,5806.0,5558.0,5607.0,5607.0,87.0,487809.0,47.0
RS.ZCE,RS2609.ZCE,2026-02-09,5607.0,5607.0,5532.0,5532.0,5425.0,5486.0,5486.0,39.0,213954.0,42.0
RS.ZCE,RS2609.ZCE,2026-02-10,5486.0,5486.0,5483.0,5680.0,5447.0,5562.0,5562.0,116.0,645192.0,41.0
RS.ZCE,RS2609.ZCE,2026-02-11,5562.0,5562.0,5540.0,5639.0,5539.0,5567.0,5567.0,62.0,345154.0,23.0
RS.ZCE,RS2609.ZCE,2026-02-12,5567.0,5567.0,5513.0,5565.0,5513.0,5552.0,5552.0,30.0,166560.0,21.0
RS.ZCE,RS2609.ZCE,2026-02-13,5552.0,5552.0,5535.0,5535.0,5482.0,5506.0,5506.0,9.0,49554.0,17.0
RS.ZCE,RS2609.ZCE,2026-02-24,5506.0,5506.0,5519.0,5590.0,5519.0,5520.0,5520.0,5.0,27600.0,17.0
RS.ZCE,RS2609.ZCE,2026-02-25,5520.0,5520.0,5581.0,5630.0,5534.0,5600.0,5600.0,28.0,156800.0,18.0
RS.ZCE,RS2609.ZCE,2026-02-26,5600.0,5600.0,5645.0,5795.0,5566.0,5795.0,5795.0,73.0,423035.0,18.0
RS.ZCE,RS2609.ZCE,2026-02-27,5795.0,5795.0,5760.0,5970.0,5730.0,5891.0,5891.0,318.0,1873338.0,28.0
RS.ZCE,RS2609.ZCE,2026-03-02,5891.0,5891.0,6005.0,6015.0,5886.0,5918.0,5918.0,88.0,520784.0,54.0
RS.ZCE,RS2609.ZCE,2026-03-03,5918.0,5918.0,5920.0,6019.0,5771.0,5839.0,5839.0,96.0,560544.0,42.0
RS.ZCE,RS2609.ZCE,2026-03-04,5839.0,5839.0,5843.0,5868.0,5761.0,5829.0,5829.0,31.0,180699.0,27.0
RS.ZCE,RS2609.ZCE,2026-03-05,5829.0,5829.0,5790.0,5840.0,5752.0,5840.0,5840.0,27.0,157680.0,26.0
RS.ZCE,RS2609.ZCE,2026-03-06,5840.0,5840.0,5833.0,5890.0,5762.0,5834.0,5834.0,37.0,215858.0,24.0
RS.ZCE,RS2609.ZCE,2026-03-09,5834.0,5834.0,5905.0,6437.0,5838.0,6056.0,6056.0,836.0,5062816.0,26.0
RS.ZCE,RS2609.ZCE,2026-03-10,6056.0,6056.0,5940.0,6020.0,5890.0,5981.0,5981.0,110.0,657910.0,86.0
RS.ZCE,RS2609.ZCE,2026-03-11,5981.0,5981.0,5980.0,6060.0,5932.0,6049.0,6049.0,100.0,604900.0,72.0
RS.ZCE,RS2609.ZCE,2026-03-12,6049.0,6049.0,6060.0,6268.0,6060.0,6199.0,6199.0,197.0,1221203.0,72.0
RS.ZCE,RS2609.ZCE,2026-03-13,6199.0,6199.0,6172.0,6257.0,6070.0,6117.0,6117.0,142.0,868614.0,91.0
RS.ZCE,RS2609.ZCE,2026-03-16,6117.0,6117.0,6100.0,6189.0,6030.0,6103.0,6103.0,72.0,439416.0,82.0
RS.ZCE,RS2609.ZCE,2026-03-17,6103.0,6103.0,6031.0,6031.0,5888.0,5900.0,5900.0,151.0,890900.0,75.0
RS.ZCE,RS2609.ZCE,2026-03-18,5900.0,5900.0,5717.0,5949.0,5681.0,5778.0,5778.0,108.0,624024.0,74.0
RS.ZCE,RS2609.ZCE,2026-03-19,5778.0,5778.0,5800.0,5869.0,5740.0,5852.0,5852.0,47.0,275044.0,78.0
RS.ZCE,RS2609.ZCE,2026-03-20,5852.0,5852.0,5832.0,5832.0,5731.0,5819.0,5819.0,40.0,232760.0,65.0
RS.ZCE,RS2609.ZCE,2026-03-23,5819.0,5819.0,5819.0,6092.0,5819.0,5898.0,5898.0,194.0,1144212.0,69.0
RS.ZCE,RS2609.ZCE,2026-03-24,5898.0,5898.0,5935.0,5948.0,5812.0,5925.0,5925.0,46.0,272550.0,76.0
RS.ZCE,RS2609.ZCE,2026-03-25,5925.0,5925.0,5892.0,5892.0,5702.0,5751.0,5751.0,42.0,241542.0,75.0
RS.ZCE,RS2609.ZCE,2026-03-26,5751.0,5751.0,5825.0,5862.0,5772.0,5849.0,5849.0,39.0,228111.0,75.0
RS.ZCE,RS2609.ZCE,2026-03-27,5849.0,5849.0,5839.0,5840.0,5816.0,5823.0,5823.0,21.0,122283.0,79.0
RS.ZCE,RS2609.ZCE,2026-03-30,5823.0,5823.0,5836.0,5836.0,5766.0,5799.0,5799.0,12.0,69588.0,75.0
RS.ZCE,RS2609.ZCE,2026-03-31,5799.0,5799.0,5752.0,5798.0,5720.0,5763.0,5763.0,29.0,167127.0,74.0
RS.ZCE,RS2609.ZCE,2026-04-01,5763.0,5763.0,5767.0,5809.0,5705.0,5712.0,5712.0,32.0,182784.0,68.0
RS.ZCE,RS2609.ZCE,2026-04-02,5712.0,5712.0,5713.0,5719.0,5602.0,5696.0,5696.0,52.0,296192.0,64.0
RS.ZCE,RS2609.ZCE,2026-04-03,5696.0,5696.0,5676.0,5701.0,5591.0,5610.0,5610.0,27.0,151470.0,67.0
RS.ZCE,RS2609.ZCE,2026-04-07,5610.0,5610.0,5511.0,5574.0,5201.0,5470.0,5470.0,461.0,2521670.0,62.0
RS.ZCE,RS2609.ZCE,2026-04-08,5470.0,5470.0,5465.0,5599.0,5436.0,5560.0,5560.0,166.0,922960.0,55.0
RS.ZCE,RS2609.ZCE,2026-04-09,5560.0,5560.0,5535.0,5813.0,5532.0,5750.0,5750.0,212.0,1219000.0,60.0
RS.ZCE,RS2609.ZCE,2026-04-10,5750.0,5750.0,5720.0,5799.0,5632.0,5687.0,5687.0,114.0,648318.0,72.0
RS.ZCE,RS2609.ZCE,2026-04-13,5687.0,5687.0,5676.0,5829.0,5676.0,5691.0,5691.0,124.0,705684.0,75.0
RS.ZCE,RS2609.ZCE,2026-04-14,5691.0,5691.0,5682.0,5705.0,5463.0,5666.0,5666.0,226.0,1280516.0,77.0
RS.ZCE,RS2609.ZCE,2026-04-15,5666.0,5666.0,5633.0,5920.0,5601.0,5736.0,5736.0,206.0,1181616.0,79.0
RS.ZCE,RS2609.ZCE,2026-04-16,5736.0,5736.0,5742.0,5795.0,5742.0,5771.0,5771.0,52.0,300092.0,68.0
RS.ZCE,RS2609.ZCE,2026-04-17,5771.0,5771.0,5760.0,5900.0,5758.0,5794.0,5794.0,152.0,880688.0,69.0
RS.ZCE,RS2609.ZCE,2026-04-19,5794.0,5794.0,5835.0,5835.0,5739.0,5739.0,5739.0,66.0,378774.0,70.0
RS.ZCE,RS2609.ZCE,2026-04-20,5794.0,5794.0,5835.0,5835.0,5739.0,5739.0,5739.0,66.0,378774.0,70.0
RS.ZCE,RS2609.ZCE,2026-04-21,5739.0,5739.0,5700.0,5940.0,5700.0,5907.0,5907.0,186.0,1098702.0,62.0
RS.ZCE,RS2609.ZCE,2026-04-22,5907.0,5907.0,5874.0,5976.0,5874.0,5958.0,5958.0,162.0,965196.0,76.0
RS.ZCE,RS2609.ZCE,2026-04-23,5958.0,5958.0,5934.0,5947.0,5821.0,5902.0,5902.0,80.0,472160.0,84.0
RS.ZCE,RS2609.ZCE,2026-04-24,5902.0,5902.0,5922.0,5950.0,5860.0,5876.0,5876.0,50.0,293800.0,71.0
RS.ZCE,RS2609.ZCE,2026-04-26,5876.0,5876.0,5928.0,5928.0,5828.0,5863.0,5863.0,42.0,246246.0,67.0
RS.ZCE,RS2609.ZCE,2026-04-27,5876.0,5876.0,5928.0,5928.0,5828.0,5863.0,5863.0,42.0,246246.0,67.0
RS.ZCE,RS2609.ZCE,2026-04-28,5863.0,5863.0,5820.0,5890.0,5820.0,5836.0,5836.0,58.0,338488.0,64.0
RS.ZCE,RS2609.ZCE,2026-04-29,5836.0,5836.0,5826.0,5890.0,5826.0,5831.0,5831.0,50.0,291550.0,58.0
RS.ZCE,RS2609.ZCE,2026-04-30,5831.0,5831.0,5865.0,5944.0,5865.0,5924.0,5924.0,51.0,302124.0,59.0
RS.ZCE,RS2609.ZCE,2026-05-06,5924.0,5924.0,5913.0,5938.0,5901.0,5906.0,5906.0,29.0,171274.0,61.0
RS.ZCE,RS2609.ZCE,2026-05-07,5906.0,5906.0,5903.0,5939.0,5782.0,5791.0,5791.0,88.0,509608.0,63.0
RS.ZCE,RS2609.ZCE,2026-05-08,5791.0,5791.0,5760.0,5829.0,5732.0,5806.0,5806.0,44.0,255464.0,51.0
RS.ZCE,RS2609.ZCE,2026-05-11,5806.0,5806.0,5829.0,5894.0,5724.0,5728.0,5728.0,72.0,412416.0,53.0
RS.ZCE,RS2609.ZCE,2026-05-12,5728.0,5728.0,5715.0,5809.0,5710.0,5801.0,5801.0,51.0,295851.0,50.0
RS.ZCE,RS2609.ZCE,2026-05-13,5801.0,5801.0,5802.0,5816.0,5761.0,5778.0,5778.0,28.0,161784.0,46.0
RS.ZCE,RS2609.ZCE,2026-05-14,5778.0,5778.0,5779.0,5779.0,5645.0,5688.0,5688.0,18.0,102384.0,44.0
RS.ZCE,RS2609.ZCE,2026-05-15,5688.0,5688.0,5672.0,5719.0,5601.0,5610.0,5610.0,42.0,235620.0,45.0
RS.ZCE,RS2609.ZCE,2026-05-18,5610.0,5610.0,5654.0,5689.0,5561.0,5663.0,5663.0,30.0,169890.0,43.0
RS.ZCE,RS2609.ZCE,2026-05-19,5663.0,5663.0,5639.0,5718.0,5593.0,5695.0,5695.0,38.0,216410.0,39.0
RS.ZCE,RS2609.ZCE,2026-05-20,5695.0,5695.0,5641.0,5757.0,5641.0,5716.0,5716.0,48.0,274368.0,40.0
RS.ZCE,RS2609.ZCE,2026-05-21,5716.0,5716.0,5744.0,5790.0,5715.0,5745.0,5744.0,32.0,183840.0,41.0
